S.NO,NAME,BRANCH,DEPT,CLUSTER,CRT SEC,CRT ROOM,REGD.NO,09:20-10:10,10:10-11:00,11:10-12:00,12:00-12:50,01:50-02:40,02:40-03:40,03:50-04:30,04:30-5:30
1,JOGI VINAY KUMAR,ECE,ECE,C2,IS205,C008,2300040011,P,P,P,P,P,P,P,P
2,VANTIPALLIVINAY,ECE,ECE,C2,IS205,C008,2300040031,P,P,P,P,P,P,P,P
3,REVALLA HARSHAVARDHAN,ECE,ECE,C2,IS205,C008,2300040041,P,P,P,P,P,P,P,P
4,MADDUKURI CHAITANYA LOKESH,ECE,ECE,C2,IS205,C008,2300040047,P,P,P,P,P,P,P,P
5,SREEVIDYA HARI,ECE,ECE,C2,IS205,C008,2300040053,P,P,P,P,P,P,P,P
6,PALAKURTHI YASWANTH VEERA PAVAN,ECE,ECE,C2,IS205,C008,2300040054,P,P,P,P,P,P,P,P
7,THOTA BALAJI NAGA MARUTHI SAI KRISHNA,ECE,ECE,C2,IS205,C008,2300040065,P,P,P,P,P,P,P,P
8,KALISETTY SHANMUKHA JYOTHI PRIYA,ECE,ECE,C2,IS205,C008,2300040069,P,P,P,P,P,P,P,P
9,R JYOTHEESWAR RAJ,ECE,ECE,C2,IS205,C008,2300040081,P,P,P,P,P,P,P,P
10,HRUSHIKESH PARIMI,ECE,ECE,C2,IS205,C008,2300040088,P,P,P,P,P,P,P,P
11,BARINELA SUJAN,ECE,ECE,C2,IS205,C008,2300040092,P,P,P,P,P,P,P,P
12,BATTA KANTIRAVA ABHIRAM NARAYANAMURTHY,ECE,ECE,C2,IS205,C008,2300040097,P,P,P,P,P,P,P,P
13,GANDIKOTA LAKSHMI MOHAN,ECE,ECE,C2,IS205,C008,2300040098,P,P,P,P,P,P,P,P
14,PASUPULETI GIRISH BABU,ECE,ECE,C2,IS205,C008,2300040110,P,P,P,P,P,P,P,P
15,NADAKUDURU KARTHIKEYA,ECE,ECE,C2,IS205,C008,2300040154,P,P,P,P,P,P,P,P
16,NARAHARISETTY GEETHIKA,ECE,ECE,C2,IS205,C008,2300040172,P,P,P,P,P,P,P,P
17,KOUSHIK REDDY CHIDURALA,ECE,ECE,C2,IS205,C008,2300040183,P,P,P,P,P,P,P,P
18,PEDDINTI MAHESH,ECE,ECE,C2,IS205,C008,2300040186,P,P,P,P,P,P,P,P
19,JONNALA RISHITHA REDDY,ECE,ECE,C2,IS205,C008,2300040188,P,P,P,P,P,P,P,P
20,SHAIK MANSOOR,ECE,ECE,C2,IS205,C008,2300040190,P,P,P,P,P,P,P,P
21,HUSSAIN SHAIK,ECE,ECE,C2,IS205,C008,2300040192,P,P,P,P,P,P,P,P
22,SUNA YASASWINI,ECE,ECE,C2,IS205,C008,2300040193,P,P,P,P,P,P,P,P
23,SK.NAGEENABEE,ECE,ECE,C2,IS205,C008,2300040208,P,P,P,P,P,P,P,P
24,JALLIPALLE S R S S VARA PRASAD,ECE,ECE,C2,IS205,C008,2300040213,P,P,P,P,P,P,P,P
25,BARNALA REVANTH KUMAR,ECE,ECE,C2,IS205,C008,2300040214,A,A,A,A,A,A,A,A
26,PRAVALLIKA NAGA SRI,ECE,ECE,C2,IS205,C008,2300040222,P,P,P,P,P,P,P,P
27,CHEKURI S S R ADITYA VARMA,ECE,ECE,C2,IS205,C008,2300040247,P,P,P,P,P,P,P,P
28,REGU VAMSI BALA DURGA SIVATEJA,ECE,ECE,C2,IS205,C008,2300040254,P,P,P,P,P,P,P,P
29,PUTCHAKAYALA VENKATA SIDDHARTHA,ECE,ECE,C2,IS205,C008,2300040256,P,P,P,P,P,P,P,P
30,MAKINEEDI SATYA SANDEEP,ECE,ECE,C2,IS205,C008,2300040270,A,A,A,A,A,A,A,A
31,SURA VENKATA CHARAN SAI,ECE,ECE,C2,IS205,C008,2300040271,P,P,P,P,P,P,P,P
32,SOMIREDDI INDRANI,ECE,ECE,C2,IS205,C008,2300040292,P,P,P,P,P,P,P,P
33,ALA JASWANTH REDDY,ECE,ECE,C2,IS205,C008,2300040301,P,P,P,P,P,P,P,P
34,ADITHYAKOLLALA,ECE,ECE,C2,IS205,C008,2300040303,A,A,A,A,A,A,A,A
35,ROHITH INTURI,ECE,ECE,C2,IS205,C008,2300040312,P,P,P,P,P,P,P,P
36,PASUMARTHI VENKATA MANIKANTA SAIRAM,ECE,ECE,C2,IS205,C008,2300040315,P,P,P,P,P,P,P,P
37,MANDALANENI BALA MURALI KRISHNA,ECE,ECE,C2,IS205,C008,2300040320,P,P,P,P,P,P,P,P
38,ARIBOLU SRIRAM GANESH PARDHU,ECE,ECE,C2,IS205,C008,2300040325,P,P,P,P,P,P,P,P
39,LAKIDI SAI DEEPAK,ECE,ECE,C2,IS205,C008,2300040369,P,P,P,P,P,P,P,P
40,CHENIKALA VASU,ECE,ECE,C2,IS205,C008,2300040376,P,P,P,P,P,P,P,P
41,ANNAPAREDDY VISHNU VARDHAN REDDY,ECE,ECE,C2,IS205,C008,2300040396,P,P,P,P,P,P,P,P
42,KARTHIK KANOLLA,ECE,ECE,C2,IS205,C008,2300040412,P,P,P,P,P,P,P,P
43,RAMYA,ECE,ECE,C2,IS205,C008,2300040425,P,P,P,P,P,P,P,P
44,PAILOPALLI PURUSHOTHAM,ECE,ECE,C2,IS205,C008,2300040426,P,P,P,P,P,P,P,P
45,MANUKONDA PARDHIV,ECE,ECE,C2,IS205,C008,2300040429,P,P,P,P,P,P,P,P
46,LANKE UMESH,ECE,ECE,C2,IS205,C008,2300040454,P,P,P,P,P,P,P,P
47,AVINASH BATTULA,ECE,ECE,C2,IS205,C008,2300049008,P,P,P,P,P,P,P,P
48,KOLLA VIGNESH,ECE,ECE,C2,IS205,C008,2300049015,P,P,P,P,P,P,P,P
49,CHILAKALAPUDI VENKATA DURGARAO,ECE,ECE,C2,IS205,C008,2300049023,A,A,A,A,A,A,A,A
50,PRAVIN KUMAR TAMMISETTY,ECE,ECE,C2,IS205,C008,2300049028,P,P,P,P,P,P,P,P
51,S.KESAVA KALI,ECE,ECE,C2,IS205,C008,2300049032,P,P,P,P,P,P,P,P
52,RAVIKUMAR,ECE,ECE,C2,IS205,C008,2300049035,P,P,P,P,P,P,P,P
53,PAVAN KUMAR KOPPU,ECE,ECE,C2,IS205,C008,2300049040,P,P,P,P,P,P,P,P
54,SHAIK SAJEETH SHAREEF,ECE,ECE,C2,IS205,C008,2300049047,P,P,P,P,P,P,P,P
55,RIMMANAPUDI DHANUSH SRI SAI,ECE,ECE,C2,IS205,C008,2300049050,P,P,P,P,P,P,P,P
56,RELLA GAYATRI,ECE,ECE,C2,IS205,C008,2300049060,A,A,A,A,A,A,A,A
57,MUDRABOYINA VENKATA NAGA PRAVEEN KUMAR,ECE,ECE,C2,IS205,C008,2300049061,P,P,P,P,P,P,P,P
58,MULAGALA SESHA RAGHAVA SRIKANTH,ECE,ECE,C2,IS205,C008,2300049066,P,P,P,P,P,P,P,P
59,KOWTHARAPU VENKATA HEMANTH KUMAR,ECE,ECE,C2,IS205,C008,2300049067,P,P,P,P,P,P,P,P
60,PATHA NAGA NIKHILA TEJASWI,ECE,ECE,C2,IS205,C008,2300049069,P,P,P,P,P,P,P,P
61,MASIMUKKU PARDHASARDHI,ECE,ECE,C2,IS205,C008,2300049071,P,P,P,P,P,P,P,P
62,VEERELLI ROSHITH REDDY,ECE,ECE,C2,IS205,C008,2300049072,P,P,P,P,P,P,P,P
63,PAILA VIVEKVARDHAN,ECE,ECE,C2,IS205,C008,2300049074,P,P,P,P,P,P,P,P
64,MUKKU SRIKHARI,ECE,ECE,C2,IS205,C008,2300049081,P,P,P,P,P,P,P,P
65,KAJA SAI CHARAN,ECE,ECE,C2,IS205,C008,2300049092,P,P,P,P,P,P,P,P
66,CHARUGULLA. BABY SRIVIDYA,ECE,ECE,C2,IS205,C008,2300049102,P,P,P,P,P,P,P,P
67,PATAN USMAN,ECE,ECE,C2,IS205,C008,2300049114,P,P,P,P,P,P,P,P
68,DEVARAKONDA GUNA SEKHAR,ECE,ECE,C2,IS205,C008,2300049125,P,P,P,P,P,P,P,P
69,CHITIKELA MANOJ KUMAR,ECE,ECE,C2,IS205,C008,2300049135,P,P,P,P,P,P,P,P
70,PILLAMONIKA,ECE,ECE,C2,IS205,C008,2300049147,A,A,A,A,A,A,A,A
71,KATTA VEERA VENKATA SATYA GUNA VARDHAN,ECE,ECE,C2,IS205,C008,2300049163,P,P,P,P,P,P,P,P
72,PALAPATI VENU,ECE,ECE,C2,IS205,C008,2300049179,P,P,P,P,P,P,P,P
73,KONDREDDY BHARGAVI,ECE,ECE,C2,IS205,C008,2300049191,P,P,P,P,P,P,P,P
74,DUDALA SRI SATYA SAI VISHNU MUKESH,ECE,ECE,C2,IS205,C008,2300049195,A,A,A,A,A,A,A,A
75,NOMULA ABHILASH,ECE,ECE,C2,IS205,C008,2300049207,P,P,P,P,P,P,P,P
76,SANA.UDAYBHASKAR,ECE,ECE,C2,IS205,C008,2300049218,P,P,P,P,P,P,P,P
77,MOHITH SAI AYODHYA,ECE,ECE,C2,IS205,C008,2300040120,P,P,P,P,P,P,P,P
78,ARSHA.ALURI,ECE,ECE,C2,IS205,C008,2300040388,P,P,P,P,P,P,P,P
79,GODUGULA NAGA SATYA SAI DINESH,ECE,ECE,C2,IS205,C008,2300049222,P,P,P,P,P,P,P,P
1,ROSHINIACHANTA,CSE,CSE4,C2,IS206,C009,2300030010,P,P,P,P,P,P,P,P
2,CHANDANAM MANASWINI,CSE,CSE4,C2,IS206,C009,2300030114,P,P,A,A,A,A,P,P
3,ERLE CHANDRA HARSHA,CSE,CSE4,C2,IS206,C009,2300030182,P,P,P,P,P,P,P,P
4,MADINENI KAVYA SRI,CSE,CSE4,C2,IS206,C009,2300030395,P,P,P,P,P,P,P,P
5,LAKSHMI NEDIGANTI,CSE,CSE4,C2,IS206,C009,2300030458,P,P,P,P,P,P,P,P
6,TANUJA PALLAPU,CSE,CSE4,C2,IS206,C009,2300030501,P,P,P,P,P,P,P,P
7,PULUGUTHA SAKETH,CSE,CSE4,C2,IS206,C009,2300030561,P,P,P,P,A,A,P,P
8,SYED MOHIDDIN,CSE,CSE4,C2,IS206,C009,2300030660,P,P,P,P,P,P,P,P
9,BHUMA HANEESH,CSE,CSE4,C2,IS206,C009,2300030784,P,P,P,P,P,P,P,P
10,KOMMALAPATI SIVESH,CSE,CSE4,C2,IS206,C009,2300030863,A,A,A,A,P,P,P,P
11,VEGESNA PRAVEEN VARMA,CSE,CSE4,C2,IS206,C009,2300030900,P,P,P,P,P,P,P,P
12,NAGA MOUNIKA VALIVETI,CSE,CSE4,C2,IS206,C009,2300030913,P,P,P,P,P,P,P,P
13,KEESARA GANESH KUMAR REDDY,CSE,CSE4,C2,IS206,C009,2300030997,P,P,P,P,P,P,P,P
14,TAMATAMA HEMANTH SAI SRINIVAS,CSE,CSE4,C2,IS206,C009,2300031125,P,P,P,P,P,P,P,P
15,VISHNU PAVAN CHAITANYA TELLAKULA,CSE,CSE4,C2,IS206,C009,2300031164,P,P,P,P,P,P,P,P
16,EEDALA LAHARI NAGA ANJANI SRIDEVI,CSE,CSE4,C2,IS206,C009,2300031171,P,P,P,P,P,P,P,P
17,ADDAGARLA VARSHITH SRIKAR,CSE,CSE4,C2,IS206,C009,2300031250,A,A,P,P,P,P,P,P
18,BOJJA SAI ROHIT,CSE,CSE4,C2,IS206,C009,2300031271,P,P,P,P,P,P,P,P
19,NAGA MANOHAR REDDY PERAM,CSE,CSE4,C2,IS206,C009,2300031295,P,P,P,P,P,P,P,P
20,KASU KARTHIKEYA REDDY,CSE,CSE4,C2,IS206,C009,2300031468,P,P,P,P,P,P,P,P
21,BHARATH CHEPURI,CSE,CSE4,C2,IS206,C009,2300031558,P,P,P,P,P,P,P,P
22,SOMU NITHIN REDDY,CSE,CSE4,C2,IS206,C009,2300031626,P,P,P,P,P,P,P,P
23,VEGESNA PRANAV VARMA,CSE,CSE4,C2,IS206,C009,2300031796,P,P,P,P,P,P,P,P
24,DAMMA SHANTHAN REDDY,CSE,CSE4,C2,IS206,C009,2300031835,A,A,A,A,A,A,A,A
25,YUGANDHAR AVVARU,CSE,CSE4,C2,IS206,C009,2300031862,P,P,P,P,P,P,P,P
26,KATAKAM DAKSHIT,CSE,CSE4,C2,IS206,C009,2300031865,P,P,P,P,P,P,P,P
27,ADAPA SRI NAG NAIDU,CSE,CSE4,C2,IS206,C009,2300031929,P,P,P,P,P,P,P,P
28,MOHAMMED ZUHAYR MOHIDDIN,CSE,CSE4,C2,IS206,C009,2300031936,P,P,P,P,P,P,P,P
29,MOHAMMAD KHAZA MOHIDDIN,CSE,CSE4,C2,IS206,C009,2300031958,P,P,P,P,P,P,P,P
30,BALAJI GAJULA,CSE,CSE4,C2,IS206,C009,2300032004,P,P,P,P,A,A,A,A
31,POLINA LAASYA PRIYA,CSE,CSE4,C2,IS206,C009,2300032010,P,P,P,P,P,P,P,P
32,VANKA PAVAN KRISHNA,CSE,CSE4,C2,IS206,C009,2300032057,P,P,P,P,P,P,P,P
33,MANDAVACHARANSAI,CSE,CSE4,C2,IS206,C009,2300032065,A,A,A,A,A,A,A,A
34,A. VIJAY RAM GOPAL,CSE,CSE4,C2,IS206,C009,2300032069,P,P,P,P,P,P,P,P
35,RAKESHNALLAMOTHU,CSE,CSE4,C2,IS206,C009,2300032071,P,P,P,P,P,P,P,P
36,K.KOMAL,CSE,CSE4,C2,IS206,C009,2300032073,P,P,P,P,P,P,P,P
37,THRISHASRI TALLURI,CSE,CSE4,C2,IS206,C009,2300032131,P,P,P,P,P,P,P,P
38,MAMIDI AKSHAYA,CSE,CSE4,C2,IS206,C009,2300032133,P,P,A,A,P,P,P,P
39,BANDI VENU,CSE,CSE4,C2,IS206,C009,2300032200,P,P,P,P,P,P,P,P
40,CHAKALIABHINAY,CSE,CSE4,C2,IS206,C009,2300032229,P,P,P,P,P,P,P,P
41,GATTUPALLI VENKATA MANI SAI ROHITH,CSE,CSE4,C2,IS206,C009,2300032323,P,P,P,P,A,A,A,A
42,MOHAMMAD NAVEDA MUSKAN,CSE,CSE4,C2,IS206,C009,2300032352,A,A,A,A,A,A,A,A
43,G.BHARGAVA SAI PRAKASH,CSE,CSE4,C2,IS206,C009,2300032363,P,P,P,P,P,P,P,P
44,CHERUKUMALLI TEJESH SAI,CSE,CSE4,C2,IS206,C009,2300032514,P,P,P,P,P,P,P,P
45,JYOTHIRDHAR AATUKURU,CSE,CSE4,C2,IS206,C009,2300032641,P,P,P,P,P,P,P,P
46,MAGANOOR JAYASREE,CSE,CSE4,C2,IS206,C009,2300032677,P,P,P,P,P,P,P,P
47,KODI JNANESWARI,CSE,CSE4,C2,IS206,C009,2300032736,P,P,P,P,P,P,P,P
48,KAVALA SAI VENKATA SURYANARAYANA,CSE,CSE4,C2,IS206,C009,2300032770,P,P,P,P,P,P,P,P
49,KONDREDDY SUJITH HARSHA VARDHAN REDDY,CSE,CSE4,C2,IS206,C009,2300033009,A,A,A,A,A,A,A,A
50,M.S.S.L.TEJENDRA,CSE,CSE4,C2,IS206,C009,2300033061,P,P,P,P,P,P,P,P
51,CHERUVU YASHWANTH KUMAR,CSE,CSE4,C2,IS206,C009,2300033124,P,P,P,P,P,P,P,P
52,SRUTHI SRI,CSE,CSE4,C2,IS206,C009,2300033179,P,P,P,P,P,P,P,P
53,MANCHIKALAPUDI DIVYESH,CSE,CSE4,C2,IS206,C009,2300033201,P,P,P,P,P,P,A,A
54,TONDAPU JASWANTH REDDY,CSE,CSE4,C2,IS206,C009,2300033211,P,P,P,P,A,A,A,A
55,PONNA KOUSHIK SAI,CSE,CSE4,C2,IS206,C009,2300033366,P,P,P,P,P,P,P,P
56,ELAGANDULA SATHWIK,CSE,CSE4,C2,IS206,C009,2300033380,P,P,P,P,P,P,P,P
57,BALAJI VADLAMUDI,CSE,CSE4,C2,IS206,C009,2300033381,P,P,P,P,P,P,P,P
58,VADAPELLI NARESH,CSE,CSE4,C2,IS206,C009,2300033388,P,P,P,P,P,P,A,A
59,GONE ASHISH RAO,CSE,CSE4,C2,IS206,C009,2300033449,P,P,P,P,P,P,P,P
60,BALLA MANIDEEP,CSE,CSE4,C2,IS206,C009,2300033490,P,P,P,P,P,P,P,P
61,BANDREDDY GOPIKA DEVI,CSE,CSE4,C2,IS206,C009,2300033587,P,P,P,P,P,P,A,A
62,GELLA SAI RAKESH,CSE,CSE4,C2,IS206,C009,2300033604,P,P,P,P,P,P,A,A
63,DATLA SAI HARSHA VARDHAN RAJU,CSE,CSE4,C2,IS206,C009,2300033673,P,P,P,P,P,P,P,P
64,ROHIT YALAMANCHILI,CSE,CSE4,C2,IS206,C009,2300033714,P,P,P,P,P,P,P,P
65,BONDAPALLI DINESH,CSE,CSE4,C2,IS206,C009,2300033826,P,P,P,P,P,P,P,P
66,THOTA RUPESH,CSE,CSE4,C2,IS206,C009,2300033894,P,P,P,P,P,P,P,P
67,UDAY SANKAR KARNATI,CSE,CSE4,C2,IS206,C009,2300033909,P,P,P,P,P,P,P,P
68,MUTHYALA UMA MAHESWARA RAO,CSE,CSE4,C2,IS206,C009,2300030961,P,P,P,P,P,P,P,P
69,INAMPUDI MRUDULA,CSE,CSE4,C2,IS206,C009,2300031701,P,P,P,P,P,P,P,P
70,PATHAN AZIZULLA KHAN,CSE,CSE4,C2,IS206,C009,2300032678,A,A,A,A,A,A,A,A
71,KUKKAPALLI AMRUTHA,CSE,CSE4,C2,IS206,C009,2300033336,P,P,P,P,P,P,P,P
72,GOWTHAM GUNTUKU,CSE,CSE4,C2,IS206,C009,2300033702,P,P,P,P,P,P,P,P
73,GAJJALA LAKSHMI SAHITHI,CSE,CSE4,C2,IS206,C009,2300030917,A,A,A,A,P,P,P,P
1,CHIRUMAMILLA JASWANTH SAI CHOWDARY,ECE,ECE,C2,IS212,C011,2300040071,P,P,P,P,P,P,P,P
2,NAMRATHA ATMAKURI,ECE,ECE,C2,IS212,C011,2300040148,P,P,P,P,P,P,P,P
3,NARAHARISETTY PRIYANKA,ECE,ECE,C2,IS212,C011,2300040176,P,P,P,P,P,P,P,P
4,BHANU TEJA BHEEMAVARAM,ECE,ECE,C2,IS212,C011,2300040449,A,A,A,A,A,A,A,A
5,PALLAGANI PRAVEEN KUMAR,ECE,ECE,C2,IS212,C011,2300049088,P,P,P,P,P,P,P,P
6,K.SAIDURGAVIVEK,ECE,ECE,C2,IS212,C011,2300049181,P,P,P,P,P,P,P,P
7,PALLAPATI SUDHARSHAN,ECE,ECE,C2,IS212,C011,2300049225,P,P,P,P,P,P,P,P
8,THOTTEMPUDI HAARYA,EEE,EEE,C2,IS212,C011,2300060001,P,P,A,A,P,P,P,P
9,SANKULA SUDEEKSHA,EEE,EEE,C2,IS212,C011,2300060020,P,P,P,P,P,P,P,P
10,MALLA PRASHANTH,EEE,EEE,C2,IS212,C011,2300069002,P,P,P,P,P,P,P,P
11,MEKA GANESH,EEE,EEE,C2,IS212,C011,2300069005,P,P,P,P,P,P,P,P
12,P.HEMANTH KUMAR,EEE,EEE,C2,IS212,C011,2300069006,P,P,P,P,P,P,P,P
13,REDDY PHANEENDRA,EEE,EEE,C2,IS212,C011,2300069007,P,P,P,P,P,P,P,P
14,R.HARSHA VARDHAN CHOWDARY,EEE,EEE,C2,IS212,C011,2300069008,P,P,P,P,P,P,P,P
15,GATTEM VENKATESH,EEE,EEE,C2,IS212,C011,2300069010,P,P,P,P,P,P,P,P
16,K.ABHISHEK,EEE,EEE,C2,IS212,C011,2300069011,P,P,P,P,P,P,A,A
17,MAKKELLA MANGA,EEE,EEE,C2,IS212,C011,2300069012,P,P,P,P,P,P,P,P
18,THIPPALURI MANIDEEP REDDY,EEE,EEE,C2,IS212,C011,2300069014,P,P,P,P,P,P,P,P
19,P SAI VIVEK,EEE,EEE,C2,IS212,C011,2300069015,P,P,P,P,P,P,P,P
20,VANGARA YASWANTH SAI,EEE,EEE,C2,IS212,C011,2300069018,P,P,P,P,P,P,P,P
21,LOMADA PREM SANTHOSH KUMAR,EEE,EEE,C2,IS212,C011,2300069019,A,A,A,A,A,A,A,A
22,CHAKALI CHINNA NARASIMHUDU,EEE,EEE,C2,IS212,C011,2300069020,A,A,A,A,A,A,A,A
23,JUPALLI INDU,EEE,EEE,C2,IS212,C011,2300069021,P,P,P,P,P,P,P,P
24,TERLI SAI MANIKANTA ROHITH,EEE,EEE,C2,IS212,C011,2300069025,P,P,P,P,P,P,P,P
25,ATHMAKURI PAVAN KALYAN,EEE,EEE,C2,IS212,C011,2300069026,P,P,A,A,A,A,A,A
26,MOHAMMAD MOBIN,EEE,EEE,C2,IS212,C011,2300069028,P,P,P,P,P,P,P,P
27,KANURI DHANUSH,EEE,EEE,C2,IS212,C011,2300069030,P,P,P,P,P,P,P,P
28,DANDU JAYA SURYA VARMA,EEE,EEE,C2,IS212,C011,2300069031,P,P,P,P,P,P,P,P
29,JADDU SATYA SURESH,EEE,EEE,C2,IS212,C011,2300069033,P,P,P,P,P,P,P,P
30,CHEJARLA MOUNIKA,EEE,EEE,C2,IS212,C011,2300069035,P,P,P,P,P,P,P,P
31,MALLURI SAI RAGHU,EEE,EEE,C2,IS212,C011,2300069038,P,P,P,P,P,P,P,P
32,DEVAVARAPU AJAYKUMAR,EEE,EEE,C2,IS212,C011,2300069039,P,P,P,P,P,P,P,P
33,JIRAYITHI MOHAMMAD GOUSE,EEE,EEE,C2,IS212,C011,2300069041,P,P,P,P,A,A,P,P
34,SHIVARATHRI MANIKANTA,EEE,EEE,C2,IS212,C011,2300069043,P,P,P,P,P,P,P,P
35,TOTAMALLA CHARAN,EEE,EEE,C2,IS212,C011,2300069044,P,P,P,P,P,P,P,P
36,MUNTHA SATHISH,EEE,EEE,C2,IS212,C011,2300069049,P,P,P,P,P,P,P,P
37,PAGGILA BHARATH KUMAR,EEE,EEE,C2,IS212,C011,2300069053,P,P,P,P,P,P,P,P
38,KALLURI.VEERA SWAMI,EEE,EEE,C2,IS212,C011,2300069054,P,P,P,P,P,P,P,P
39,SHAIK MOHAMMAD IMRAN ALI,EEE,EEE,C2,IS212,C011,2300069059,P,P,P,P,A,A,P,P
40,D KALYAN VENKAT,MECH,MECH,C2,IS212,C011,2300070001,P,P,P,P,P,P,P,P
41,MALIPEDDI SAI SIVA LALITH,MECH,MECH,C2,IS212,C011,2300070002,P,P,P,P,P,P,P,P
42,PASALAPUDI VEEERA VENKATA RAVI KISHORE,MECH,MECH,C2,IS212,C011,2300070004,P,P,P,P,P,P,P,P
43,PENUPOTHULA VEERA MANIKANTA,MECH,MECH,C2,IS212,C011,2300070008,P,P,P,P,P,P,P,P
44,SALADI KUMAR GANESH,MECH,MECH,C2,IS212,C011,2300070019,P,P,P,P,P,P,P,P
45,M ROHITH,MECH,MECH,C2,IS212,C011,2300070021,P,P,P,P,P,P,P,P
46,DEEVI SRINIVASA GOWTHAM,MECH,MECH,C2,IS212,C011,2300079007,P,P,P,P,P,P,P,P
47,GORAVA RAMALINGA,MECH,MECH,C2,IS212,C011,2300079013,P,P,P,P,P,P,P,P
48,CH ARAVIND,MECH,MECH,C2,IS212,C011,2300079021,P,P,P,P,P,P,P,P
49,S.JAGADEESH SAI KUMAR,MECH,MECH,C2,IS212,C011,2300079026,P,P,P,P,P,P,P,P
50,VENKATA SAI NEERAJ MALLARPU,IOT,IOT,C2,IS212,C011,2300100018,P,P,P,P,P,P,P,P
51,HEMANTH KOLAGANI,IOT,IOT,C2,IS212,C011,2300100020,P,P,P,P,P,P,P,P
52,HARSHA .V,IOT,IOT,C2,IS212,C011,2300100021,P,P,P,P,P,P,P,P
53,JAYANTH MEDURI,IOT,IOT,C2,IS212,C011,2300100025,P,P,P,P,P,P,P,P
54,VENIGALLA SHANMUK SRINIVAS,IOT,IOT,C2,IS212,C011,2300100027,P,P,P,P,P,P,P,P
55,SHAIK SANA,IOT,IOT,C2,IS212,C011,2300100030,A,A,A,A,A,A,A,A
56,KESARI SHARANYA REDDY,IOT,IOT,C2,IS212,C011,2300100033,P,P,P,P,P,P,P,P
57,MAGANTI TEJASWINI,IOT,IOT,C2,IS212,C011,2300100041,P,P,P,P,A,A,A,A
58,GHADGE ABHIJITH,IOT,IOT,C2,IS212,C011,2300100042,P,P,P,P,P,P,P,P
59,POPURI HARSHINI,IOT,IOT,C2,IS212,C011,2300100043,P,P,P,P,P,P,P,P
60,SREE SATHVIK GADDE,IOT,IOT,C2,IS212,C011,2300100059,P,P,P,P,P,P,P,P
61,MALLAVARAPU HARINI,IOT,IOT,C2,IS212,C011,2300100063,P,P,P,P,P,P,P,P
62,ANDHE CHINNA KONDAIAHGARI SATHISH,EEE,EEE,C2,IS212,C011,2300060031,P,P,P,P,P,P,P,P
63,THANGALLAPALLI ARUNKUMAR,EEE,EEE,C2,IS212,C011,2300069045,P,P,P,P,P,P,P,P
64,PIKILENKA SHASHI KIRAN,EEE,EEE,C2,IS212,C011,2300069046,P,P,P,P,P,P,P,P
65,ARAVAPALLI VINEESH SAI,IOT,IOT,C2,IS212,C011,2300100010,P,P,A,A,P,P,P,P
66,MADASU.DILEEP NAIDU,EEE,EEE,C2,IS212,C011,2300069027,P,P,P,P,P,P,P,P
1,SULAKE SRIKANTH,AIDS,AIDS,C1,IS103,C108,2300080038,P,P,P,P,P,P,P,P
2,VELISETTY HARSHINI,AIDS,AIDS,C1,IS103,C108,2300080049,P,P,P,P,P,P,P,P
3,LOHITH REDDY PONAKA,AIDS,AIDS,C1,IS103,C108,2300080096,P,P,P,P,P,P,P,P
4,BHAVANAM LIKHITHA,AIDS,AIDS,C1,IS103,C108,2300080109,P,P,P,P,P,P,P,P
5,TALLAPANENI SRI DHRUTI,AIDS,AIDS,C1,IS103,C108,2300080121,P,P,P,P,P,P,P,P
6,VEMPATI VENKATA NAGA DURGA KRISHNA SUDARSAN,AIDS,AIDS,C1,IS103,C108,2300080127,P,P,P,P,P,P,P,P
7,POTHARLANKA SESAANK,AIDS,AIDS,C1,IS103,C108,2300080153,P,P,P,P,A,A,P,P
8,AMMIKA LOKESH,AIDS,AIDS,C1,IS103,C108,2300080160,P,P,P,P,P,P,P,P
9,SYED ALMAS ALI,AIDS,AIDS,C1,IS103,C108,2300080161,P,P,P,P,P,P,P,P
10,JANAPATI VAMSI KRISHNA,AIDS,AIDS,C1,IS103,C108,2300080170,P,P,P,P,P,P,P,P
11,TEJA TARUN SRINIVAS KARRI,AIDS,AIDS,C1,IS103,C108,2300080229,P,P,P,P,P,P,P,P
12,ACHYUTHA SAI LAKSHMI,AIDS,AIDS,C1,IS103,C108,2300080269,P,P,P,P,A,A,A,A
13,CH.VASU DEVA REDDY,AIDS,AIDS,C1,IS103,C108,2300080270,P,P,P,P,P,P,P,P
14,MANASA SOWMYA,AIDS,AIDS,C1,IS103,C108,2300080282,P,P,P,P,P,P,P,P
15,GUTTA SAI PHANINDRA,AIDS,AIDS,C1,IS103,C108,2300080300,P,P,P,P,P,P,P,P
16,PILLI SAI PRASANTH,AIDS,AIDS,C1,IS103,C108,2300080305,P,P,P,P,P,P,P,P
17,KONDURU SAII RAAM,AIDS,AIDS,C1,IS103,C108,2300080317,A,A,P,P,P,P,P,P
18,TALAKOLA BHAVANA,AIDS,AIDS,C1,IS103,C108,2300080321,P,P,P,P,P,P,P,P
19,EPURI SWATHI,AIDS,AIDS,C1,IS103,C108,2300080344,P,P,P,P,P,P,P,P
20,MAHESH KANDUKURI,AIDS,AIDS,C1,IS103,C108,2300080347,A,A,P,P,P,P,P,P
21,UDAY CHARAN RADA,AIDS,AIDS,C1,IS103,C108,2300080360,P,P,P,P,P,P,P,P
22,KOUSAR SULTANA,AIDS,AIDS,C1,IS103,C108,2300080369,P,P,P,P,P,P,P,P
23,L N A K GURU CHARAN,AIDS,AIDS,C1,IS103,C108,2300080378,P,P,P,P,P,P,P,P
24,DAMMU TEJASWI,AIDS,AIDS,C1,IS103,C108,2300080410,P,P,P,P,P,P,P,P
25,PALURI YESWANTH NAGA RAMA ABHISHEK,AIDS,AIDS,C1,IS103,C108,2300080417,A,A,A,A,A,A,A,A
26,ANAND KRISHNA,AIDS,AIDS,C1,IS103,C108,2300089008,P,P,P,P,P,P,P,P
27,MUHAMMAD YUNUS,AIDS,AIDS,C1,IS103,C108,2300089015,P,P,P,P,P,P,P,P
28,SHAIK YOUHUL,AIDS,AIDS,C1,IS103,C108,2300089023,P,P,P,P,P,P,P,P
29,VURA VENKATA SIVA NAGA SAI KARTHIKEYA,AIDS,AIDS,C1,IS103,C108,2300089026,A,A,A,A,A,A,A,A
30,MIDUTHURU RAJA KULLAYAPPA,AIDS,AIDS,C1,IS103,C108,2300089042,P,P,P,P,P,P,P,P
31,DEEKSHITHA DWARAM,CSIT,CSIT,C1,IS103,C108,2300090014,P,P,P,P,P,P,P,P
32,K. NIKITHA,CSIT,CSIT,C1,IS103,C108,2300090019,P,P,P,P,P,P,P,P
33,KAMPANA.HARSHITHA DURGA,CSIT,CSIT,C1,IS103,C108,2300090021,P,P,P,P,P,P,P,P
34,K MANOJ,CSIT,CSIT,C1,IS103,C108,2300090048,P,P,P,P,P,P,P,P
35,S. ADITYA BALAVARDAN,CSIT,CSIT,C1,IS103,C108,2300090059,P,P,P,P,P,P,P,P
36,N S D K TRISHA BAI,CSIT,CSIT,C1,IS103,C108,2300090071,P,P,P,P,P,P,P,P
37,CHITTAJALLU HARSHA VARDHAN,CSIT,CSIT,C1,IS103,C108,2300090080,A,A,A,A,A,A,A,A
38,MANDAVILLI SUDHEER,CSIT,CSIT,C1,IS103,C108,2300090120,P,P,P,P,A,A,P,P
39,KAVURI SIVA NAGA KOWSHIK,CSIT,CSIT,C1,IS103,C108,2300090133,P,P,P,P,P,P,P,P
40,A SRIKANTH,CSIT,CSIT,C1,IS103,C108,2300090146,P,P,P,P,A,A,A,A
41,THOTA BHARGHAV,CSIT,CSIT,C1,IS103,C108,2300090152,P,P,P,P,P,P,P,P
42,SHAIK KHAJAVALI,CSIT,CSIT,C1,IS103,C108,2300090159,P,P,P,P,P,P,P,P
43,NAMUDURI SIVA SRIRAMA SARMA,CSIT,CSIT,C1,IS103,C108,2300090177,A,A,A,A,A,A,A,A
44,B BHARADWAJ SAI SUDHARSAN GANAPATHI,CSIT,CSIT,C1,IS103,C108,2300090203,P,P,P,P,P,P,P,P
45,KUMMETHA BHARATH KUMAR REDDY,CSIT,CSIT,C1,IS103,C108,2300090218,P,P,P,P,P,P,P,P
46,MULLAPUDI SAI RAMANA,CSIT,CSIT,C1,IS103,C108,2300090257,P,P,P,P,P,P,P,P
47,VIVEKNADH,CSIT,CSIT,C1,IS103,C108,2300090262,P,P,P,P,P,P,P,P
48,CHITTURI MANIKANTA,CSIT,CSIT,C1,IS103,C108,2300090269,P,P,P,P,P,P,P,P
49,JANGA SATHVIK REDDY,CSIT,CSIT,C1,IS103,C108,2300090309,P,P,P,P,P,P,P,P
50,T. DEVI GANESH,CSIT,CSIT,C1,IS103,C108,2300090319,P,P,P,P,P,P,P,P
51,KRANTHI KUMAR.M,CSIT,CSIT,C1,IS103,C108,2300090330,A,A,P,P,P,P,P,P
52,MIRIYALA ESWAR TEJ,CSIT,CSIT,C1,IS103,C108,2300090344,P,P,P,P,P,P,P,P
53,NIRBHAY KUMAR,CSIT,CSIT,C1,IS103,C108,2300090360,P,P,P,P,P,P,P,P
54,LANKADASU VEERA SWAMY,CSIT,CSIT,C1,IS103,C108,2300090370,A,A,A,A,A,A,A,A
55,ROHAN KUMAR,CSIT,CSIT,C1,IS103,C108,2300090374,P,P,P,P,P,P,P,P
56,SHAIK FAZRUN,AIDS,AIDS,C1,IS103,C108,2300089033,P,P,P,P,P,P,P,P
57,SASIDHAR REDDY T,CSIT,CSIT,C1,IS103,C108,2300090315,P,P,P,P,A,A,P,P
58,RUDRAPATI DINESH KARTHIK,AIDS,AIDS,C1,IS103,C108,2300080159,P,P,P,P,P,P,P,P
59,ANSHIKA KUMARI,AIDS,AIDS,C1,IS103,C108,2300080390,P,P,P,P,P,P,P,P
60,IDAGUTTULOKESH,AIDS,AIDS,C1,IS103,C108,2300089004,A,A,P,P,P,P,P,P
61,SATYA VAMSI ACHYUTHRAM SUNKAVALLI,CSIT,CSIT,C1,IS103,C108,2300090070,P,P,P,P,P,P,P,P
62,DADIRAO SAI RISHITHA,CSIT,CSIT,C1,IS103,C108,2300090258,P,P,P,P,P,P,P,P
63,PRAMITHASAI MALLADI,CSIT,CSIT,C1,IS103,C108,2300090268,P,P,P,P,P,P,P,P
64,SONU SURENDRA SAW,CSIT,CSIT,C1,IS103,C108,2300090328,P,P,P,P,P,P,P,P
65,KOPPINEEDI VEERA VENKATA SATYANARAYANA,CSIT,CSIT,C1,IS103,C108,2300090352,P,P,P,P,P,P,P,P
66,DINESH RAMAYANAM,CSIT,CSIT,C1,IS103,C108,2300090382,P,P,P,P,P,P,P,P
1,U.S.S.KARTHIKEYA,ECE,ECE,C1,IS104,C109,2300040061,P,P,P,P,P,P,P,P
2,MORTHA NAVADEEP LAKSHMI SAI RAJ KUMAR,ECE,ECE,C1,IS104,C109,2300040064,P,P,P,P,P,P,P,P
3,PODILA B RAMA SUBRAHMANYA VINAY KASYAP,ECE,ECE,C1,IS104,C109,2300040067,P,P,P,P,P,P,P,P
4,DHANUKONDA. S L NRUSIMHACHANDRASEKHAR,ECE,ECE,C1,IS104,C109,2300040082,P,P,P,P,P,P,P,P
5,PEDDISETTY KARTHIK,ECE,ECE,C1,IS104,C109,2300040094,P,P,P,P,P,P,P,P
6,MUTYALA SIVAKUMAR,ECE,ECE,C1,IS104,C109,2300040101,P,P,P,P,P,P,P,P
7,NIHARTEJA MUPPIDI,ECE,ECE,C1,IS104,C109,2300040122,P,P,P,P,P,P,P,P
8,D HARSHA VARDHAN,ECE,ECE,C1,IS104,C109,2300040128,P,P,P,P,P,P,P,P
9,GATTUPALLI HARI SANJAY KUMAR,ECE,ECE,C1,IS104,C109,2300040137,P,P,P,P,P,P,P,P
10,ABBURI MANJUSRI,ECE,ECE,C1,IS104,C109,2300040144,P,P,P,P,P,P,P,P
11,KOTA VENKATA SAI SRINIVAS,ECE,ECE,C1,IS104,C109,2300040149,P,P,P,P,P,P,P,P
12,GOPU SATHWIK,ECE,ECE,C1,IS104,C109,2300040162,P,P,P,P,P,P,P,P
13,NALLURI LAVANYA,ECE,ECE,C1,IS104,C109,2300040173,P,P,P,P,P,P,P,P
14,LALITHA NALLURI,ECE,ECE,C1,IS104,C109,2300040174,P,P,P,P,P,P,P,P
15,PASUPULA SUJITHA,ECE,ECE,C1,IS104,C109,2300040178,P,P,P,P,P,P,A,A
16,PADECHIHEMACHANDRASAI,ECE,ECE,C1,IS104,C109,2300040207,P,P,P,P,P,P,P,P
17,THOTA ESWAR,ECE,ECE,C1,IS104,C109,2300040226,P,P,P,P,P,P,P,P
18,KANDE JHANSI,ECE,ECE,C1,IS104,C109,2300040244,P,P,P,P,P,P,P,P
19,SAMPATHI SAMPATHI,ECE,ECE,C1,IS104,C109,2300040297,P,P,P,P,P,P,P,P
20,GATTEM HEMANTH,ECE,ECE,C1,IS104,C109,2300040309,A,A,A,A,A,A,A,A
21,K JAISREE,ECE,ECE,C1,IS104,C109,2300040313,P,P,P,P,P,P,P,P
22,ADUSUMALLI VENKATA SAI KOUSHIK CHOWDARY,ECE,ECE,C1,IS104,C109,2300040314,P,P,P,P,P,P,P,P
23,JASHWANTH BATTARUSETTY,ECE,ECE,C1,IS104,C109,2300040328,P,P,P,P,P,P,P,P
24,MANIKANTA SWAMY,ECE,ECE,C1,IS104,C109,2300040337,P,P,P,P,P,P,A,A
25,PANDARABOINA VENKATESH,ECE,ECE,C1,IS104,C109,2300040340,P,P,P,P,P,P,P,P
26,SRI RATNA HARSHA,ECE,ECE,C1,IS104,C109,2300040344,P,P,P,P,P,P,P,P
27,TRIPURAM VIGNESH REDDY,ECE,ECE,C1,IS104,C109,2300040345,P,P,P,P,P,P,P,P
28,TALARI MANASA,ECE,ECE,C1,IS104,C109,2300040384,P,P,P,P,P,P,A,A
29,RAKSHITHA DEVARAPALLI,ECE,ECE,C1,IS104,C109,2300040391,P,P,P,P,A,A,A,A
30,RAMISETTI NAGENDRA BABU,ECE,ECE,C1,IS104,C109,2300040448,P,P,P,P,P,P,P,P
31,MUDRAGADA VEERA JANAKIRAM,ECE,ECE,C1,IS104,C109,2300040459,P,P,P,P,P,P,P,P
32,ASWANTH BANDARU,ECE,ECE,C1,IS104,C109,2300049005,P,P,P,P,P,P,P,P
33,YANNAM PRAVEEN KUMAR REDDY,ECE,ECE,C1,IS104,C109,2300049012,P,P,P,P,P,P,P,P
34,KANAGALA BHARATH,ECE,ECE,C1,IS104,C109,2300049017,P,P,P,P,P,P,P,P
35,PANYAM NAGA MALLIKA,ECE,ECE,C1,IS104,C109,2300049025,P,P,P,P,P,P,P,P
36,KEDHARISETTY L V N RAJKUMAR,ECE,ECE,C1,IS104,C109,2300049029,P,P,P,P,P,P,P,P
37,KOTHAPALLI ROOPIKA,ECE,ECE,C1,IS104,C109,2300049031,P,P,P,P,P,P,P,P
38,VELAMANCHI LIKHITHA,ECE,ECE,C1,IS104,C109,2300049038,P,P,P,P,P,P,P,P
39,BHASKARA NANDINI,ECE,ECE,C1,IS104,C109,2300049041,P,P,P,P,P,P,P,P
40,VENKATA BHASKAR CHALLA,ECE,ECE,C1,IS104,C109,2300049057,P,P,P,P,P,P,P,P
41,POLURI RAMESH,ECE,ECE,C1,IS104,C109,2300049068,P,P,P,P,P,P,P,P
42,BALAGANI VINAY,ECE,ECE,C1,IS104,C109,2300049070,P,P,P,P,P,P,P,P
43,VADADA JHANSI,ECE,ECE,C1,IS104,C109,2300049090,P,P,P,P,P,P,P,P
44,JAVVADI RAJESWARI,ECE,ECE,C1,IS104,C109,2300049107,P,P,P,P,P,P,P,P
45,VENKATA CHENNA KESHAV,ECE,ECE,C1,IS104,C109,2300049116,A,A,A,A,A,A,A,A
46,MUKATHA NANDINI,ECE,ECE,C1,IS104,C109,2300049118,P,P,P,P,P,P,P,P
47,M.P.V.KRISHNA KUMAR,ECE,ECE,C1,IS104,C109,2300049119,P,P,P,P,P,P,P,P
48,SUMA TEJASRI SANAKA,ECE,ECE,C1,IS104,C109,2300049128,P,P,P,P,P,P,P,P
49,ANKIREDDY INDHU SREE,ECE,ECE,C1,IS104,C109,2300049139,P,P,P,P,P,P,P,P
50,VENKAT TIRUPATHIRAO CHEEPU,ECE,ECE,C1,IS104,C109,2300049145,P,P,P,P,P,P,P,P
51,CHENAMAREDDYGARI DINESWAR REDDY,ECE,ECE,C1,IS104,C109,2300049148,P,P,P,P,P,P,P,P
52,REDDY RAMAKRISHNA,ECE,ECE,C1,IS104,C109,2300049151,P,P,P,P,P,P,P,P
53,GANGULA JITENDRA BABU,ECE,ECE,C1,IS104,C109,2300049152,A,A,A,A,A,A,A,A
54,VEMA VASAVI VISWAJITHA,ECE,ECE,C1,IS104,C109,2300049155,P,P,P,P,P,P,P,P
55,SIMMA VENKATA RAMANA,ECE,ECE,C1,IS104,C109,2300049157,P,P,P,P,P,P,P,P
56,GANGOJI JAGADEESWAR,ECE,ECE,C1,IS104,C109,2300049158,P,P,P,P,P,P,P,P
57,GUDAVALLI ROCHISHA PRAJNA,ECE,ECE,C1,IS104,C109,2300049161,P,P,P,P,P,P,P,P
58,C.SATISH REDDY,ECE,ECE,C1,IS104,C109,2300049166,P,P,P,P,P,P,P,P
59,MANCHIMSETTI SYAMALA,ECE,ECE,C1,IS104,C109,2300049170,P,P,P,P,A,A,A,A
60,CHINTA SAI SATISH,ECE,ECE,C1,IS104,C109,2300049175,P,P,P,P,P,P,P,P
61,PRANAV M V R,ECE,ECE,C1,IS104,C109,2300049184,P,P,P,P,P,P,P,P
62,VALLAPU GOPI RAJU,ECE,ECE,C1,IS104,C109,2300049190,P,P,P,P,P,P,P,P
63,MOHAMMED NAZMA BEGUM,ECE,ECE,C1,IS104,C109,2300049197,P,P,P,P,P,P,P,P
64,SHAIK SAJEEDHA,ECE,ECE,C1,IS104,C109,2300049206,P,P,P,P,P,P,P,P
65,YELAGANI SAI SAI KRISHNA,ECE,ECE,C1,IS104,C109,2300049214,P,P,P,P,P,P,P,P
66,KAVURI SAHITHI,ECE,ECE,C1,IS104,C109,2300040180,P,P,P,P,A,A,A,A
67,RACHAPUDI DHARMENDRA KARTHIK,ECE,ECE,C1,IS104,C109,2300040409,P,P,P,P,P,P,P,P
68,AMARA SAI KOUSHIK,ECE,ECE,C1,IS104,C109,2300040360,A,A,P,P,P,P,P,P
69,IPPILI ANILKUMAR,ECE,ECE,C1,IS104,C109,2300040408,A,A,A,A,A,A,A,A
70,NIMMAKURI SUSHMA,ECE,ECE,C1,IS104,C109,2300049039,P,P,P,P,P,P,P,P
71,RAMAVATHU DURGA BHAVANI,ECE,ECE,C1,IS104,C109,2300049109,P,P,P,P,P,P,P,P
72,SANDHAKA SAI HARIKA,ECE,ECE,C1,IS104,C109,2300040181,P,P,P,P,P,P,P,P
73,UTLA SUMANTH,ECE,ECE,C1,IS104,C109,2300049137,P,P,P,P,P,P,P,P
74,KAMSANI YASHWANTH,ECE,ECE,C1,IS104,C109,2300049169,P,P,P,P,P,P,P,P
1,ARIGELA SAI SURYA,CSE,CSE1,C2,CGN21,C121,2300030045,P,P,P,P,P,P,P,P
2,VAIBHAV BATCHU,CSE,CSE1,C2,CGN21,C121,2300030074,P,P,P,P,P,P,P,P
3,BODDU PARDHA SARADHI,CSE,CSE1,C2,CGN21,C121,2300030087,P,P,P,P,P,P,P,P
4,BOLLIPALLI CHAKRITHA,CSE,CSE1,C2,CGN21,C121,2300030091,P,P,P,P,P,P,P,P
5,BOYINA DASARADHA SAI,CSE,CSE1,C2,CGN21,C121,2300030104,P,P,P,P,P,P,P,P
6,GADDAM NAVYASRI,CSE,CSE1,C2,CGN21,C121,2300030186,P,P,P,P,P,P,P,P
7,ANU GATTHAM,CSE,CSE1,C2,CGN21,C121,2300030204,P,P,P,P,P,P,P,P
8,GUDIPUDI SAI MANIKANTA,CSE,CSE1,C2,CGN21,C121,2300030229,P,P,P,P,P,P,P,P
9,JARAJAPU INDRA NEEL,CSE,CSE1,C2,CGN21,C121,2300030272,P,P,P,P,P,P,P,P
10,KARNA SAI PUJA,CSE,CSE1,C2,CGN21,C121,2300030307,P,P,P,P,P,P,P,P
11,KUDITHIRI BHARATH KUMAR,CSE,CSE1,C2,CGN21,C121,2300030365,P,P,P,P,P,P,P,P
12,MANTHENA V K BHAGYA SRI,CSE,CSE1,C2,CGN21,C121,2300030406,P,P,P,P,P,P,P,P
13,MOUNIKANJALI POPURI,CSE,CSE1,C2,CGN21,C121,2300030489,P,P,P,P,P,P,P,P
14,PARIMI SATHWIKA,CSE,CSE1,C2,CGN21,C121,2300030513,P,P,P,P,P,P,P,P
15,PINDIGANTI SRAVANTHI,CSE,CSE1,C2,CGN21,C121,2300030537,P,P,P,P,P,P,P,P
16,PURNAM UDAY KEERTHI,CSE,CSE1,C2,CGN21,C121,2300030562,P,P,P,P,P,P,P,P
17,RAMBA KARTHIK AJAY,CSE,HTR,C2,CGN21,C121,2300030575,P,P,P,P,P,P,P,P
18,SAAVUKAARI MEGHANADH,CSE,CSE1,C2,CGN21,C121,2300030591,P,P,P,P,P,P,P,P
19,DEEPTHI,CSE,HTR,C2,CGN21,C121,2300030649,P,P,P,P,P,P,P,P
20,TEJASWINI SADINENI,CSE,CSE1,C2,CGN21,C121,2300030672,P,P,P,P,P,P,P,P
21,SUBHASH VADAPARTHI,CSE,HTR,C2,CGN21,C121,2300030695,A,A,P,P,P,P,P,P
22,VAITLA HARSHITHA,CSE,CSE1,C2,CGN21,C121,2300030700,P,P,P,P,P,P,P,P
23,VENKATA SATYA SHANMUKHA VEERA,CSE,CSE1,C2,CGN21,C121,2300030726,P,P,P,P,P,P,P,P
24,VINJAMURI ABHIJNA,CSE,HTR,C2,CGN21,C121,2300030732,P,P,P,P,P,P,P,P
25,KESAVA SUSHANTH,CSE,HTR,C2,CGN21,C121,2300030795,P,P,P,P,P,P,P,P
26,KOKA SAI YASASWI,CSE,CSE1,C2,CGN21,C121,2300030809,P,P,P,P,P,P,P,P
27,GUDIPUDI RUTWIKA,CSE,CSE1,C2,CGN21,C121,2300030819,P,P,P,P,P,P,P,P
28,BANDREDDY HARSHITHA,CSE,CSE1,C2,CGN21,C121,2300030879,P,P,P,P,P,P,P,P
29,SHAIK MAHAMMAD ALTHAF,CSE,CSE1,C2,CGN21,C121,2300030899,P,P,P,P,P,P,P,P
30,GOKAVARAPUDIMPLEAKSHAYA,CSE,CSE1,C2,CGN21,C121,2300030991,P,P,P,P,P,P,P,P
31,KONDEPATI SHANMUKHA VIJAY,CSE,CSE1,C2,CGN21,C121,2300030999,P,P,P,P,P,P,P,P
32,RAAGA PRANEETHA VEERISETTY,CSE,CSE1,C2,CGN21,C121,2300031022,A,A,A,A,A,A,A,A
33,KARIBANDI LAKSHMI CHERISHMA,CSE,CSE1,C2,CGN21,C121,2300031036,P,P,P,P,P,P,P,P
34,SALADI.SRI ANJANA JYOTHIKA,CSE,CSE1,C2,CGN21,C121,2300031051,A,A,A,A,A,A,A,A
35,DOPPALAPUDI EPSITHA SAROJINI,CSE,CSE1,C2,CGN21,C121,2300031059,P,P,P,P,P,P,P,P
36,POTHIREDDY AKHIL KUMAR REDDY,CSE,CSE1,C2,CGN21,C121,2300031067,P,P,P,P,P,P,P,P
37,CHENNUPALLI LAKSHMI MEGHANA,CSE,CSE1,C2,CGN21,C121,2300031083,P,P,P,P,P,P,P,P
38,JALLEPALLI KRISHNA HARSHITHA,CSE,CSE1,C2,CGN21,C121,2300031091,P,P,P,P,P,P,P,P
39,MAMILLAPALLI LIKITHA CHOWDARY,CSE,CSE1,C2,CGN21,C121,2300031098,P,P,P,P,P,P,P,P
40,ABBABATHULA VENKATA NAVEEN KUMAR,CSE,CSE1,C2,CGN21,C121,2300031168,P,P,P,P,P,P,P,P
41,VENKATA NAGA SRAVYA SANKARAMANCHI,CSE,CSE1,C2,CGN21,C121,2300031178,P,P,P,P,P,P,P,P
42,VEMULAKONDA NAAGA DEDEEPYA VIRAAJITHA,CSE,CSE1,C2,CGN21,C121,2300031224,P,P,P,P,P,P,P,P
43,YENUGU KUMARI SATYA SRI SIVA PRASANNA,CSE,CSE1,C2,CGN21,C121,2300031225,P,P,P,P,P,P,P,P
44,VEMULAKONDA NAAGA DHANYA HIMA VINEESHA,CSE,CSE1,C2,CGN21,C121,2300031234,P,P,P,P,P,P,P,P
45,SAI VEEKSHA M,CSE,CSE1,C2,CGN21,C121,2300031322,P,P,P,P,P,P,P,P
46,MUNAGA RAMYA,CSE,CSE1,C2,CGN21,C121,2300031388,P,P,P,P,P,P,P,P
47,NIMMAGADDA VIHAS,CSE,HTR,C2,CGN21,C121,2300031452,P,P,P,P,P,P,P,P
48,MADALA ISHA SRI,CSE,CSE1,C2,CGN21,C121,2300031467,P,P,P,P,P,P,P,P
49,GARIKI V G MANEESH,CSE,HTR,C2,CGN21,C121,2300031481,P,P,P,P,P,P,P,P
50,VENNELASRI MIRIYALA,CSE,CSE1,C2,CGN21,C121,2300031526,P,P,P,P,P,P,P,P
51,MALLEMPUDI VENKATA PREETHI,CSE,CSE1,C2,CGN21,C121,2300031562,P,P,P,P,P,P,P,P
52,PUVVULA HARSHITHA,CSE,CSE1,C2,CGN21,C121,2300031564,P,P,P,P,P,P,P,P
53,PONDURI SVVS NAGA VINUTHNA,CSE,CSE1,C2,CGN21,C121,2300031576,P,P,P,P,P,P,P,P
54,BHUKYA NAGA LAVANYA,CSE,CSE1,C2,CGN21,C121,2300031641,P,P,P,P,P,P,P,P
55,CHERUKURI ASHA SRI VALLI,CSE,CSE1,C2,CGN21,C121,2300031665,P,P,P,P,P,P,P,P
56,PATHURI JAI RAM CHOWDARY,CSE,HTR,C2,CGN21,C121,2300031681,P,P,P,P,P,P,P,P
57,GUDIVADA VENKATA NAGA BHUVANA SRI RAM,CSE,CSE1,C2,CGN21,C121,2300031734,P,P,P,P,P,P,P,P
58,YAKKALA PAVITRA LATHA,CSE,CSE1,C2,CGN21,C121,2300031745,P,P,P,P,P,P,P,P
59,KOLLURU LIKITH KUMAR,CSE,HTR,C2,CGN21,C121,2300031752,P,P,P,P,P,P,P,P
60,MAKARLA SAI PRAVYA,CSE,CSE1,C2,CGN21,C121,2300031755,P,P,P,P,P,P,P,P
61,MANJULA ESWAR,CSE,CSE1,C2,CGN21,C121,2300031762,P,P,P,P,P,P,P,P
62,ATLURI MEGHANA,CSE,CSE1,C2,CGN21,C121,2300031791,P,P,P,P,P,P,P,P
63,KALAKOTI SOHITHA REDDY,CSE,CSE1,C2,CGN21,C121,2300031848,P,P,P,P,P,P,P,P
64,KAMBHAMPATI RESHA SRI DATTA,CSE,CSE1,C2,CGN21,C121,2300031850,P,P,P,P,P,P,P,P
65,GOLI GURU VENKATA SAI KUMAR,CSE,CSE1,C2,CGN21,C121,2300031864,P,P,P,P,P,P,P,P
66,ITHANABOINA GOPI,CSE,HTR,C2,CGN21,C121,2300031876,P,P,P,P,P,P,P,P
67,MIRIYAMNAVEEN,CSE,CSE1,C2,CGN21,C121,2300031882,P,P,P,P,P,P,P,P
68,ROOP SAI SATYA MURTHI CHITTI,CSE,CSE1,C2,CGN21,C121,2300031883,P,P,P,P,P,P,P,P
69,GHANTA PAVANI,CSE,CSE1,C2,CGN21,C121,2300031890,P,P,P,P,P,P,P,P
70,CHANDU SOWMYA,CSE,CSE1,C2,CGN21,C121,2300031901,P,P,P,P,P,P,P,P
71,PALLETI SASIDHAR,CSE,HTR,C2,CGN21,C121,2300031906,P,P,P,P,P,P,P,P
72,MEDAM AAKANKSHA REDDY,CSE,CSE1,C2,CGN21,C121,2300032116,P,P,P,P,P,P,P,P
73,DANTULURI MANVITHA,CSE,CSE1,C2,CGN21,C121,2300032118,P,P,P,P,P,P,P,P
74,MEDIKONDA BADHARI NARAYANA,CSE,HTR,C2,CGN21,C121,2300032125,P,P,P,P,P,P,P,P
75,YAKKALA SRI PUJITHA,CSE,CSE1,C2,CGN21,C121,2300032132,P,P,P,P,P,P,P,P
76,MADDI RAMYA SRI,CSE,CSE1,C2,CGN21,C121,2300032137,P,P,P,P,P,P,P,P
77,VASAMSETTI RUPESWARA SRI MANOJ,CSE,CSE1,C2,CGN21,C121,2300032268,P,P,P,P,P,P,P,P
78,VEERAIAH PAVITHRA,CSE,HTR,C2,CGN21,C121,2300032274,A,A,A,A,A,A,A,A
79,ELURI SRI VARDHINI,CSE,CSE1,C2,CGN21,C121,2300032290,P,P,P,P,P,P,P,P
80,TAMMA GUNAVARDHANA REDDY,CSE,CSE1,C2,CGN21,C121,2300032314,P,P,P,P,P,P,P,P
81,KANITHI PAVAN TEJA,CSE,CSE1,C2,CGN21,C121,2300032344,P,P,P,P,P,P,P,P
82,CHAGANTI EESWAR REDDY,CSE,CSE1,C2,CGN21,C121,2300032349,P,P,P,P,P,P,P,P
83,MOPURU ROSHINI,CSE,CSE1,C2,CGN21,C121,2300032405,P,P,P,P,P,P,P,P
84,MADDINENI PUSHYAMI KRISHNA,CSE,CSE1,C2,CGN21,C121,2300032434,P,P,P,P,P,P,P,P
85,MEHEK FATIMA SHAIK,CSE,CSE1,C2,CGN21,C121,2300032473,P,P,P,P,P,P,P,P
86,BHAVYA VARSHITHA. SURE,CSE,CSE1,C2,CGN21,C121,2300032507,P,P,P,P,P,P,P,P
87,ANNAPANENI D V SHIVANI SWAPNA,CSE,CSE1,C2,CGN21,C121,2300032580,P,P,P,P,P,P,P,P
88,GUBBALA MOHAN SRI NAGA SATYA SANDEEP,CSE,CSE1,C2,CGN21,C121,2300032624,P,P,P,P,P,P,P,P
89,GUNTUPALLI JYOTHIRMAYEE,CSE,CSE1,C2,CGN21,C121,2300032650,P,P,P,P,P,P,P,P
90,CHERUKURI YASASWINI,CSE,CSE1,C2,CGN21,C121,2300032663,P,P,P,P,P,P,P,P
91,ANNAPUREDDY JESWANTH REDDY,CSE,CSE1,C2,CGN21,C121,2300032665,P,P,P,P,P,P,P,P
92,MULAGALA DURGA PHANI SPANDANA,CSE,CSE1,C2,CGN21,C121,2300032724,P,P,P,P,P,P,P,P
93,GANGITLA MOUNIKA,CSE,CSE1,C2,CGN21,C121,2300032747,P,P,P,P,P,P,P,P
94,JYOTHI RAGA SRI YARLAGADDA,CSE,CSE1,C2,CGN21,C121,2300032759,P,P,P,P,P,P,P,P
95,TALLAPRAGADA N V AJAY SAI SRIPADA RAJESH,CSE,CSE1,C2,CGN21,C121,2300032763,P,P,P,P,P,P,P,P
96,BAYI VIVEKAVARDHAN,CSE,CSE1,C2,CGN21,C121,2300032884,P,P,P,P,P,P,P,P
97,YADLAPALLI MOUNISH,CSE,CSE1,C2,CGN21,C121,2300032885,P,P,A,A,P,P,P,P
98,YERRAMSETTI MOULI,CSE,CSE1,C2,CGN21,C121,2300032911,P,P,P,P,P,P,P,P
99,GADE NAGA CHETAN,CSE,CSE1,C2,CGN21,C121,2300032928,P,P,P,P,P,P,P,P
100,SAGINEEDU LOEHIT,CSE,CSE1,C2,CGN21,C121,2300032938,P,P,P,P,P,P,P,P
101,R CHAITANYA KRISHNA,CSE,CSE1,C2,CGN21,C121,2300033068,P,P,P,P,P,P,P,P
102,PUNNAMARAJU SAMPATH ANURAG,CSE,CSE1,C2,CGN21,C121,2300033081,P,P,P,P,P,P,P,P
103,CHENNAM SIVA NAGESH BABU,CSE,HTR,C2,CGN21,C121,2300033123,P,P,P,P,P,P,P,P
104,ARUMALLA JAYANTH REDDY,CSE,CSE1,C2,CGN21,C121,2300033175,P,P,P,P,P,P,P,P
105,MAMIDALA SARA DEEPIKA,CSE,CSE1,C2,CGN21,C121,2300033196,P,P,P,P,P,P,P,P
106,CHINTALAPUDI PRANEETH,CSE,CSE1,C2,CGN21,C121,2300033208,P,P,P,P,P,P,P,P
107,SUDULAGUNTA SARVAGNA,CSE,CSE1,C2,CGN21,C121,2300033295,P,P,P,P,P,P,P,P
108,DEVARAPALLI MYDHILI,CSE,CSE1,C2,CGN21,C121,2300033316,P,P,P,P,P,P,P,P
109,LOHITHA,CSE,CSE1,C2,CGN21,C121,2300033317,P,P,P,P,P,P,P,P
110,THAMMINENI PUJITHA,CSE,CSE1,C2,CGN21,C121,2300033349,P,P,P,P,P,P,P,P
111,SUNIDHI GUDAPATI,CSE,CSE1,C2,CGN21,C121,2300033452,P,P,P,P,P,P,P,P
112,CHAKKA MALVIKA,CSE,CSE1,C2,CGN21,C121,2300033468,P,P,P,P,P,P,P,P
113,MANTENA SRAVANI,CSE,CSE1,C2,CGN21,C121,2300033482,P,P,P,P,P,P,P,P
114,THOTA NIKHITHA,CSE,CSE1,C2,CGN21,C121,2300033484,P,P,P,P,P,P,P,P
115,B MANOJ KUMAR,CSE,CSE1,C2,CGN21,C121,2300033532,P,P,A,A,P,P,P,P
116,APPURUBOTHU PRAVALLIKA,CSE,CSE1,C2,CGN21,C121,2300033558,P,P,P,P,P,P,P,P
117,KATIKINA BHAVYA DEEPTHI,CSE,CSE1,C2,CGN21,C121,2300033621,P,P,P,P,P,P,P,P
118,SAVVY SALONI KOTNALA,CSE,CSE1,C2,CGN21,C121,2300033666,P,P,P,P,P,P,P,P
119,CHINNAMALLI REDDY GARI KEERTHANA REDDY,CSE,CSE1,C2,CGN21,C121,2300033874,P,P,P,P,P,P,P,P
120,SUSANT LANKA,ECE,HTR,C2,CGN21,C121,2300040387,P,P,P,P,P,P,P,P
121,NAINALA JANAKI SRINIVASA SAI,AIDS,HTR,C2,CGN21,C121,2300080276,P,P,P,P,P,P,P,P
122,BANDLA NAYANA LAKSHMI PRANAVA,CSIT,HTR,C2,CGN21,C121,2300090214,P,P,P,P,P,P,P,P
123,KURRA VENKATA SAI TEJITH,CSE,CSE1,C2,CGN21,C121,2300032441,P,P,P,P,P,P,P,P
124,MITTAPALLI MANIKANTA NAGA SAI LAITHA,CSE,CSE1,C2,CGN21,C121,2300032492,P,P,P,P,P,P,P,P
1,BALLA ANUSHA,CSE,CSE3,C2,IS207,C122,2300030066,P,P,P,P,P,P,P,P
2,CHALASANISAIROHITH,CSE,CSE3,C2,IS207,C122,2300030111,P,P,P,P,P,P,P,P
3,GAJULA SAI RAMYA SRI,CSE,CSE3,C2,IS207,C122,2300030193,P,P,P,P,P,P,P,P
4,NITHIN SAI,CSE,CSE3,C2,IS207,C122,2300030445,P,P,P,P,P,P,P,P
5,DHANA SRIRAM YALLA,CSE,CSE3,C2,IS207,C122,2300030742,P,P,P,P,P,P,P,P
6,YARASI JHANSI,CSE,CSE3,C2,IS207,C122,2300030747,P,P,P,P,P,P,P,P
7,YELGODU MOHAMMED ARIEF,CSE,CSE3,C2,IS207,C122,2300030757,P,P,P,P,P,P,P,P
8,PURANAM ANISH,CSE,CSE3,C2,IS207,C122,2300030781,P,P,P,P,P,P,P,P
9,KUNA SAI CHARVIK,CSE,CSE3,C2,IS207,C122,2300030822,P,P,P,P,P,P,P,P
10,SD KAMRAN AKMAL,CSE,CSE4,C2,IS207,C122,2300030835,P,P,P,P,P,P,P,P
11,KONKIMALLA SHANMUKHASAI,CSE,CSE3,C2,IS207,C122,2300030955,P,P,P,P,P,P,P,P
12,NIKHIL SRIRAJ,CSE,CSE3,C2,IS207,C122,2300031040,A,A,A,A,A,A,A,A
13,PATHURI SAI CHANDRA SEKHAR,CSE,CSE3,C2,IS207,C122,2300031049,A,A,A,A,A,A,A,A
14,PAVAN ADITYA SAI CHILAMAKURI,CSE,CSE3,C2,IS207,C122,2300031084,P,P,P,P,P,P,P,P
15,YELLAPRAGADA LAKSHMI PHANINDRA,CSE,CSE3,C2,IS207,C122,2300031127,P,P,P,P,P,P,P,P
16,MALEMPATI NUTHANA PRIYA HARSHINI,CSE,CSE3,C2,IS207,C122,2300031160,P,P,P,P,P,P,P,P
17,MOGARAMPALLI LAKSHMI SAI MYTHRI,CSE,CSE3,C2,IS207,C122,2300031162,A,A,A,A,A,A,A,A
18,VLSSS SHANMUKH,CSE,CSE3,C2,IS207,C122,2300031221,P,P,P,P,P,P,P,P
19,TULLURI VEERA VENKATA DEEPIKA CHOWDARY,CSE,CSE3,C2,IS207,C122,2300031233,P,P,P,P,P,P,P,P
20,ANNAPUREDDY SRAVYA,CSE,CSE3,C2,IS207,C122,2300031313,P,P,P,P,P,P,P,P
21,KAKARLAYESWANTHKUMAR,CSE,CSE3,C2,IS207,C122,2300031427,P,P,P,P,P,P,P,P
22,KADAMBALA MANOJ KUMAR,CSE,CSE3,C2,IS207,C122,2300031447,P,P,P,P,P,P,P,P
23,GEETHIKA,CSE,CSE3,C2,IS207,C122,2300031513,A,A,A,A,A,A,A,A
24,KATRAGADDA REETHI,CSE,CSE3,C2,IS207,C122,2300031534,P,P,P,P,P,P,P,P
25,AJEES SHAIK,CSE,CSE4,C2,IS207,C122,2300031583,P,P,P,P,P,P,P,P
26,VARSHAREDDY,CSE,CSE3,C2,IS207,C122,2300031596,P,P,P,P,P,P,P,P
27,VORUGANTI THANMAI,CSE,CSE3,C2,IS207,C122,2300031624,A,A,A,A,A,A,A,A
28,SHAIK MOHAMMED MAAAZ,CSE,CSE3,C2,IS207,C122,2300031718,P,P,P,P,P,P,P,P
29,KALIDINDI PUNEETH SRI VARMA,CSE,CSE3,C2,IS207,C122,2300031759,P,P,P,P,P,P,P,P
30,BONTHU YESWANTH,CSE,CSE4,C2,IS207,C122,2300031838,P,P,P,P,P,P,P,P
31,SYAM SUNDHAR,CSE,CSE3,C2,IS207,C122,2300031841,A,A,A,A,A,A,A,A
32,VISHNUVARDHAN RAJU S,CSE,CSE4,C2,IS207,C122,2300031845,P,P,P,P,P,P,P,P
33,DACHEPALLI BHAVA SATHWIKA,CSE,CSE3,C2,IS207,C122,2300031992,P,P,P,P,P,P,P,P
34,SADHU GOUTHAM REDDY,CSE,CSE3,C2,IS207,C122,2300032001,P,P,P,P,P,P,P,P
35,NEELAKANTAM GURU SAHASRA,CSE,CSE3,C2,IS207,C122,2300032007,P,P,P,P,A,A,P,P
36,KOTA NEERAJA,CSE,CSE3,C2,IS207,C122,2300032041,P,P,P,P,P,P,P,P
37,MUPPARAPU PRAGNA,CSE,CSE3,C2,IS207,C122,2300032072,P,P,P,P,P,P,P,P
38,THOTA SYAM,CSE,CSE3,C2,IS207,C122,2300032351,P,P,P,P,P,P,P,P
39,MARUPILLA PRADEEP KUMAR,CSE,CSE3,C2,IS207,C122,2300032569,P,P,P,P,P,P,P,P
40,N.MADHUMITHA,CSE,CSE3,C2,IS207,C122,2300032605,P,P,P,P,A,A,P,P
41,LAHARI DUSNAMONI,CSE,CSE3,C2,IS207,C122,2300032660,P,P,P,P,P,P,P,P
42,DODDA LOKESH,CSE,CSE3,C2,IS207,C122,2300032704,P,P,P,P,P,P,P,P
43,G.SHANMUKHANATH REDDY,CSE,CSE3,C2,IS207,C122,2300032773,P,P,P,P,P,P,P,P
44,KANUBOINAPRAVEEN,CSE,CSE3,C2,IS207,C122,2300032906,P,P,P,P,P,P,P,P
45,T HEMA SRILATHA,CSE,CSE3,C2,IS207,C122,2300032908,P,P,P,P,P,P,P,P
46,SHREYA RAI,CSE,CSE3,C2,IS207,C122,2300032993,A,A,A,A,A,A,A,A
47,RUPESH CH,CSE,CSE3,C2,IS207,C122,2300033030,P,P,P,P,P,P,P,P
48,I. DHANA VARDHAN REDDY,CSE,CSE3,C2,IS207,C122,2300033092,P,P,P,P,P,P,P,P
49,SHAIK MULLA MOHAMMAD SANA,CSE,CSE3,C2,IS207,C122,2300033102,P,P,P,P,P,P,P,P
50,ALLADA P S V SANDHYANA,CSE,CSE3,C2,IS207,C122,2300033182,P,P,P,P,P,P,P,P
51,A SHANMUKHA SRIYA,CSE,CSE4,C2,IS207,C122,2300033184,P,P,P,P,P,P,P,P
52,POKURI GAYATRI NIKHILA,CSE,CSE3,C2,IS207,C122,2300033199,P,P,P,P,P,P,P,P
53,NITHEESH REDDY,CSE,CSE3,C2,IS207,C122,2300033236,P,P,P,P,P,P,P,P
54,BADAM SUDHEER REDDY,CSE,CSE3,C2,IS207,C122,2300033278,P,P,P,P,P,P,P,P
55,DEVARAKONDA HEMASRI,CSE,CSE3,C2,IS207,C122,2300033282,P,P,P,P,A,A,P,P
56,MALLA KETAN HIMAMSU,CSE,CSE3,C2,IS207,C122,2300033323,P,P,P,P,P,P,P,P
57,VASA SWARNA BLESSY,CSE,CSE3,C2,IS207,C122,2300033338,P,P,P,P,P,P,P,P
58,PEDDIRAJU GURAJALA,CSE,CSE4,C2,IS207,C122,2300033340,A,A,A,A,A,A,A,A
59,NITHISHA BOLISETTY,CSE,CSE3,C2,IS207,C122,2300033341,P,P,P,P,P,P,P,P
60,KARISHMA KAKUMANU,CSE,CSE3,C2,IS207,C122,2300033342,P,P,A,A,A,A,A,A
61,NISHITHA PAGADALA,CSE,CSE3,C2,IS207,C122,2300033343,P,P,P,P,P,P,P,P
62,CHAVA VEERA SOWMYA,CSE,CSE3,C2,IS207,C122,2300033352,P,P,P,P,P,P,P,P
63,SAANVITHA KOPPOJU,CSE,CSE3,C2,IS207,C122,2300033394,P,P,P,P,P,P,P,P
64,GANGINENI MEGHANA,CSE,CSE3,C2,IS207,C122,2300033417,P,P,P,P,P,P,P,P
65,RAMGOPAL,CSE,CSE3,C2,IS207,C122,2300033425,P,P,P,P,P,P,P,P
66,VUNNAVA VASAVI,CSE,CSE3,C2,IS207,C122,2300033488,P,P,P,P,P,P,P,P
67,LIKHTIH_NUNE,CSE,CSE3,C2,IS207,C122,2300033556,A,A,A,A,A,A,A,A
68,L MADHAVAN,CSE,CSE3,C2,IS207,C122,2300033571,P,P,P,P,P,P,P,P
69,RAJULAPATI DWARAKA ANJINI NAGA MANIKANTA,CSE,CSE3,C2,IS207,C122,2300033588,P,P,P,P,P,P,P,P
70,V NADHAN,CSE,CSE4,C2,IS207,C122,2300033598,P,P,P,P,P,P,P,P
71,PRANATHI VORUGANTI,CSE,CSE3,C2,IS207,C122,2300033644,P,P,P,P,P,P,P,P
72,KONAKALLA LOHITH GUPTA,CSE,CSE3,C2,IS207,C122,2300033660,P,P,P,P,P,P,P,P
73,CHILUKOTI HARIKA,CSE,CSE3,C2,IS207,C122,2300033745,P,P,P,P,P,P,P,P
74,DHARSI TULESH KUMAR,CSE,CSE3,C2,IS207,C122,2300033791,P,P,P,P,P,P,P,P
75,MITTA KAVYA NAYANA,CSE,CSE3,C2,IS207,C122,2300033848,P,P,P,P,P,P,P,P
76,CHAPPATI.MOHANA RAO,CSE,CSE3,C2,IS207,C122,2300033873,A,A,A,A,A,A,A,A
77,BOMMAREDDY RAM CHARAN REDDY,CSE,CSE3,C2,IS207,C122,2300039024,P,P,P,P,P,P,P,P
78,PASUPULETI ABHINAV JASWANTH,CSE,CSE3,C2,IS207,C122,2300039119,P,P,P,P,P,P,P,P
79,PACHIGOLLA AKSHAY NITHIN,CSE,CSE3,C2,IS207,C122,2300031100,P,P,P,P,P,P,P,P
80,BOTTA SASIKIRAN,CSE,CSE3,C2,IS207,C122,2300032722,P,P,P,P,P,P,P,P
81,NALLAPANENI HEMANTH SAI,CSE,CSE4,C2,IS207,C122,2300031394,P,P,P,P,P,P,P,P
82,DESABOINA VAMSI,CSE,CSE4,C2,IS207,C122,2300032120,P,P,P,P,P,P,P,P
1,VYBHAV BANDI,CSE,CSE4,C1,IS107,C209,2300030070,P,P,P,P,P,P,P,P
2,G.DINESH RAJ,CSE,CSE4,C1,IS107,C209,2300030206,P,P,P,P,P,P,P,P
3,MALLELA REVANTH,CSE,CSE4,C1,IS107,C209,2300030385,P,P,P,P,P,P,P,P
4,P.JATHIN,CSE,CSE4,C1,IS107,C209,2300030505,P,P,P,P,P,P,P,P
5,RAVINDRANADHCHAUDHERY,CSE,CSE4,C1,IS107,C209,2300030580,A,A,A,A,A,A,A,A
6,MANEESHA M,CSE,CSE4,C1,IS107,C209,2300030825,P,P,P,P,P,P,P,P
7,V JYOTHIRNANDAN,CSE,CSE4,C1,IS107,C209,2300031020,P,P,P,P,P,P,P,P
8,P SRAVYA MEGHANAREDDY,CSE,CSE4,C1,IS107,C209,2300031068,P,P,P,P,P,P,P,P
9,BURRAMUKKU SIVA NARAYANA REDDY,CSE,CSE4,C1,IS107,C209,2300031109,P,P,P,P,P,P,P,P
10,KESHAVA REDDY DEEKSHITHA REDDY,CSE,CSE4,C1,IS107,C209,2300031135,P,P,P,P,P,P,P,P
11,SHAIK MOHAMMAD SAMI,CSE,CSE4,C1,IS107,C209,2300031276,P,P,P,P,P,P,P,P
12,MANNAM VENKATESH,CSE,CSE4,C1,IS107,C209,2300031277,A,A,A,A,A,A,A,A
13,HEMANTH YANAMADALA,CSE,CSE4,C1,IS107,C209,2300031358,P,P,P,P,P,P,P,P
14,NALLAMILLI SATYA SAI NITHIN REDDY,CSE,CSE4,C1,IS107,C209,2300031414,P,P,P,P,P,P,P,P
15,KALYAN GADDIPATI,CSE,CSE4,C1,IS107,C209,2300031520,P,P,P,P,P,P,P,P
16,BHAVISHYAVARDHAN,CSE,CSE4,C1,IS107,C209,2300031521,P,P,P,P,P,P,A,A
17,ALAHARI.PARIMALA,CSE,CSE4,C1,IS107,C209,2300031673,P,P,P,P,P,P,P,P
18,LOCHAN VADLAMUDI,CSE,CSE4,C1,IS107,C209,2300031705,P,P,P,P,P,P,A,A
19,SARIPELLA VIKRAM ADITYA VARMA,CSE,CSE4,C1,IS107,C209,2300031728,A,A,A,A,A,A,A,A
20,SOMISETTY VENKATA SAI ASISH,CSE,CSE4,C1,IS107,C209,2300031732,P,P,P,P,P,P,P,P
21,YAPAMANU JAYANTH KUMAR REDDY,CSE,CSE4,C1,IS107,C209,2300031742,A,A,A,A,A,A,A,A
22,CHAGANTI VENKATA SAI KARTHIKEYA,CSE,CSE4,C1,IS107,C209,2300031782,P,P,P,P,P,P,P,P
23,ROHITH NAIDU,CSE,CSE4,C1,IS107,C209,2300031800,P,P,P,P,P,P,P,P
24,L.SREE VIGNESH NAIDU,CSE,CSE4,C1,IS107,C209,2300031843,A,A,A,A,A,A,A,A
25,LEELAKRISHNA,CSE,CSE4,C1,IS107,C209,2300031928,P,P,P,P,P,P,P,P
26,BOGGARAPU MANIKANTA SAI KUMAR,CSE,CSE4,C1,IS107,C209,2300031975,P,P,P,P,P,P,P,P
27,APPIKATLAKAVYASREE,CSE,CSE4,C1,IS107,C209,2300031978,P,P,P,P,P,P,P,P
28,SRI SARAN VANDANAPU,CSE,CSE4,C1,IS107,C209,2300032013,P,P,P,P,P,P,P,P
29,K CHAITANYA SUBHASH,CSE,CSE4,C1,IS107,C209,2300032101,P,P,P,P,P,P,P,P
30,GORANTLA SRI SAI BRAHMENDRA,CSE,CSE4,C1,IS107,C209,2300032102,P,P,P,P,P,P,P,P
31,G SAI MOHANA VAISHNAVI,CSE,CSE4,C1,IS107,C209,2300032112,P,P,P,P,A,A,P,P
32,ROHIT KUMAR,CSE,CSE4,C1,IS107,C209,2300032154,A,A,A,A,A,A,A,A
33,VALIVARTHI SOMANSH VARMA,CSE,CSE4,C1,IS107,C209,2300032204,P,P,P,P,P,P,P,P
34,KAMIREDDY VAMSHIDHAR REDDY,CSE,CSE4,C1,IS107,C209,2300032468,P,P,P,P,P,P,P,P
35,SAIVINEELP,CSE,CSE4,C1,IS107,C209,2300032482,P,P,P,P,P,P,P,P
36,ABDUL AREEF,CSE,CSE4,C1,IS107,C209,2300032485,P,P,P,P,P,P,P,P
37,AMKSHIT GOUD S,CSE,CSE4,C1,IS107,C209,2300032487,P,P,P,P,P,P,P,P
38,JYOTHIRMAYI ALAPATI,CSE,CSE4,C1,IS107,C209,2300032702,P,P,P,P,P,P,P,P
39,GADUPUDI SIDDARTHA KARTHIKEYA,CSE,CSE4,C1,IS107,C209,2300032705,P,P,P,P,P,P,P,P
40,D SANTHOSH KUMAR,CSE,CSE4,C1,IS107,C209,2300032758,A,A,A,A,A,A,A,A
41,KANUMURI BHARATH RITHWIK VARMA,CSE,CSE4,C1,IS107,C209,2300032776,A,A,A,A,A,A,A,A
42,ANUSHKA CHOWDARY,CSE,CSE4,C1,IS107,C209,2300033063,P,P,P,P,P,P,P,P
43,DANABOYINA MAHENDRA,CSE,CSE4,C1,IS107,C209,2300033281,P,P,P,P,P,P,P,P
44,JYONITH GADHAMSETTI,CSE,CSE4,C1,IS107,C209,2300033285,A,A,A,A,A,A,A,A
45,SHAIK ABDUL ROUF,CSE,CSE4,C1,IS107,C209,2300033407,A,A,A,A,A,A,A,A
46,KURUVA RAVITEJA,CSE,CSE4,C1,IS107,C209,2300033480,P,P,P,P,P,P,P,P
47,KARRU HRISHIKESH,CSE,CSE4,C1,IS107,C209,2300033439,P,P,P,P,P,P,P,P
48,KATURI VENKATA RISHIDHAR,CSE,CSE4,C1,IS107,C209,2300030316,P,P,P,P,P,P,P,P
49,BURRI VIGNESHWAR REDDY,CSE,CSE4,C1,IS107,C209,2300032834,P,P,P,P,A,A,A,A
50,M RUTHVIK,CSE,CSE4,C1,IS107,C209,2300033383,P,P,P,P,P,P,A,A
51,JAVVADI DONESH CHOWDARY,CSE,CSE4,C1,IS107,C209,2300033636,P,P,P,P,P,P,P,P
1,ANKIREDDY SAI VARSHITHA,CSE,HTE,C1,SI12,C225,2300030036,P,P,P,P,P,P,P,P
2,BARMA ASWINI,CSE,CSE1,C1,SI12,C225,2300030072,P,P,P,P,P,P,P,P
3,CHITHALURU RASAGNA,CSE,CSE2,C1,SI12,C225,2300030141,P,P,P,P,P,P,P,P
4,SUGGULA DHARANI PRIYA,CSE,HTE,C1,SI12,C225,2300030165,P,P,P,P,P,P,P,P
5,EDARA SAI PALLAVI REDDY,CSE,CSE2,C1,SI12,C225,2300030180,P,P,P,P,P,P,P,P
6,JAJJARA ESWAR VARDAN,CSE,CSE2,C1,SI12,C225,2300030262,P,P,P,P,P,P,P,P
7,LALITHESH MUNNA,CSE,CSE2,C1,SI12,C225,2300030378,P,P,P,P,P,P,P,P
8,NAINA SAI BHAVANA MADALA,CSE,CSE1,C1,SI12,C225,2300030386,P,P,P,P,P,P,P,P
9,MARAKA LAKSHMI MEGHANA,CSE,CSE2,C1,SI12,C225,2300030408,P,P,P,P,P,P,P,P
10,N SANJANA,CSE,CSE2,C1,SI12,C225,2300030456,P,P,P,P,P,P,P,P
11,NAGULLA SASI GANESH,CSE,CSE3,C1,SI12,C225,2300030463,P,P,P,P,P,P,P,P
12,VAMSI RAM NANDIGAM,CSE,HTE,C1,SI12,C225,2300030473,P,P,P,P,P,P,P,P
13,PALCHURI BHAVYA VARSHA,CSE,HTE,C1,SI12,C225,2300030500,P,P,P,P,P,P,P,P
14,PAPPU HEMANTH SAI,CSE,HTI,C1,SI12,C225,2300030511,P,P,P,P,P,P,P,P
15,PAVULURI JESHWANTH SAI,CSE,CSE1,C1,SI12,C225,2300030520,P,P,P,P,P,P,P,P
16,UMASRI LAKSHMI,CSE,CSE2,C1,SI12,C225,2300030533,P,P,P,P,P,P,P,P
17,TATIPARTHI PAVANI,CSE,CSE3,C1,SI12,C225,2300030671,P,P,P,P,P,P,P,P
18,VIKAS KUMAR SHARMA,CSE,CSE1,C1,SI12,C225,2300030730,P,P,P,P,A,A,A,A
19,VYTLA NIKHIL,CSE,HTR,C1,SI12,C225,2300030738,P,P,A,A,P,P,P,P
20,YELCHURU VENKATA SUHITHA,CSE,CSE1,C1,SI12,C225,2300030756,A,A,A,A,A,A,A,A
21,AKHILAKOPPOLU,CSE,CSE1,C1,SI12,C225,2300030796,P,P,P,P,P,P,P,P
22,PENTELA NAVADEEP,CSE,CSE1,C1,SI12,C225,2300030831,P,P,P,P,P,P,P,P
23,BALIVADA NAVADEEP,CSE,CSE1,C1,SI12,C225,2300030842,P,P,P,P,P,P,P,P
24,ABDUL AFZAL AHEMAD,CSE,CSE2,C1,SI12,C225,2300030855,P,P,P,P,P,P,P,P
25,GUDIVADA PRANEETH KUMAR,CSE,HTE,C1,SI12,C225,2300030918,P,P,P,P,P,P,P,P
26,GULLAPALLI CHETAN KRISHNA,CSE,CSE1,C1,SI12,C225,2300030950,P,P,P,P,P,P,P,P
27,JONNADULA RAKESH HANUMAN,CSE,CSE2,C1,SI12,C225,2300030952,P,P,P,P,P,P,P,P
28,VISHNU,CSE,HTE,C1,SI12,C225,2300031042,P,P,P,P,P,P,P,P
29,VAMSI KRISHNA REDDY MALLIDI,CSE,CSE1,C1,SI12,C225,2300031063,P,P,P,P,P,P,P,P
30,BUDDAREDDY CHINA SUBBA REDDY,CSE,CSE2,C1,SI12,C225,2300031082,P,P,P,P,P,P,P,P
31,KEDARISETTI KRISHNA CHAITANYA,CSE,CSE1,C1,SI12,C225,2300031093,P,P,P,P,P,P,P,P
32,KONDA HORDHIK MANIKANT REDDY,CSE,HTI,C1,SI12,C225,2300031095,P,P,P,P,P,P,P,P
33,PILLARISETTY VENKATA ROCHISHNA,CSE,CSE1,C1,SI12,C225,2300031121,P,P,P,P,P,P,P,P
34,ANAGANI TEJUS VENKATA SIVA SAI,CSE,CSE2,C1,SI12,C225,2300031129,P,P,P,P,P,P,P,P
35,SRI LIKITHA KANAMARLAPUDI,CSE,HTI,C1,SI12,C225,2300031241,P,P,P,P,P,P,P,P
36,K RAVI SHANKAR PATRO,CSE,HTR,C1,SI12,C225,2300031387,P,P,P,P,P,P,P,P
37,MURALA SAI GANESH,CSE,HTE,C1,SI12,C225,2300031569,P,P,P,P,P,P,P,P
38,KODLI KAILASH,CSE,CSE4,C1,SI12,C225,2300031593,P,P,P,P,P,P,P,P
39,GNANESWARA RAO IPPILI,CSE,CSE1,C1,SI12,C225,2300031615,P,P,P,P,P,P,P,P
40,TADISETTI RAHUL NAIDU,CSE,CSE1,C1,SI12,C225,2300031671,P,P,P,P,P,P,P,P
41,IMRAN KADAPAH,CSE,HTE,C1,SI12,C225,2300031672,P,P,P,P,A,A,A,A
42,PEDAPATI PREM SWAROOP,CSE,HTE,C1,SI12,C225,2300031719,P,P,P,P,P,P,P,P
43,TUMMALAPALLI VEERA VENKATA VENUGOPAL,CSE,CSE1,C1,SI12,C225,2300031809,P,P,P,P,P,P,P,P
44,SUYASH SAHU,CSE,CSE1,C1,SI12,C225,2300031857,P,P,P,P,P,P,P,P
45,RAYI TEJASWI,CSE,CSE1,C1,SI12,C225,2300031872,P,P,P,P,P,P,P,P
46,RISHINDRA VARMA MANTHENA,CSE,HTE,C1,SI12,C225,2300031875,A,A,A,A,A,A,A,A
47,KANCHARLA PUJITHA SRI,CSE,CSE1,C1,SI12,C225,2300031940,P,P,P,P,P,P,P,P
48,BHUPATHI LAXMI VINITHA,CSE,CSE2,C1,SI12,C225,2300031955,P,P,P,P,P,P,P,P
49,VANDANAPU APURVA,CSE,CSE1,C1,SI12,C225,2300031993,P,P,P,P,P,P,P,P
50,PASUPULETI NAGA MALLESWARA RAO,CSE,CSE2,C1,SI12,C225,2300032110,P,P,P,P,P,P,P,P
51,SINGAMSHETTY BHASKAR,CSE,CSE4,C1,SI12,C225,2300032302,P,P,P,P,P,P,P,P
52,S SANJAY,CSE,HTE,C1,SI12,C225,2300032350,P,P,P,P,P,P,P,P
53,SRIKANTH CHANDRAKAVI,CSE,HTE,C1,SI12,C225,2300032366,P,P,P,P,P,P,P,P
54,MIDHUN,CSE,HTE,C1,SI12,C225,2300032435,P,P,P,P,P,P,P,P
55,POLURU VIGNESH,CSE,CSE1,C1,SI12,C225,2300032475,P,P,P,P,P,P,P,P
56,MEENAKSHI DASARI,CSE,CSE2,C1,SI12,C225,2300032504,P,P,P,P,P,P,P,P
57,KUSMITHA SALVERU,CSE,CSE2,C1,SI12,C225,2300032520,P,P,P,P,A,A,A,A
58,MONIKA TAMMINENI,CSE,HTE,C1,SI12,C225,2300032536,A,A,A,A,A,A,A,A
59,TUMMALA KUMAR NANDAN,CSE,CSE2,C1,SI12,C225,2300032551,P,P,P,P,P,P,P,P
60,DHANISETTI DHANA SRI SATYA VIVEK,CSE,CSE2,C1,SI12,C225,2300032571,P,P,P,P,P,P,P,P
61,INKOLLU THARUN,CSE,CSE1,C1,SI12,C225,2300032574,P,P,P,P,P,P,P,P
62,SHRUTHIKA PADMA,CSE,HTE,C1,SI12,C225,2300032637,P,P,P,P,P,P,A,A
63,DEVI ANSHU GANGURI,CSE,CSE1,C1,SI12,C225,2300032746,P,P,P,P,P,P,P,P
64,PAPPU MOHANA KRISHNA,CSE,CSE2,C1,SI12,C225,2300032862,P,P,P,P,P,P,P,P
65,MIDHUN PALANISAMY,CSE,CSE1,C1,SI12,C225,2300032997,P,P,P,P,P,P,P,P
66,YASHODHAN REDDY BHIMAVARAPU,CSE,HTE,C1,SI12,C225,2300033084,P,P,P,P,P,P,P,P
67,BHUSARAPU VARUN RAM TEJ,CSE,HTE,C1,SI12,C225,2300033120,P,P,P,P,P,P,P,P
68,BELLAMKONDA VEDA SRI,CSE,CSE2,C1,SI12,C225,2300033268,P,P,P,P,P,P,P,P
69,CHETHAN REDDY C,CSE,HTE,C1,SI12,C225,2300033299,P,P,P,P,P,P,P,P
70,NADUKURU SAI REKHA,CSE,CSE1,C1,SI12,C225,2300033327,P,P,P,P,P,P,P,P
71,YASH VERMA,CSE,CSE1,C1,SI12,C225,2300033567,A,A,A,A,A,A,A,A
72,M. SUDHA RAMYA,CSE,HTE,C1,SI12,C225,2300033609,P,P,P,P,P,P,P,P
73,HENA KANTHURY,CSE,HTE,C1,SI12,C225,2300033612,A,A,A,A,A,A,A,A
74,SAI KARTHIK VEMPATI,CSE,CSE1,C1,SI12,C225,2300033750,P,P,P,P,P,P,P,P
75,BALABHADRUNI MANIDEEP,CSE,CSE3,C1,SI12,C225,2300033759,P,P,P,P,P,P,P,P
76,KARLAPUDI HARSHA NAGA VIGNESH,CSE,HTE,C1,SI12,C225,2300033882,P,P,P,P,A,A,P,P
77,KURAPATI RAJA SAI NAMMALWAR,CSE,HTE,C1,SI12,C225,2300033899,P,P,P,P,P,P,P,P
78,TARRA HIMABINDU,CSE,CSE3,C1,SI12,C225,2300039070,P,P,P,P,P,P,P,P
79,SANGITHA SINDHU BABU,CSE,CSE3,C1,SI12,C225,2300039114,P,P,P,P,P,P,P,P
80,SUGGALA TAKSHAK MALLESH,CSE,CSE3,C1,SI12,C225,2300039158,P,P,P,P,P,P,P,P
81,MAVILLA HARSHITHA.,ECE,HTR,C1,SI12,C225,2300040018,P,P,P,P,P,P,P,P
82,MOHAMMED KARISHMA,ECE,ECE,C1,SI12,C225,2300040100,P,P,P,P,P,P,P,P
83,CHIDIRALA VARUN SAI,ECE,ECE,C1,SI12,C225,2300040109,P,P,P,P,P,P,P,P
84,KEDARAPU DHANUSH,ECE,ECE,C1,SI12,C225,2300040143,P,P,P,P,P,P,P,P
85,P HAARIKA,ECE,ECE,C1,SI12,C225,2300040157,A,A,A,A,A,A,A,A
86,CHINTHAKRINDA BALA YASWANTH,ECE,ECE,C1,SI12,C225,2300040210,P,P,P,P,P,P,P,P
87,KANCHARLA BHARATH CHANDRA,ECE,ECE,C1,SI12,C225,2300040231,P,P,P,P,P,P,P,P
88,SUKESHWARAN SATHEES KUMAR,ECE,ECE,C1,SI12,C225,2300040266,P,P,P,P,P,P,P,P
89,MEKALA SATYA SAI HANUMA,ECE,ECE,C1,SI12,C225,2300040272,P,P,P,P,P,P,P,P
90,CHANDAVOLU SUJWAALA,ECE,ECE,C1,SI12,C225,2300040286,P,P,P,P,P,P,P,P
91,DNSSAIKIRAN,ECE,HTE,C1,SI12,C225,2300040332,P,P,P,P,P,P,P,P
92,KANAGALA DHANA SRI,ECE,ECE,C1,SI12,C225,2300040363,P,P,P,P,P,P,P,P
93,POLISETTY LAAHYA,ECE,ECE,C1,SI12,C225,2300040399,P,P,P,P,P,P,P,P
94,DIVYASREE.N.K,ECE,ECE,C1,SI12,C225,2300040457,P,P,P,P,P,P,P,P
95,MIRIYALA KEERTHANA,ECE,ECE,C1,SI12,C225,2300049009,P,P,P,P,P,P,P,P
96,TANKALA VINOD KUMAR,ECE,ECE,C1,SI12,C225,2300049079,P,P,P,P,P,P,P,P
97,GONUGUNTA VENKATA HANUMANTH GOPI CHAND,ECE,ECE,C1,SI12,C225,2300049120,P,P,P,P,P,P,P,P
98,RELANGI SANJAY RAHUL DHANUSH,ECE,ECE,C1,SI12,C225,2300049183,P,P,P,P,P,P,P,P
99,JAINI VIGNA,AIDS,HTE,C1,SI12,C225,2300080018,P,P,P,P,P,P,P,P
100,SANGEM RAKESH,AIDS,AIDS,C1,SI12,C225,2300080037,P,P,P,P,P,P,P,P
101,HEMA SRI SATHI,AIDS,HTE,C1,SI12,C225,2300080047,P,P,P,P,P,P,P,P
102,KUCHIBHATLA HAMSINI,AIDS,AIDS,C1,SI12,C225,2300080052,P,P,P,P,P,P,P,P
103,BOLISETTI HANEESHA,AIDS,AIDS,C1,SI12,C225,2300080132,P,P,P,P,P,P,P,P
104,KANNAPAREDDY LOKESH REDDY,AIDS,AIDS,C1,SI12,C225,2300080177,P,P,P,P,P,P,P,P
105,MARRI VENKATA SAI,AIDS,AIDS,C1,SI12,C225,2300080192,P,P,P,P,P,P,P,P
106,P. SRI HARSHA,AIDS,AIDS,C1,SI12,C225,2300080199,P,P,P,P,P,P,P,P
107,JAI TEJ RAM TATUKURI,AIDS,AIDS,C1,SI12,C225,2300080202,P,P,P,P,P,P,P,P
108,KANKATALA SIVA PRANEETH,AIDS,AIDS,C1,SI12,C225,2300080235,P,P,P,P,P,P,P,P
109,BALA NAGA SRI THOTA,AIDS,HTE,C1,SI12,C225,2300080253,A,A,A,A,A,A,A,A
110,KOTA DEVISRI,AIDS,AIDS,C1,SI12,C225,2300080333,P,P,P,P,P,P,P,P
111,CHENNAM ASRITH,AIDS,AIDS,C1,SI12,C225,2300080366,P,P,P,P,P,P,P,P
112,MURTHY SAI KRISHNA,AIDS,AIDS,C1,SI12,C225,2300089001,P,P,P,P,P,P,P,P
113,SK SUMAIYA SAMREEN,CSIT,CSIT,C1,SI12,C225,2300090111,P,P,P,P,P,P,A,A
114,SHAGAMREDDY INDRASENAREDDY,CSIT,CSIT,C1,SI12,C225,2300090178,P,P,P,P,P,P,P,P
115,M REVANTH KUMAR,CSIT,CSIT,C1,SI12,C225,2300090341,P,P,P,P,A,A,A,A
116,HARSHA KANAKADANDILA,IOT,IOT,C1,SI12,C225,2300100001,A,A,A,A,A,A,A,A
117,KOTHA DURGA NAVYA,CSE,CSE1,C1,SI12,C225,2300030821,P,P,P,P,P,P,P,P
1,CH NIHARIKA,BT,BT,C1,IS108,C308,2300010003,P,P,P,P,P,P,P,P
2,BODAPATI BLESSY,BT,BT,C1,IS108,C308,2300010032,P,P,P,P,P,P,P,P
3,BODAPATI JESSY,BT,BT,C1,IS108,C308,2300010033,P,P,P,P,P,P,P,P
4,S V SALINI PRIYA,BT,BT,C1,IS108,C308,2300010084,P,P,P,P,P,P,P,P
5,SANGANI HANISHA,BT,BT,C1,IS108,C308,2300010107,P,P,P,P,P,P,P,P
6,SHAIK AFREEN,BT,BT,C1,IS108,C308,2300010121,A,A,A,A,A,A,A,A
7,N VANI VENKATA JYOTHSNA,BT,BT,C1,IS108,C308,2300019003,P,P,P,P,P,P,P,P
8,CHINNAM SURYA PRAKASH,CSE,CSE2,C1,IS108,C308,2300030137,P,P,P,P,P,P,P,P
9,KOTA SRI VIDYA,CSE,CSE2,C1,IS108,C308,2300030353,P,P,P,P,P,P,P,P
10,MOHANA DHATHRI,CSE,CSE2,C1,IS108,C308,2300030546,P,P,P,P,P,P,P,P
11,SAI SINDHUJA CHINNAM,CSE,CSE2,C1,IS108,C308,2300030594,P,P,P,P,P,P,P,P
12,LAKSHMI CHETHANA,CSE,CSE2,C1,IS108,C308,2300030960,P,P,P,P,P,P,P,P
13,PARSILLA DHANUSHREE VIDYA,CSE,CSE2,C1,IS108,C308,2300030964,P,P,P,P,P,P,P,P
14,CHANDRASEKHAR REDDY MEKAPOTHU,CSE,CSE2,C1,IS108,C308,2300031140,P,P,P,P,P,P,P,P
15,THISHITHA NAGASARAPU,CSE,CSE2,C1,IS108,C308,2300031174,A,A,A,A,A,A,A,A
16,SOWMIKA VEMULAPALLI,CSE,CSE2,C1,IS108,C308,2300031249,A,A,A,A,A,A,A,A
17,YADA NAGARAJU,CSE,CSE2,C1,IS108,C308,2300031281,P,P,P,P,P,P,P,P
18,YAGANTI RUSHI SAI,CSE,CSE2,C1,IS108,C308,2300031335,P,P,P,P,P,P,P,P
19,SETTI PAVANKUMAR,CSE,CSE2,C1,IS108,C308,2300031491,A,A,A,A,A,A,A,A
20,ARADHYULA KESAV VENKATA DATTATREYA YADAV,CSE,CSE2,C1,IS108,C308,2300031537,P,P,P,P,P,P,P,P
21,KARLAPUDI PRASHANTHI,CSE,CSE2,C1,IS108,C308,2300031601,P,P,P,P,P,P,P,P
22,GAMIDI JYOTHIKA,CSE,CSE2,C1,IS108,C308,2300031612,P,P,P,P,P,P,P,P
23,JEETHU KUMAR GANCHI,CSE,CSE2,C1,IS108,C308,2300031651,P,P,P,P,P,P,P,P
24,CHARUGUNDLA ROHAN,CSE,CSE2,C1,IS108,C308,2300031677,P,P,P,P,P,P,P,P
25,KALLAM CHARISHMA REDDY,CSE,CSE2,C1,IS108,C308,2300031697,P,P,P,P,P,P,P,P
26,GALLA NAGA YASHWANTH,CSE,CSE2,C1,IS108,C308,2300031794,P,P,P,P,P,P,P,P
27,RAKSHITHA PRIYA CHEEMALA,CSE,CSE2,C1,IS108,C308,2300031821,P,P,P,P,P,P,P,P
28,JAVED AHMED BAIG MOGAL,CSE,CSE2,C1,IS108,C308,2300032027,P,P,P,P,P,P,P,P
29,SAJJALA VENKATESWRARAO,CSE,CSE2,C1,IS108,C308,2300032062,A,A,A,A,A,A,A,A
30,MADHU MUNASALA,CSE,CSE4,C1,IS108,C308,2300032376,P,P,P,P,P,P,P,P
31,RUDRA TEJA CHANDU,CSE,CSE2,C1,IS108,C308,2300032423,P,P,P,P,P,P,P,P
32,PALLEDA JASWANTH,CSE,CSE2,C1,IS108,C308,2300032516,P,P,P,P,P,P,P,P
33,KHUSHI SINGH,CSE,CSE2,C1,IS108,C308,2300032521,A,A,A,A,A,A,A,A
34,ALAGONDA AJAY KUMAR,CSE,CSE2,C1,IS108,C308,2300032588,P,P,P,P,P,P,P,P
35,SHAIK YASMEEN,CSE,CSE2,C1,IS108,C308,2300032602,P,P,P,P,P,P,P,P
36,MADINENI SAI NIKHITHA,CSE,CSE2,C1,IS108,C308,2300032842,P,P,P,P,P,P,P,P
37,LYUTHIKA SHALIK PODE,CSE,CSE2,C1,IS108,C308,2300032871,P,P,P,P,A,A,A,A
38,PASUPULETI THARUN,CSE,CSE2,C1,IS108,C308,2300032916,P,P,P,P,P,P,P,P
39,SRIRAM GURU VENKATA SAI SUSHWANTH,CSE,CSE2,C1,IS108,C308,2300033013,P,P,P,P,P,P,P,P
40,CHALLA SRI VENKATA KARTHIK REDDY,CSE,CSE2,C1,IS108,C308,2300033019,P,P,P,P,P,P,P,P
41,SRIRAMANENI VENKATATEJA,CSE,CSE4,C1,IS108,C308,2300033162,P,P,P,P,P,P,P,P
42,V DEVENDRA REDDY,CSE,CSE2,C1,IS108,C308,2300033166,P,P,P,P,P,P,P,P
43,CH AKHIL PANVI,CSE,CSE2,C1,IS108,C308,2300033181,P,P,P,P,P,P,P,P
44,DHANIYALA NIKITHA,CSE,CSE4,C1,IS108,C308,2300033222,P,P,P,P,P,P,A,A
45,GOPI SIVAALASETTY,CSE,CSE2,C1,IS108,C308,2300033411,P,P,P,P,P,P,A,A
46,GNAPIKA KANDULA,CSE,CSE2,C1,IS108,C308,2300033428,P,P,P,P,P,P,P,P
47,TARUN MADHAV GUDIPATI,CSE,CSE2,C1,IS108,C308,2300033581,P,P,P,P,P,P,P,P
48,PALGUDI PUNITH SAI,CSE,CSE4,C1,IS108,C308,2300033732,P,P,P,P,P,P,P,P
49,B TEJO KIRAN,CSE,CSE2,C1,IS108,C308,2300033786,P,P,P,P,P,P,P,P
50,VIGNESH S,CSE,CSE2,C1,IS108,C308,2300033852,P,P,P,P,A,A,A,A
51,GOLETI NAVATHEJ,CSE,CSE2,C1,IS108,C308,2300033904,A,A,A,A,A,A,A,A
52,BOBBURI SAI SWARUPA,ECE,ECE,C1,IS108,C308,2300040038,P,P,P,P,P,P,P,P
53,NIKHILA VASIPALLI,ECE,ECE,C1,IS108,C308,2300040135,P,P,P,P,P,P,P,P
54,KAKANI HARI VARDHAN,ECE,ECE,C1,IS108,C308,2300040136,P,P,P,P,P,P,P,P
55,PURAMSETTI SOWJANYA,ECE,ECE,C1,IS108,C308,2300040358,P,P,P,P,P,P,P,P
56,TOKALA KALPANA,ECE,ECE,C1,IS108,C308,2300040444,P,P,P,P,P,P,P,P
57,MADDALA VARA BHASKAR,ECE,ECE,C1,IS108,C308,2300040463,A,A,A,A,A,A,A,A
58,MALLAVALLI HEMANTH,ECE,ECE,C1,IS108,C308,2300049011,P,P,P,P,P,P,P,P
59,VURA JASWANTH,ECE,ECE,C1,IS108,C308,2300049054,P,P,P,P,P,P,P,P
60,G.SAI PHANI TEJA,ECE,ECE,C1,IS108,C308,2300049080,P,P,P,P,P,P,P,P
61,INUKONDA BABJI,ECE,ECE,C1,IS108,C308,2300049091,P,P,P,P,P,P,P,P
62,GOPAVARAM SRI NIKHITHA,ECE,ECE,C1,IS108,C308,2300049123,P,P,P,P,P,P,P,P
63,JAHNAVI KOMMINENI,IOT,IOT,C1,IS108,C308,2300100009,P,P,P,P,P,P,P,P
64,MEDATATI KAMALA,IOT,IOT,C1,IS108,C308,2300100014,P,P,P,P,P,P,P,P
65,EPURI.MOUNIKA,IOT,IOT,C1,IS108,C308,2300100028,P,P,P,P,P,P,P,P
66,VINAY BHASKAR,IOT,IOT,C1,IS108,C308,2300100037,A,A,A,A,A,A,A,A
67,SAMUDRALA MANIKANTA SAI,IOT,IOT,C1,IS108,C308,2300100054,P,P,P,P,P,P,P,P
68,SAMUDRALA SAI KRISHNA,IOT,IOT,C1,IS108,C308,2300100057,P,P,P,P,P,P,P,P
69,SAHASRA.KAGITHA,IOT,IOT,C1,IS108,C308,2300100065,P,P,P,P,P,P,P,P
70,NIKHITHA,IOT,IOT,C1,IS108,C308,2300100066,A,A,A,A,A,A,A,A
71,M.BHANU NAGA SAI,IOT,IOT,C1,IS108,C308,2300100075,P,P,P,P,P,P,P,P
72,KRISHNAVENINALLAPARAJU,IOT,IOT,C1,IS108,C308,2300100078,P,P,P,P,A,A,P,P
73,GOLIBHAVANISAI,IOT,IOT,C1,IS108,C308,2300100081,P,P,P,P,P,P,P,P
74,RITHIKASREE M,CSE,CSE2,C1,IS108,C308,2320030504,P,P,P,P,P,P,P,P
75,KOTHAPALLI SHALINI,BT,BT,C1,IS108,C308,2300010054,P,P,P,P,P,P,P,P
76,BANDARU PAVAN KHADAR,CSE,CSE2,C1,IS108,C308,2300031634,P,P,P,P,P,P,P,P
1,PRAGNA PRANEETH,ECE,ECE,C1,CGN12,C309,2300040014,P,P,P,P,P,P,P,P
2,KOTAPATI VARSHA SAI,ECE,ECE,C1,CGN12,C309,2300040015,P,P,P,P,P,P,P,P
3,PALLI DEVI,ECE,ECE,C1,CGN12,C309,2300040019,P,P,P,P,P,P,P,P
4,SUNKARA SNEHA LATHA,ECE,ECE,C1,CGN12,C309,2300040028,P,P,P,P,P,P,P,P
5,VANGA SIVA REDDY,ECE,ECE,C1,CGN12,C309,2300040030,P,P,P,P,P,P,P,P
6,BURRI YASWANTHI,ECE,ECE,C1,CGN12,C309,2300040037,P,P,P,P,P,P,P,P
7,NULU VAMSI SURYA NAGA BHADRA,ECE,ECE,C1,CGN12,C309,2300040049,P,P,P,P,P,P,P,P
8,PARISA BALAJI,ECE,ECE,C1,CGN12,C309,2300040073,A,A,A,A,A,A,A,A
9,POTHKAM RAJESHWARI,ECE,ECE,C1,CGN12,C309,2300040083,P,P,P,P,P,P,P,P
10,NEMALAPURI PAVAN KALYAN,ECE,ECE,C1,CGN12,C309,2300040115,P,P,P,P,P,P,P,P
11,NAMBARI SANDHYA RANI,ECE,ECE,C1,CGN12,C309,2300040116,P,P,P,P,P,P,P,P
12,BOLLA KEERTHI,ECE,ECE,C1,CGN12,C309,2300040124,P,P,P,P,P,P,P,P
13,AMPOLU PRITHVI,ECE,ECE,C1,CGN12,C309,2300040126,P,P,P,P,P,P,P,P
14,KOTHAPALLI VYSHNAVI,ECE,ECE,C1,CGN12,C309,2300040139,P,P,P,P,P,P,P,P
15,JASMITHA .K,ECE,ECE,C1,CGN12,C309,2300040151,P,P,P,P,P,P,P,P
16,TIRUMALA MOUNIKA,ECE,ECE,C1,CGN12,C309,2300040156,P,P,P,P,P,P,P,P
17,JILLELLA ANU PRIYA,ECE,ECE,C1,CGN12,C309,2300040165,P,P,P,P,P,P,P,P
18,GOLI PRABHUSHAN,ECE,ECE,C1,CGN12,C309,2300040166,P,P,P,P,P,P,A,A
19,SAI BABU KALLA,ECE,ECE,C1,CGN12,C309,2300040169,P,P,P,P,P,P,A,A
20,JONNALAGADDA GAYATHRI WAGDEVI,ECE,ECE,C1,CGN12,C309,2300040179,P,P,P,P,P,P,P,P
21,JAJULA MEGHANA,ECE,ECE,C1,CGN12,C309,2300040201,P,P,P,P,P,P,P,P
22,APPIKATLA ADITYA,ECE,ECE,C1,CGN12,C309,2300040205,P,P,P,P,P,P,P,P
23,ROHITHA_MADDALI,ECE,ECE,C1,CGN12,C309,2300040224,P,P,P,P,P,P,P,P
24,JINKA NAGA VENKATA JANEETH,ECE,ECE,C1,CGN12,C309,2300040225,P,P,P,P,P,P,P,P
25,ATMURI KARUNYA,ECE,ECE,C1,CGN12,C309,2300040232,P,P,P,P,P,P,P,P
26,REPALLE JOSHITHA,ECE,ECE,C1,CGN12,C309,2300040241,P,P,P,P,P,P,P,P
27,PUSARLA SAI VENKAT RAMANA,ECE,ECE,C1,CGN12,C309,2300040248,P,P,P,P,P,P,P,P
28,DHEERAJ POKURI,ECE,ECE,C1,CGN12,C309,2300040249,P,P,P,P,P,P,P,P
29,SAI DIVYASUDHA VAKKALAGADDA,ECE,ECE,C1,CGN12,C309,2300040260,P,P,P,P,P,P,P,P
30,YARKAREDDY GEETHA SRAVANTHI,ECE,ECE,C1,CGN12,C309,2300040261,P,P,P,P,P,P,P,P
31,RAVULAPALLI SRAVAN KUMAR,ECE,ECE,C1,CGN12,C309,2300040264,A,A,A,A,A,A,A,A
32,PAIDISETTY SRI SIVANI,ECE,ECE,C1,CGN12,C309,2300040279,P,P,P,P,P,P,P,P
33,KOTA POOJITHA SIRI,ECE,ECE,C1,CGN12,C309,2300040291,P,P,P,P,P,P,P,P
34,RAGAM KAVYANJALI,ECE,ECE,C1,CGN12,C309,2300040295,A,A,A,A,A,A,A,A
35,SUBHASINI,ECE,ECE,C1,CGN12,C309,2300040304,P,P,P,P,P,P,P,P
36,PULI YOGYATHA,ECE,ECE,C1,CGN12,C309,2300040310,P,P,P,P,P,P,P,P
37,DESABOYANA VENKATA LAKSHMI MADHAVI,ECE,ECE,C1,CGN12,C309,2300040317,P,P,A,A,P,P,P,P
38,DAMACHARLA DOLA VENKATA AKHIL,ECE,ECE,C1,CGN12,C309,2300040333,P,P,A,A,P,P,P,P
39,VEDA VALLIKA,ECE,ECE,C1,CGN12,C309,2300040352,A,A,A,A,A,A,A,A
40,A.HEMA SRIDHAR,ECE,ECE,C1,CGN12,C309,2300040354,A,A,P,P,P,P,P,P
41,UMMIDISETTY JAHNAVI,ECE,ECE,C1,CGN12,C309,2300040357,P,P,P,P,P,P,P,P
42,DILIP KUNAPAREDDY,ECE,ECE,C1,CGN12,C309,2300040366,P,P,P,P,P,P,P,P
43,ROHIT PONDURU,ECE,ECE,C1,CGN12,C309,2300040379,A,A,A,A,P,P,P,P
44,SHAIK MOHAMMAD IRSHAD,ECE,ECE,C1,CGN12,C309,2300040392,P,P,P,P,P,P,P,P
45,GUPTHA ARUN KUMAR,ECE,ECE,C1,CGN12,C309,2300040393,P,P,P,P,P,P,P,P
46,CHINTADA SAGAR RAM,ECE,ECE,C1,CGN12,C309,2300040417,P,P,P,P,P,P,P,P
47,AMBALA SRINIVASA RAO,ECE,ECE,C1,CGN12,C309,2300040418,P,P,P,P,P,P,P,P
48,VIJAY KUMAR KAVYA RAMAN,ECE,ECE,C1,CGN12,C309,2300040420,A,A,A,A,A,A,A,A
49,SAMREEN,ECE,ECE,C1,CGN12,C309,2300040422,P,P,P,P,P,P,P,P
50,GADDAM NAGA SAI CHANDU,ECE,ECE,C1,CGN12,C309,2300040440,P,P,A,A,P,P,P,P
51,JAYAKANAKASAISRIPRIYA MANDALAPU,ECE,ECE,C1,CGN12,C309,2300040450,P,P,P,P,P,P,P,P
52,PANCHALI KUMAR NAIDU,ECE,ECE,C1,CGN12,C309,2300040461,P,P,P,P,P,P,P,P
53,BETINA JOSHNA,ECE,ECE,C1,CGN12,C309,2300049006,A,A,A,A,A,A,A,A
54,KELLA CHANDRIKA,ECE,ECE,C1,CGN12,C309,2300049010,P,P,P,P,P,P,P,P
55,RAVURI MOUNIKA,ECE,ECE,C1,CGN12,C309,2300049020,P,P,P,P,P,P,P,P
56,NALI NAGA SAI KIRAN,ECE,ECE,C1,CGN12,C309,2300049024,P,P,P,P,P,P,P,P
57,DAGGUPATI GNANA SREE NAVYA,ECE,ECE,C1,CGN12,C309,2300049037,P,P,P,P,P,P,P,P
58,GODULA VAAGDEVI,ECE,ECE,C1,CGN12,C309,2300049043,P,P,P,P,P,P,P,P
59,PETETI SATYA HARSHINI,ECE,ECE,C1,CGN12,C309,2300049044,P,P,P,P,P,P,P,P
60,TATIKONDA SESHA SAI VYSHNAVI,ECE,ECE,C1,CGN12,C309,2300049058,P,P,P,P,P,P,A,A
61,GAJJALA CHAITANYA KUMAR REDDY,ECE,ECE,C1,CGN12,C309,2300049095,P,P,P,P,P,P,P,P
62,DULAM MANIKANTA VENKATA DURGA SATYA NARAYANA,ECE,ECE,C1,CGN12,C309,2300049100,P,P,P,P,P,P,A,A
63,AKULA NAGENDRA,ECE,ECE,C1,CGN12,C309,2300049101,A,A,A,A,A,A,A,A
64,V NAGA SHARATH,ECE,ECE,C1,CGN12,C309,2300049105,A,A,A,A,A,A,A,A
65,GANDIKOTA VAMSI,ECE,ECE,C1,CGN12,C309,2300049110,A,A,A,A,A,A,A,A
66,SIDDA BABY SIRIVALLI,ECE,ECE,C1,CGN12,C309,2300049130,P,P,P,P,P,P,P,P
67,MADDILA SIVA SATWIK,ECE,ECE,C1,CGN12,C309,2300049136,P,P,P,P,P,P,P,P
68,JALA_SURAJ,ECE,ECE,C1,CGN12,C309,2300049140,P,P,P,P,P,P,P,P
69,THUNGA LIKITHA,ECE,ECE,C1,CGN12,C309,2300049146,P,P,P,P,P,P,P,P
70,KUNTLAPALLI CHAITANYA REDDY,ECE,ECE,C1,CGN12,C309,2300049150,P,P,P,P,P,P,P,P
71,POTHURAJU SHIVADURGA,ECE,ECE,C1,CGN12,C309,2300049160,P,P,P,P,P,P,P,P
72,SRIRAM NAGA BHARATH,ECE,ECE,C1,CGN12,C309,2300049162,P,P,P,P,P,P,P,P
73,ALLAM MEGHANA,ECE,ECE,C1,CGN12,C309,2300049164,P,P,P,P,P,P,P,P
74,KONDRATHI GNANA VENKATA SAI MANIKANTA,ECE,ECE,C1,CGN12,C309,2300049182,P,P,P,P,P,P,P,P
75,GANGANAGUNTA PRASANTH KUMAR,ECE,ECE,C1,CGN12,C309,2300049186,P,P,P,P,P,P,P,P
76,SETTIPALLI JASHVANTH SAI,ECE,ECE,C1,CGN12,C309,2300049198,P,P,P,P,P,P,P,P
77,MODAGALA PALLAVI,ECE,ECE,C1,CGN12,C309,2300049200,P,P,P,P,P,P,P,P
78,ENDALAMANJUNATHREDDY,ECE,ECE,C1,CGN12,C309,2300049202,P,P,P,P,P,P,P,P
79,SHAIK SOHAIL,ECE,ECE,C1,CGN12,C309,2300049204,P,P,P,P,P,P,P,P
80,PALLAPU KOSHITHA,ECE,ECE,C1,CGN12,C309,2300040230,P,P,P,P,P,P,P,P
81,PADAMATA BHAVYA SRI,ECE,ECE,C1,CGN12,C309,2300040289,A,A,A,A,A,A,A,A
82,P. AHALYA MADHAVI,ECE,ECE,C1,CGN12,C309,2300049064,P,P,P,P,P,P,P,P
83,PALASALA SAI RAJA SURESH,ECE,ECE,C1,CGN12,C309,2300040045,P,P,P,P,P,P,P,P
84,GUTURU HASINI,ECE,ECE,C1,CGN12,C309,2300040442,A,A,P,P,P,P,P,P
1,BHARGAVI GOLLAPALLI,CSE,CSE2,C2,CGN22,C325,2300030082,P,P,P,P,P,P,P,P
2,CH.OUCHITYA,CSE,CSE2,C2,CGN22,C325,2300030116,P,P,P,P,P,P,P,P
3,GALI RATNA BHUSHANAM,CSE,CSE2,C2,CGN22,C325,2300030195,P,P,P,P,P,P,P,P
4,DEVI PRIYA,CSE,CSE2,C2,CGN22,C325,2300030232,A,A,A,A,A,A,A,A
5,KAMBOJI BHAVITHA,CSE,CSE2,C2,CGN22,C325,2300030293,P,P,P,P,P,P,P,P
6,NALLURI KUNDAN,CSE,CSE2,C2,CGN22,C325,2300030472,P,P,P,P,P,P,P,P
7,POTHURAJU CHAITANYA SAI,CSE,CSE2,C2,CGN22,C325,2300030552,P,P,P,P,P,P,A,A
8,SIVARAM RAVIPATI,CSE,CSE2,C2,CGN22,C325,2300030582,P,P,P,P,P,P,P,P
9,REDDI VISHNU VARDHAN,CSE,CSE2,C2,CGN22,C325,2300030584,P,P,P,P,P,P,P,P
10,SHAIK RIZWANA,CSE,CSE2,C2,CGN22,C325,2300030625,P,P,P,P,P,P,P,P
11,SIVAKOTI NIKHIL,CSE,CSE2,C2,CGN22,C325,2300030644,P,P,P,P,A,A,A,A
12,THOTA LAVANYA,CSE,CSE2,C2,CGN22,C325,2300030678,P,P,P,P,P,P,P,P
13,VELIVELA VAISHNAVI,CSE,CSE2,C2,CGN22,C325,2300030720,P,P,P,P,P,P,P,P
14,SYED SADIQ,CSE,CSE2,C2,CGN22,C325,2300030767,P,P,P,P,P,P,P,P
15,ADDEPALLI MANOGHNA,CSE,CSE2,C2,CGN22,C325,2300030856,P,P,P,P,P,P,P,P
16,BETHANABOYANA AKSHAYA,CSE,CSE2,C2,CGN22,C325,2300030902,P,P,P,P,P,P,P,P
17,MURAPAKA SAI SRI SUSHMA,CSE,CSE2,C2,CGN22,C325,2300030932,P,P,P,P,P,P,P,P
18,KANDULA KARTHIK DATHA SAI,CSE,CSE2,C2,CGN22,C325,2300030954,P,P,P,P,P,P,P,P
19,TANMAY SRI VARDHAN,CSE,CSE2,C2,CGN22,C325,2300030971,P,P,P,P,P,P,P,P
20,DUNDI SAI SRINIVAS PENDEM,CSE,CSE2,C2,CGN22,C325,2300031030,P,P,P,P,P,P,P,P
21,NARSINENI.SRI JEEVANA SAGAR,CSE,CSE2,C2,CGN22,C325,2300031048,P,P,P,P,P,P,P,P
22,GANJIKUNTA VEERA SRI SHOBITHA,CSE,CSE2,C2,CGN22,C325,2300031115,P,P,P,P,P,P,P,P
23,TADI GOWTHAM VASANTH KUMAR REDDY,CSE,CSE2,C2,CGN22,C325,2300031181,A,A,A,A,A,A,A,A
24,RAMIREDDY RAJESWARI LAKSHMI SAROJA,CSE,CSE2,C2,CGN22,C325,2300031192,P,P,P,P,P,P,P,P
25,KUMMARI THIRUMALA RAJU,CSE,CSE2,C2,CGN22,C325,2300031248,P,P,P,P,P,P,A,A
26,PULIGADDA CHARISHMA,CSE,CSE2,C2,CGN22,C325,2300031316,P,P,P,P,P,P,P,P
27,JASMIN SHAIK,CSE,CSE2,C2,CGN22,C325,2300031320,P,P,A,A,A,A,P,P
28,DUGGINA NARMADA,CSE,CSE2,C2,CGN22,C325,2300031402,P,P,P,P,P,P,P,P
29,NAGALAKSHMI SATYAVARAPU,CSE,CSE2,C2,CGN22,C325,2300031516,P,P,P,P,P,P,P,P
30,GADE MOUNIKA SRI SAI VARSHITHA,CSE,CSE2,C2,CGN22,C325,2300031519,P,P,P,P,A,A,A,A
31,PARAMKUSAM SAKETHA SREEVATSA,CSE,CSE2,C2,CGN22,C325,2300031522,P,P,P,P,P,P,P,P
32,GORIJALA LAKSHMI KEERTHI PRIYA,CSE,CSE2,C2,CGN22,C325,2300031538,P,P,P,P,P,P,P,P
33,POTTURI VAMSI,CSE,CSE2,C2,CGN22,C325,2300031567,P,P,P,P,P,P,P,P
34,KUCHIPUDI BHASKAR,CSE,CSE2,C2,CGN22,C325,2300031602,P,P,P,P,P,P,P,P
35,DEVAGIRI LALITHYA,CSE,CSE2,C2,CGN22,C325,2300031751,P,P,P,P,P,P,P,P
36,BOPPANADEEKSHITH,CSE,CSE2,C2,CGN22,C325,2300031766,P,P,P,P,P,P,P,P
37,PEDDINTI PRANAV,CSE,CSE2,C2,CGN22,C325,2300031787,P,P,P,P,P,P,P,P
38,SREE GUNJI,CSE,CSE2,C2,CGN22,C325,2300031916,P,P,P,P,P,P,P,P
39,SEELAM SWAPNA,CSE,CSE2,C2,CGN22,C325,2300031981,P,P,P,P,P,P,P,P
40,SANJANA GUDIPUDI,CSE,CSE2,C2,CGN22,C325,2300031997,P,P,A,A,P,P,P,P
41,BODDU VIGHNA SAI VARDHAN,CSE,CSE2,C2,CGN22,C325,2300032011,P,P,P,P,P,P,P,P
42,SABBELLA RAMA KRISHNA REDDY,CSE,CSE2,C2,CGN22,C325,2300032099,P,P,P,P,P,P,P,P
43,NIMMAGADDA VAMSI KRISHNA,CSE,CSE2,C2,CGN22,C325,2300032157,P,P,P,P,A,A,A,A
44,SYAM DAGGUMALLI,CSE,CSE2,C2,CGN22,C325,2300032199,P,P,P,P,P,P,A,A
45,NALLAGONDA SAI DATHA,CSE,CSE2,C2,CGN22,C325,2300032203,P,P,P,P,P,P,P,P
46,GONTLA VENKATA ANVITHA,CSE,CSE2,C2,CGN22,C325,2300032207,P,P,P,P,P,P,P,P
47,SHAIESTHA SYED,CSE,CSE2,C2,CGN22,C325,2300032247,P,P,P,P,P,P,P,P
48,VANDANA MANIKANTA,CSE,CSE2,C2,CGN22,C325,2300032308,P,P,P,P,P,P,P,P
49,KOYA VAMSI KRISHNA,CSE,CSE2,C2,CGN22,C325,2300032358,P,P,P,P,P,P,P,P
50,VENKATA SAI LADI,CSE,CSE2,C2,CGN22,C325,2300032390,A,A,A,A,A,A,A,A
51,CHANDOLU PRATYUSH,CSE,CSE2,C2,CGN22,C325,2300032415,P,P,P,P,P,P,P,P
52,POOTHI LIKHITESWARI,CSE,CSE2,C2,CGN22,C325,2300032457,P,P,P,P,P,P,P,P
53,SAMMETA SRILEKHA,CSE,CSE2,C2,CGN22,C325,2300032527,P,P,P,P,P,P,P,P
54,RAJESH CHILLAPALLI,CSE,CSE2,C2,CGN22,C325,2300032531,P,P,P,P,A,A,P,P
55,M HANUMANTHURAO,CSE,CSE2,C2,CGN22,C325,2300032559,A,A,A,A,A,A,A,A
56,BHANU SRI SRUTHI ANNAM,CSE,CSE2,C2,CGN22,C325,2300032748,P,P,P,P,P,P,P,P
57,PATIBANDLA SUSHMASRI,CSE,CSE2,C2,CGN22,C325,2300032754,P,P,P,P,P,P,P,P
58,CHINTAPALLI THORAN SAI SANTOSH REDDY,CSE,CSE2,C2,CGN22,C325,2300032767,P,P,P,P,P,P,P,P
59,PARVATHAREDDY RAGHAVENDRA KUMAR,CSE,CSE2,C2,CGN22,C325,2300032771,P,P,P,P,P,P,P,P
60,KANNURI REETHU SAI SHIVANI,CSE,CSE2,C2,CGN22,C325,2300032802,P,P,P,P,P,P,P,P
61,PAVANSAILAHAR,CSE,CSE2,C2,CGN22,C325,2300032822,P,P,P,P,P,P,P,P
62,MUDI REDDY BHARATH KUMAR REDDY,CSE,CSE2,C2,CGN22,C325,2300033049,P,P,P,P,P,P,P,P
63,SIGILIPALLI VAMSI KRISHNA,CSE,CSE2,C2,CGN22,C325,2300033097,P,P,P,P,A,A,P,P
64,JAMPANI PAVAN VENKAT,CSE,CSE2,C2,CGN22,C325,2300033224,P,P,P,P,P,P,P,P
65,MANNAN SHAREEF SHAIK,CSE,CSE2,C2,CGN22,C325,2300033273,P,P,P,P,P,P,P,P
66,HARSHITHA CHENNUPATI,CSE,CSE2,C2,CGN22,C325,2300033305,P,P,P,P,A,A,A,A
67,MONIKA MANDAVILLI,CSE,CSE2,C2,CGN22,C325,2300033379,P,P,P,P,P,P,P,P
68,TRIYA ANDHAVARAPU,CSE,CSE2,C2,CGN22,C325,2300033412,P,P,P,P,P,P,P,P
69,KOLLURU MADHURIMA,CSE,CSE2,C2,CGN22,C325,2300033422,P,P,P,P,P,P,P,P
70,M HANEESH,CSE,CSE2,C2,CGN22,C325,2300033506,P,P,P,P,P,P,P,P
71,JYOTHI BARIGE,CSE,CSE2,C2,CGN22,C325,2300033514,P,P,A,A,P,P,P,P
72,ASHIKA GADDAM,CSE,CSE2,C2,CGN22,C325,2300033539,P,P,P,P,P,P,P,P
73,MALLA SANJAY,CSE,CSE2,C2,CGN22,C325,2300033553,P,P,P,P,P,P,P,P
74,YANAMADALA MEGHANA CHOWDARY,CSE,CSE2,C2,CGN22,C325,2300033616,P,P,P,P,P,P,P,P
75,SEERLA JASWANTH,CSE,CSE2,C2,CGN22,C325,2300033659,A,A,A,A,A,A,A,A
76,SHREE NANDAN REDDY P,CSE,CSE2,C2,CGN22,C325,2300033667,P,P,P,P,P,P,P,P
77,SOMISETTY RANI,CSE,CSE2,C2,CGN22,C325,2300033746,P,P,P,P,P,P,P,P
78,VALETI SRUTHI,CSE,CSE2,C2,CGN22,C325,2300033760,A,A,A,A,A,A,A,A
79,GEDELA PAVAN SURYA VENKATA SAI,CSE,CSE2,C2,CGN22,C325,2300033797,P,P,P,P,P,P,P,P
80,ABHINAY KUMAR KALISETTY,AIDS,AIDS,C2,CGN22,C325,2300080001,P,P,P,P,P,P,P,P
81,ANOOHYA EATHAKOTA,AIDS,AIDS,C2,CGN22,C325,2300080013,P,P,P,P,P,P,P,P
82,GANJI MURALI SANDEEP,AIDS,AIDS,C2,CGN22,C325,2300080015,P,P,P,P,P,P,P,P
83,SHASHANK VEMULAPALLI,AIDS,AIDS,C2,CGN22,C325,2300080042,P,P,P,P,P,P,P,P
84,HARSHITHA LAKSHMI YALAMARTHI,AIDS,AIDS,C2,CGN22,C325,2300080057,A,A,A,A,A,A,A,A
85,RAVI SHANKAR REDDY,AIDS,AIDS,C2,CGN22,C325,2300080079,P,P,P,P,P,P,P,P
86,MACHAVARAPU ABHIRAM,AIDS,AIDS,C2,CGN22,C325,2300080099,P,P,P,P,P,P,P,P
87,ROHITH,AIDS,AIDS,C2,CGN22,C325,2300080116,P,P,P,P,P,P,P,P
88,K.VENKATA HARSHA VARDHAN REDDY,AIDS,AIDS,C2,CGN22,C325,2300080117,P,P,P,P,P,P,P,P
89,VINAY GUNDA,AIDS,AIDS,C2,CGN22,C325,2300080126,P,P,P,P,P,P,P,P
90,KOTA VIJAYA SINDHUJA,AIDS,AIDS,C2,CGN22,C325,2300080143,P,P,P,P,P,P,P,P
91,DANDA RAMAKANTH REDDY,AIDS,AIDS,C2,CGN22,C325,2300080162,P,P,P,P,P,P,P,P
92,NEELAPU LALITHANANDA REDDY,AIDS,AIDS,C2,CGN22,C325,2300080163,P,P,P,P,P,P,P,P
93,CHEBROLU GOWRY LAKSHMI GREESHMA,AIDS,AIDS,C2,CGN22,C325,2300080171,P,P,P,P,P,P,P,P
94,CHALAMSETTI SAI BHANU PRAKASH,AIDS,AIDS,C2,CGN22,C325,2300080185,P,P,P,P,P,P,P,P
95,MUVVALA NAGA SAI ROHIT,AIDS,AIDS,C2,CGN22,C325,2300080196,P,P,P,P,P,P,P,P
96,YENUGA MANDI CHENNA REDDY,AIDS,AIDS,C2,CGN22,C325,2300080247,P,P,P,P,P,P,P,P
97,ANIRUDH CHENNA,AIDS,AIDS,C2,CGN22,C325,2300080328,P,P,P,P,P,P,P,P
98,VEERA DURGA K,AIDS,AIDS,C2,CGN22,C325,2300080392,P,P,P,P,P,P,P,P
99,NAGA VENKATA MAHESH POTURI,AIDS,AIDS,C2,CGN22,C325,2300080408,P,P,P,P,P,P,P,P
100,ADAPALA DISCO SIVA SURENDRA,AIDS,AIDS,C2,CGN22,C325,2300089013,P,P,P,P,P,P,P,P
101,KOPPOLU GNANESWARA RAMU,AIDS,AIDS,C2,CGN22,C325,2300089019,P,P,P,P,P,P,A,A
102,MOTEVAR VAISHNAVI,AIDS,AIDS,C2,CGN22,C325,2300089031,P,P,P,P,A,A,P,P
103,PARVATHANENI PUNEETH,AIDS,AIDS,C2,CGN22,C325,2300089041,P,P,P,P,P,P,P,P
104,PENTAKOTI NANDINI,AIDS,AIDS,C2,CGN22,C325,2300089052,P,P,A,A,P,P,A,A
105,G CHARVI MAHATHI,CSE,CSE2,C2,CGN22,C325,2300032933,P,P,P,P,P,P,P,P
106,BUDAGALA LAKSHMI VENKATA SREEJA,CSE,CSE2,C2,CGN22,C325,2300033024,P,P,P,P,P,P,P,P
107,PERIKE GRACY EVANGELINE,AIDS,AIDS,C2,CGN22,C325,2300089006,A,A,A,A,A,A,A,A
108,SHAIK SANIYA,AIDS,AIDS,C2,CGN22,C325,2300089032,A,A,A,A,A,A,A,A
109,TALLA DAKSHAYANI,AIDS,AIDS,C2,CGN22,C325,2300080314,P,P,P,P,P,P,P,P
1,BEERAM SIVANI,CSE,CSE3,C1,IS106,C409,2300030078,P,P,P,P,P,P,P,P
2,DAMA SRIJA,CSE,CSE3,C1,IS106,C409,2300030151,P,P,P,P,P,P,P,P
3,GOLLA GANESH,CSE,CSE3,C1,IS106,C409,2300030214,P,P,P,P,P,P,P,P
4,KOLLI ROHITH REDDY,CSE,CSE3,C1,IS106,C409,2300030333,P,P,P,P,P,P,P,P
5,RITHVIK DHOOLIPALLA,CSE,CSE3,C1,IS106,C409,2300030587,P,P,P,P,P,P,P,P
6,VENKATA SAI PODILI,CSE,CSE3,C1,IS106,C409,2300030725,A,A,A,A,A,A,A,A
7,VENNAPUSA DHANUSH REDDY,CSE,CSE3,C1,IS106,C409,2300030728,P,P,P,P,P,P,P,P
8,PUSHPAREDDY,CSE,CSE3,C1,IS106,C409,2300030755,P,P,P,P,P,P,P,P
9,SOMANATH IMADABATTINA,CSE,CSE3,C1,IS106,C409,2300030906,P,P,P,P,P,P,P,P
10,DIRISHALA GOPI KRISHNA,CSE,CSE3,C1,IS106,C409,2300030916,P,P,P,P,P,P,P,P
11,CHANDRA LEKHA,CSE,CSE3,C1,IS106,C409,2300031017,P,P,P,P,P,P,P,P
12,VADURI BALARAMA SESHA SRIKAR,CSE,CSE3,C1,IS106,C409,2300031073,P,P,P,P,P,P,A,A
13,DAMULURI.PURNA VENKAT KRISHNA ARJUN,CSE,CSE3,C1,IS106,C409,2300031217,P,P,P,P,P,P,P,P
14,NIMMAGADDA ABHIRAM,CSE,CSE3,C1,IS106,C409,2300031364,P,P,P,P,P,P,P,P
15,MUNTALA HIMAJA,CSE,CSE3,C1,IS106,C409,2300031488,P,P,P,P,P,P,P,P
16,GARIKAPATI GOPI CHARAN,CSE,CSE3,C1,IS106,C409,2300031500,P,P,P,P,P,P,A,A
17,SURE GANESH VAMSI KRISHNA,CSE,CSE3,C1,IS106,C409,2300031508,P,P,P,P,P,P,P,P
18,GANNA SRIKAR,CSE,CSE3,C1,IS106,C409,2300031750,P,P,P,P,P,P,P,P
19,NAVYA THIRIVEEDHI,CSE,CSE3,C1,IS106,C409,2300031775,P,P,P,P,P,P,P,P
20,MATURI GOWTHAMSAI,CSE,CSE3,C1,IS106,C409,2300031914,P,P,P,P,P,P,P,P
21,BADISA GEETHA CHARAN,CSE,CSE3,C1,IS106,C409,2300031980,P,P,P,P,P,P,P,P
22,MOJESH MANCHEM,CSE,CSE3,C1,IS106,C409,2300032066,A,A,A,A,A,A,A,A
23,MAHESWARA LAXMAN,CSE,CSE3,C1,IS106,C409,2300032130,A,A,A,A,A,A,A,A
24,BODDALA LAKSHMI PRASANNA SAI KUMAR,CSE,CSE3,C1,IS106,C409,2300032205,A,A,A,A,A,A,A,A
25,CHAITANYA LACCHI,CSE,CSE3,C1,IS106,C409,2300032239,P,P,P,P,P,P,P,P
26,AYILURI SAI SUBRAHMANYA AMULYANATH,CSE,CSE3,C1,IS106,C409,2300032359,P,P,P,P,P,P,P,P
27,OBILINA DEVENDRA VENKATA SAI CHOWDARY,CSE,CSE3,C1,IS106,C409,2300032380,P,P,P,P,P,P,P,P
28,KALIKIVAYI SILPA,CSE,CSE3,C1,IS106,C409,2300032381,A,A,A,A,A,A,A,A
29,KOLLURI SHAKTHI HARI CHARAN,CSE,CSE3,C1,IS106,C409,2300032417,A,A,A,A,A,A,A,A
30,PALLA SRI HARSHITH SAI RAM,CSE,CSE3,C1,IS106,C409,2300032591,A,A,A,A,A,A,A,A
31,MANJUHASINI,CSE,CSE3,C1,IS106,C409,2300032593,P,P,P,P,P,P,A,A
32,SHANMUKHA VARDHAN MANIVELTHI,CSE,CSE3,C1,IS106,C409,2300032676,P,P,P,P,P,P,P,P
33,DINESH KUMAR YADAV,CSE,CSE3,C1,IS106,C409,2300032744,A,A,A,A,A,A,A,A
34,GARLAPATI JAYARAM VENKATA NAGA SAI SARATH,CSE,CSE3,C1,IS106,C409,2300032762,A,A,A,A,A,A,A,A
35,PASALA HARSHA SATYA SAI PHANI,CSE,CSE3,C1,IS106,C409,2300033050,P,P,P,P,P,P,P,P
36,ACHUTA LAKSHMI PRASANNA,CSE,CSE3,C1,IS106,C409,2300033130,P,P,P,P,P,P,P,P
37,K HARICHARAN,CSE,CSE3,C1,IS106,C409,2300033226,P,P,P,P,P,P,P,P
38,JOHN WESLEY DONE,CSE,CSE3,C1,IS106,C409,2300033457,P,P,P,P,P,P,P,P
39,POKURI SARVANI,CSE,CSE3,C1,IS106,C409,2300033495,P,P,P,P,P,P,P,P
40,KODI DINESH,CSE,CSE3,C1,IS106,C409,2300033551,P,P,P,P,P,P,P,P
41,VAMSI MERLA,CSE,CSE3,C1,IS106,C409,2300033570,P,P,P,P,P,P,P,P
42,BHIMISETTY SAI YESWANTH,CSE,CSE3,C1,IS106,C409,2300033611,P,P,P,P,P,P,P,P
43,PARIMI SRI VIJAYA VIKAS CHOWDARY,CSE,CSE3,C1,IS106,C409,2300033793,A,A,A,A,A,A,A,A
44,CHASWANTH SAI,CSE,CSE3,C1,IS106,C409,2300033795,P,P,P,P,P,P,P,P
45,CHALLA MAHESWAR REDDY,CSE,CSE3,C1,IS106,C409,2300033844,P,P,P,P,P,P,P,P
46,GAURAV KUMAR,CSE,CSE3,C1,IS106,C409,2300033867,P,P,P,P,P,P,P,P
47,POTHUGANTI LAKSHMI CHAKRADHAR,CSE,CSE3,C1,IS106,C409,2300039016,P,P,P,P,P,P,P,P
48,SATTAR KHAN,CSE,CSE3,C1,IS106,C409,2300039082,P,P,P,P,P,P,P,P
49,SUPRADEEP VELADANDI,CSE,CSE3,C1,IS106,C409,2300039091,P,P,P,P,P,P,P,P
50,DASARI PAVAN,CSE,CSE3,C1,IS106,C409,2300039092,P,P,P,P,P,P,P,P
51,A.RAJA SANTOSH GANESH,CSE,CSE3,C1,IS106,C409,2300039107,P,P,P,P,P,P,P,P
52,YAKKATEELA YASWANTH KUMAR,CSE,CSE3,C1,IS106,C409,2300039111,P,P,P,P,P,P,P,P
53,EDAPALAPATI NAGA VENKATA BANGARU SAI ESWAR,CSE,CSE3,C1,IS106,C409,2300039123,P,P,P,P,P,P,P,P
54,SYED ZUBEAR AHAMMAD,CSE,CSE3,C1,IS106,C409,2300039125,P,P,P,P,P,P,P,P
55,POTTURI SHANMUKHA,CSE,CSE3,C1,IS106,C409,2300039137,P,P,P,P,P,P,P,P
56,KATHI . SHANMUKHA SIRI CHANDANA,CSE,CSE3,C1,IS106,C409,2300031158,P,P,P,P,P,P,P,P
57,MULAGAPATI SESHACHALA PADMANABHA RAJU,CSE,CSE3,C1,IS106,C409,2300031229,P,P,P,P,P,P,P,P
58,SANJANA NAIDU,CSE,CSE3,C1,IS106,C409,2300030657,P,P,P,P,P,P,P,P
59,BIKKI KAVYA,CSE,CSE3,C1,IS106,C409,2300031735,A,P,P,P,P,P,P,P
60,JYOTHI JAYA RAM,CSE,CSE3,C1,IS106,C409,2300031768,P,P,P,P,P,P,P,P
61,BH NAGA MALLESWARARAO,CSE,CSE3,C1,IS106,C409,2300032024,P,P,P,P,P,P,A,A
62,TORLIKONDA JAHNAVI,CSE,CSE3,C1,IS106,C409,2300033715,P,P,P,P,P,P,P,P
63,NITISH BOLLA,CSE,CSE3,C1,IS106,C409,2300032224,A,A,A,A,A,A,A,A
64,DUMPA INDHIRA PRIYA,CSE,CSE3,C1,IS106,C409,2300032879,P,P,P,P,P,P,P,P
65,DANDE NITHYA,CSE,CSE3,C1,IS106,C409,2300032986,A,A,P,P,P,P,P,P
66,T DINESH MOHAN RAO,CSE,CSE3,C1,IS106,C409,2300033109,P,P,P,P,P,P,P,P
1,RAJKUMAR BEJAWADA,CSE,CSE2,C1,SI11,C425,2300030079,P,P,P,P,A,A,P,P
2,DABBAKUTI AHALYA,CSE,CSE1,C1,SI11,C425,2300030149,P,P,P,P,P,P,P,P
3,GUNDU BHANU PRAKASH,CSE,CSE1,C1,SI11,C425,2300030237,P,P,P,P,P,P,P,P
4,KEERTHI SRI AMBICA DEVI PUJARI,CSE,CSE4,C1,SI11,C425,2300030320,P,P,P,P,P,P,P,P
5,KOMMAREDDY KARTHIK REDDY,CSE,CSE2,C1,SI11,C425,2300030338,P,P,P,P,P,P,P,P
6,KOTA DEVI SRUHITHA SRI,CSE,CSE1,C1,SI11,C425,2300030351,P,P,P,P,P,P,P,P
7,MADA SURESH,CSE,HTE,C1,SI11,C425,2300030390,P,P,P,P,P,P,P,P
8,MADDINENI PRAVALLIKA,CSE,CSE1,C1,SI11,C425,2300030394,P,P,P,P,P,P,P,P
9,MATURU SRAVAN KUMAR,CSE,HTI,C1,SI11,C425,2300030417,P,P,P,P,P,P,P,P
10,MOPURI GURU SHAILESH,CSE,HTR,C1,SI11,C425,2300030442,P,P,P,P,P,P,P,P
11,GOWTHAM KUMAR PENDEM,CSE,CSE2,C1,SI11,C425,2300030523,P,P,P,P,P,P,P,P
12,PENTI SONIKA,CSE,CSE2,C1,SI11,C425,2300030527,P,P,P,P,A,A,A,A
13,RAVI HARSHITH REDDY,CSE,HTR,C1,SI11,C425,2300030579,P,P,P,P,P,P,P,P
14,SOMISETTY MANOCHARAN,CSE,CSE1,C1,SI11,C425,2300030647,P,P,P,P,P,P,P,P
15,ASHOK CHANDRA GORLA,CSE,HTR,C1,SI11,C425,2300030846,P,P,P,P,P,P,P,P
16,VELIVELA SREEHITHA,CSE,HTE,C1,SI11,C425,2300030876,P,P,P,P,P,P,P,P
17,MODEKURTY SRI HARSHA,CSE,CSE2,C1,SI11,C425,2300030886,P,P,P,P,P,P,P,P
18,GOLI SANDILYA ARJUN KUMAR,CSE,CSE1,C1,SI11,C425,2300030948,P,P,P,P,P,P,P,P
19,POLISETTI LEENA SRI LAHARI,CSE,CSE1,C1,SI11,C425,2300031012,P,P,P,P,P,P,P,P
20,RAVURI RUPA SAI KALYAN KUMAR,CSE,CSE1,C1,SI11,C425,2300031069,P,P,P,P,P,P,P,P
21,SAKALABATTULA KAMESH PRASAD,CSE,CSE2,C1,SI11,C425,2300031070,P,P,P,P,P,P,P,P
22,ACHUTHA V S MOHAN SRI PUNEETH,CSE,CSE1,C1,SI11,C425,2300031079,P,P,P,P,P,P,P,P
23,BHIMIREDDY MEGHANA SIVA PRIYA,CSE,HTE,C1,SI11,C425,2300031106,P,P,P,P,P,P,P,P
24,SAI PULLESWARA JAYANTH CHAKKA,CSE,CSE1,C1,SI11,C425,2300031110,P,P,P,P,P,P,P,P
25,RATHNAKARAM VENKATA CHANDRA SEKHARA RAJU,CSE,HTI,C1,SI11,C425,2300031237,P,P,P,P,P,P,P,P
26,ANGADALA VENKATA PRASANNA JAYA KRISHNA SAI,CSE,CSE2,C1,SI11,C425,2300031240,P,P,P,P,P,P,P,P
27,BHIMAVARAPU BOGENDRA SAI KUMAR REDDY,CSE,CSE1,C1,SI11,C425,2300031290,P,P,P,P,P,P,P,P
28,THOTA GOWTHAM,CSE,HTE,C1,SI11,C425,2300031331,P,P,P,P,P,P,P,P
29,KEERTHI BONISHIRA AKSHAYA,CSE,CSE1,C1,SI11,C425,2300031341,P,P,P,P,P,P,P,P
30,SRI SAI SATYA MANIDEEP GANNAVARAM,CSE,CSE1,C1,SI11,C425,2300031433,P,P,P,P,P,P,P,P
31,KAKUMANI VENKATA NAGA SAI RUSHITHA,CSE,CSE1,C1,SI11,C425,2300031455,P,P,P,P,A,A,A,A
32,KINNERA VENKATA NAGA BALAJI,CSE,HTE,C1,SI11,C425,2300031502,P,P,P,P,P,P,P,P
33,B SURAJ PATRA,CSE,HTE,C1,SI11,C425,2300031514,P,P,P,P,P,P,P,P
34,SINDHANUR JAGADEESH,CSE,HTR,C1,SI11,C425,2300031572,A,A,A,A,A,A,A,A
35,AKETI SAI SUBRAHMANYA SWATHIK,CSE,CSE3,C1,SI11,C425,2300031604,P,P,P,P,P,P,P,P
36,VAMSI KRISHNA GANTA,CSE,CSE2,C1,SI11,C425,2300031633,P,P,P,P,P,P,P,P
37,VEDA SUHAS KULKARNI,CSE,HTE,C1,SI11,C425,2300031649,P,P,P,P,P,P,P,P
38,SHAIK ABDUL KARIM AZAD,CSE,CSE2,C1,SI11,C425,2300031662,P,P,P,P,P,P,P,P
39,INAVOLU VISHNU SATHWIK,CSE,CSE2,C1,SI11,C425,2300031684,P,P,P,P,P,P,P,P
40,ADNAN ASHRAF,CSE,CSE1,C1,SI11,C425,2300031713,P,P,P,P,P,P,P,P
41,GUNANA JASWANTH,CSE,CSE2,C1,SI11,C425,2300031720,P,P,P,P,P,P,P,P
42,TIKKISETTY MOKSHITHA,CSE,CSE1,C1,SI11,C425,2300031721,P,P,P,P,P,P,P,P
43,MADDALI VENKATA BHASKARA NAGA SREEGANESH,CSE,HTE,C1,SI11,C425,2300031823,P,P,P,P,P,P,P,P
44,KOPPOLU SANDILYA,CSE,CSE1,C1,SI11,C425,2300031953,P,P,P,P,A,A,A,A
45,SOMESH SWADHIN BISWAL,CSE,HTE,C1,SI11,C425,2300031960,P,P,P,P,A,A,P,P
46,KARRI SRI KARTHIK REDDY,CSE,CSE1,C1,SI11,C425,2300031968,A,A,P,P,P,P,P,P
47,CHINTALA SAI VARUN,CSE,CSE1,C1,SI11,C425,2300031984,P,P,P,P,P,P,P,P
48,PEPAKAYALA YASASVI NIVAS TARUN,CSE,CSE1,C1,SI11,C425,2300032005,P,P,P,P,P,P,P,P
49,GARAGA PAVAN KARTHIK,CSE,CSE1,C1,SI11,C425,2300032048,P,P,P,P,P,P,P,P
50,ADABALA KAVYA,CSE,CSE1,C1,SI11,C425,2300032108,P,P,P,P,P,P,P,P
51,BOPPANA HARSHINI CHOWDARY,CSE,CSE2,C1,SI11,C425,2300032117,P,P,P,P,P,P,P,P
52,KASI SAICHARAN,CSE,CSE2,C1,SI11,C425,2300032175,P,P,P,P,P,P,P,P
53,NALABOLU VAISHNAVI DEVI,CSE,HTI,C1,SI11,C425,2300032177,P,P,P,P,P,P,P,P
54,DASARI DATTA SAI UDAY,CSE,CSE2,C1,SI11,C425,2300032250,P,P,P,P,P,P,P,P
55,JATIN PARIDAL,CSE,CSE4,C1,SI11,C425,2300032306,P,P,P,P,P,P,P,P
56,PAVANI SAI DEVI LODAGALA,CSE,CSE2,C1,SI11,C425,2300032355,P,P,P,P,P,P,P,P
57,ANGAJALA VEERA RAM KUMAR,CSE,CSE1,C1,SI11,C425,2300032431,P,P,P,P,P,P,P,P
58,CHANDAKA SASIKUMAR,CSE,CSE1,C1,SI11,C425,2300032451,P,P,P,P,P,P,P,P
59,KARAMSETTY PRANATHI,CSE,CSE2,C1,SI11,C425,2300032452,A,A,A,A,A,A,A,A
60,THUMMAGANTI JAYANTH RAJ,CSE,HTE,C1,SI11,C425,2300032469,P,P,P,P,P,P,P,P
61,BHEEMARASETTY JNASWANTH,CSE,CSE1,C1,SI11,C425,2300032498,P,P,P,P,P,P,P,P
62,SYED ANAS,CSE,CSE2,C1,SI11,C425,2300032619,P,P,P,P,P,P,P,P
63,CHALLAPALLI PRATHYUSHA,CSE,CSE1,C1,SI11,C425,2300032633,P,P,P,P,P,P,P,P
64,THOTAKURA YASASWINI APARNA,CSE,HTR,C1,SI11,C425,2300032638,P,P,P,P,P,P,P,P
65,AKKALADEVI MEENAKSHI,CSE,HTR,C1,SI11,C425,2300032649,P,P,P,P,P,P,P,P
66,PASUPULETI VENKATA SAI KEERTHAN,CSE,CSE1,C1,SI11,C425,2300032743,P,P,P,P,P,P,P,P
67,RAMISETTI PURNA CHANDRIKA,CSE,CSE2,C1,SI11,C425,2300032803,P,P,P,P,P,P,P,P
68,PUVVALA HEMA SRI VARSHAN,CSE,CSE1,C1,SI11,C425,2300032811,P,P,P,P,P,P,P,P
69,PARDHASARADHI KOTTURTHI,CSE,CSE2,C1,SI11,C425,2300032826,P,P,P,P,P,P,P,P
70,PASUMARTHI VENKATA SAI SPANDANA,CSE,CSE2,C1,SI11,C425,2300033033,P,P,P,P,P,P,P,P
71,SHAIK CHINTAPALLI SULTHAN HASAN,CSE,HTE,C1,SI11,C425,2300033042,P,P,P,P,P,P,P,P
72,VALLABHANENI HARSHINI,CSE,CSE2,C1,SI11,C425,2300033232,A,A,A,A,A,A,A,A
73,VALUROUTHU JASHWANTH,CSE,HTE,C1,SI11,C425,2300033249,P,P,P,P,P,P,P,P
74,KOMMI. RESHMA CHOWDARY,CSE,HTE,C1,SI11,C425,2300033252,P,P,P,P,P,P,P,P
75,PALLAM HEMACHAND,CSE,HTE,C1,SI11,C425,2300033403,P,P,P,P,P,P,P,P
76,HARSHAVARDHAN SAI PESALA,CSE,CSE1,C1,SI11,C425,2300033584,P,P,P,P,A,A,A,A
77,GURRAM NISHANT RAJENDRARAO,CSE,HTE,C1,SI11,C425,2300033592,P,P,P,P,P,P,P,P
78,NARAGAM JIVITESH,CSE,CSE3,C1,SI11,C425,2300033701,P,P,P,P,P,P,P,P
79,DESINA BALA SAGAR,CSE,HTE,C1,SI11,C425,2300033854,P,P,P,P,P,P,P,P
80,VASANTH KUMAR NIMMITI,CSE,CSE3,C1,SI11,C425,2300039056,P,P,P,P,P,P,P,P
81,ILLURI YOGI GANESH NAGENDRA,CSE,CSE3,C1,SI11,C425,2300039065,P,P,P,P,P,P,P,P
82,KAMBHAMPATI GOPI SAI,CSE,CSE3,C1,SI11,C425,2300039067,P,P,P,P,P,P,P,P
83,MACHARLA SRI VEERA VENKATA SIVA SAINADH,CSE,CSE3,C1,SI11,C425,2300039110,P,P,P,P,A,A,A,A
84,THOKALA PAVAN,CSE,CSE3,C1,SI11,C425,2300039135,P,P,P,P,P,P,P,P
85,VARRI SRI SIVA SAI PRANAY,ECE,ECE,C1,SI11,C425,2300040046,P,P,P,P,P,P,P,P
86,NADIPALLI RITHVIKA LAKSHMI,ECE,ECE,C1,SI11,C425,2300040105,P,P,P,P,P,P,P,P
87,SHYAMSUNDAR BEZAWADA,CSE,HTE,C1,SI11,C425,2300040118,P,P,P,P,P,P,P,P
88,SANDU PREETHISREE NAGA SAI,ECE,ECE,C1,SI11,C425,2300040199,P,P,P,P,P,P,P,P
89,MARAM POOJITHA,ECE,ECE,C1,SI11,C425,2300040308,P,P,P,P,P,P,P,P
90,NAINALA SIVA DURGA PRASAD,ECE,ECE,C1,SI11,C425,2300040321,P,P,P,P,P,P,P,P
91,DESABOINA ABHILASH MANIKANTA,ECE,ECE,C1,SI11,C425,2300040322,P,P,P,P,P,P,P,P
92,VENKATA SIVA SAI,ECE,ECE,C1,SI11,C425,2300040329,P,P,P,P,P,P,P,P
93,KAMALNADH BEJJAM,ECE,ECE,C1,SI11,C425,2300040372,P,P,P,P,P,P,P,P
94,SANAGAPALLI BABITHA LAKSHMI,ECE,ECE,C1,SI11,C425,2300040398,P,P,P,P,P,P,A,A
95,SARATH CHANDRA DONEPUDI,ECE,ECE,C1,SI11,C425,2300040452,A,A,A,A,A,A,A,A
96,ROKKAM HEMANTH KUMAR,ECE,ECE,C1,SI11,C425,2300049021,P,P,P,P,P,P,P,P
97,BOYINA JASWANTH,ECE,ECE,C1,SI11,C425,2300049059,P,P,P,P,P,P,P,P
98,PULIPATI GAYATHRI,ECE,ECE,C1,SI11,C425,2300049174,P,P,P,P,P,P,P,P
99,SADDALA REDDY JOSHNA,ECE,ECE,C1,SI11,C425,2300049199,P,P,P,P,P,P,P,P
100,SRINADH KANCHARLA,AIDS,HTR,C1,SI11,C425,2300080021,P,P,P,P,P,P,P,P
101,M N S S GNANA PRASUNAMBA,AIDS,AIDS,C1,SI11,C425,2300080123,P,P,P,P,P,P,P,P
102,BOMMAREDDY TANOJ RAHUL REDDY,AIDS,HTE,C1,SI11,C425,2300080131,A,A,A,A,A,A,A,A
103,KEERTHI SRIVALLI GADIRAJU,AIDS,AIDS,C1,SI11,C425,2300080147,P,P,P,P,P,P,P,P
104,RAYA VIKHYATH,AIDS,HTR,C1,SI11,C425,2300080188,P,P,P,P,A,A,P,P
105,HARIESHWAR VAJRALA,AIDS,AIDS,C1,SI11,C425,2300080343,P,P,P,P,P,P,P,P
106,PHANEENDHAR KAKARAPARTHY,AIDS,AIDS,C1,SI11,C425,2300080346,P,P,P,P,P,P,P,P
107,KARANAM ANJULA CHOWDARY,CSIT,CSIT,C1,SI11,C425,2300090024,P,P,P,P,A,A,A,A
108,MADDULA REVANTH SRI,CSIT,HTE,C1,SI11,C425,2300090029,P,P,P,P,P,P,P,P
109,KAMASANI SHYAM PRASAD REDDY,CSIT,CSIT,C1,SI11,C425,2300090058,P,P,P,P,P,P,P,P
110,SHAIK MOHAMMED ASHRAF,CSIT,CSIT,C1,SI11,C425,2300090129,P,P,P,P,P,P,P,P
111,KULUKURI PRANEETH,CSIT,HTE,C1,SI11,C425,2300090274,P,P,P,P,P,P,P,P
112,PRAVALLIKA JUPALLI,CSIT,CSIT,C1,SI11,C425,2300090275,P,P,P,P,P,P,P,P
113,JYOTHI SRI PERUMALLA,CSIT,CSIT,C1,SI11,C425,2300090386,A,A,A,A,A,A,A,A
114,BODDUPALLI NIKHIL,IOT,IOT,C1,SI11,C425,2300100077,P,P,P,P,P,P,P,P
115,SHAIK HUSSAIN VALLI,CSE,CSE3,C1,SI11,C425,2300039032,P,P,P,P,P,P,P,P
116,BANDARU RAVI KIRAN,CSE,HTE,C1,SI11,C425,2300032113,P,P,P,P,P,P,P,P
1,VALIVETI DARSHINI,BT,BT,C1,GK12,C521B1,2300010122,P,P,P,P,P,P,P,P
2,CHALLA RISHIKUMAR REDDY,AIDS,AIDS,C1,GK12,C521B1,2300080009,P,P,P,P,P,P,P,P
3,CHARITHA REDDY GALI,AIDS,AIDS,C1,GK12,C521B1,2300080014,P,P,P,P,P,P,P,P
4,MADDULA KRISHNA VAMSI,AIDS,AIDS,C1,GK12,C521B1,2300080025,P,P,P,P,P,P,P,P
5,ROOPA SRAVANI BATTULA,AIDS,AIDS,C1,GK12,C521B1,2300080035,P,P,P,P,P,P,P,P
6,CHAITHEESH MANYAM,AIDS,AIDS,C1,GK12,C521B1,2300080045,A,A,A,A,A,A,A,A
7,GONUMAKULAPALLI HARSHAVARDHAN,AIDS,AIDS,C1,GK12,C521B1,2300080064,P,P,P,P,P,P,P,P
8,SRI SAILESH VIVEKANANDA PATCHA,AIDS,AIDS,C1,GK12,C521B1,2300080067,P,P,P,P,P,P,P,P
9,PULAVARTHI SRI LAKSHMI GAYATRI,AIDS,AIDS,C1,GK12,C521B1,2300080068,P,P,P,P,P,P,P,P
10,KANUGANTI VENKATA NAGA SUDARSHAN,AIDS,AIDS,C1,GK12,C521B1,2300080070,P,P,P,P,P,P,P,P
11,LEELA RAJA VARDHAN REDDY MEDAPATI,AIDS,AIDS,C1,GK12,C521B1,2300080072,A,A,A,A,A,A,A,A
12,KONDABATTULA YASWANTH AMBICA SAI,AIDS,AIDS,C1,GK12,C521B1,2300080086,P,P,P,P,P,P,P,P
13,CHANDALURI MASTHAN REDDY,AIDS,AIDS,C1,GK12,C521B1,2300080092,P,P,P,P,P,P,P,P
14,VARSHITH PONNAM,AIDS,AIDS,C1,GK12,C521B1,2300080098,P,P,P,P,P,P,P,P
15,GURU TARUN REDDY,AIDS,AIDS,C1,GK12,C521B1,2300080108,P,P,P,P,P,P,P,P
16,KUNKUNURU KONDALARAO,AIDS,AIDS,C1,GK12,C521B1,2300080120,P,P,P,P,P,P,P,P
17,PENUMALA MOUNISH,AIDS,AIDS,C1,GK12,C521B1,2300080129,P,P,P,P,P,P,P,P
18,YOGI SRI GANESH,AIDS,AIDS,C1,GK12,C521B1,2300080133,P,P,P,P,P,P,P,P
19,HASINI JAKKANA,AIDS,AIDS,C1,GK12,C521B1,2300080136,P,P,P,P,P,P,P,P
20,KONDAVEETI YUVA YOSHITHA LAKSHMI,AIDS,AIDS,C1,GK12,C521B1,2300080137,P,P,P,P,P,P,P,P
21,SHAIK MEERA MOHIDDIN,AIDS,AIDS,C1,GK12,C521B1,2300080145,P,P,P,P,P,P,P,P
22,PEDDI MAHA BHARADWAJA,AIDS,AIDS,C1,GK12,C521B1,2300080151,P,P,P,P,P,P,P,P
23,PRANEETH CHOWDARY,AIDS,AIDS,C1,GK12,C521B1,2300080154,A,A,A,A,A,A,A,A
24,PEDDI REDDY VENKATA SUDARSAN REDDY,AIDS,AIDS,C1,GK12,C521B1,2300080178,P,P,P,P,P,P,P,P
25,HARI PRABHU NARAHARISETTY,AIDS,AIDS,C1,GK12,C521B1,2300080183,P,P,P,P,P,P,P,P
26,VENKATA KARTHIKEYA GOLLAMUDI,AIDS,AIDS,C1,GK12,C521B1,2300080189,P,P,P,P,P,P,P,P
27,PINNAMREDDY SAI VIGNAN REDDY,AIDS,AIDS,C1,GK12,C521B1,2300080200,P,P,P,P,P,P,P,P
28,YELIPEDDI ABHIMAN REDDY,AIDS,AIDS,C1,GK12,C521B1,2300080201,P,P,P,P,P,P,P,P
29,SUBBA REDDY DONDATI,AIDS,AIDS,C1,GK12,C521B1,2300080220,P,P,P,P,P,P,P,P
30,POREDDY VENKATA VIJAY SIVA REDDY,AIDS,AIDS,C1,GK12,C521B1,2300080224,A,A,A,A,A,A,A,A
31,BATHULA SRINU,AIDS,AIDS,C1,GK12,C521B1,2300080226,P,P,P,P,P,P,P,P
32,BHERI RANJITH KUMAR,AIDS,AIDS,C1,GK12,C521B1,2300080232,P,P,P,P,P,P,P,P
33,PEDDI BHARATH KUMAR,AIDS,AIDS,C1,GK12,C521B1,2300080238,P,P,P,P,P,P,P,P
34,MOHAMMAD KHAJA MOHINUDDIN SHARIFF,AIDS,AIDS,C1,GK12,C521B1,2300080241,P,P,P,P,P,P,P,P
35,NIMMAGADDA GOWRI KRISHNA NAGESWARI,AIDS,AIDS,C1,GK12,C521B1,2300080242,P,P,P,P,P,P,P,P
36,LITHIKA_BOLLINA,AIDS,AIDS,C1,GK12,C521B1,2300080260,A,A,A,A,A,A,A,A
37,AIMAN KHAN,AIDS,AIDS,C1,GK12,C521B1,2300080266,P,P,P,P,A,A,P,P
38,LIKITH SAI RAM REDDY PULICHARLA,AIDS,AIDS,C1,GK12,C521B1,2300080271,A,A,A,A,A,A,A,A
39,DINESH REDDY VENNAPUSA,AIDS,AIDS,C1,GK12,C521B1,2300080287,P,P,P,P,P,P,P,P
40,BEZAVADA RAGA SUSMITHA,AIDS,AIDS,C1,GK12,C521B1,2300080288,P,P,P,P,P,P,P,P
41,PATAN KHASEEM KHAN,AIDS,AIDS,C1,GK12,C521B1,2300080307,P,P,P,P,P,P,P,P
42,LIKHITHA YAMMANURU,AIDS,AIDS,C1,GK12,C521B1,2300080309,P,P,P,P,P,P,P,P
43,KACHANDRASEKHAR,AIDS,AIDS,C1,GK12,C521B1,2300080310,P,P,P,P,P,P,P,P
44,VUYYURU KALYANI,AIDS,AIDS,C1,GK12,C521B1,2300080325,A,A,A,A,A,A,A,A
45,GODI SASANK KUMAR REDDY,AIDS,AIDS,C1,GK12,C521B1,2300080331,P,P,P,P,P,P,P,P
46,VOOTLA RESHMA CHETHANA,AIDS,AIDS,C1,GK12,C521B1,2300080334,P,P,A,A,P,P,P,P
47,ALLAMPATI THIRUMALA TEJA,AIDS,AIDS,C1,GK12,C521B1,2300080355,P,P,P,P,P,P,P,P
48,MAMIDIPAKA ESWARA RAO,AIDS,AIDS,C1,GK12,C521B1,2300080363,P,P,P,P,P,P,P,P
49,MALEPATI GNANA SEKHAR,AIDS,AIDS,C1,GK12,C521B1,2300080384,P,P,P,P,P,P,P,P
50,POTLURI HARSHITH PAVAN SAI,AIDS,AIDS,C1,GK12,C521B1,2300080394,P,P,P,P,P,P,A,A
51,KOLLATI SRI GANESH,AIDS,AIDS,C1,GK12,C521B1,2300080404,P,P,P,P,P,P,P,P
52,M.K PRUDHVINATH,AIDS,AIDS,C1,GK12,C521B1,2300080414,P,P,P,P,P,P,P,P
53,GOGINENI AKASH,AIDS,AIDS,C1,GK12,C521B1,2300080420,P,P,P,P,P,P,P,P
54,K MANISH KUMAR,AIDS,AIDS,C1,GK12,C521B1,2300089002,P,P,P,P,P,P,P,P
55,KARNATI POWSHITHA,AIDS,AIDS,C1,GK12,C521B1,2300089007,P,P,P,P,P,P,P,P
56,MUHAMMAD SHUAIB NAWAZ,AIDS,AIDS,C1,GK12,C521B1,2300089020,P,P,P,P,P,P,P,P
57,PRUDHVI CHARAN,AIDS,AIDS,C1,GK12,C521B1,2300089024,P,P,P,P,P,P,P,P
58,LOKESH_RAVILLA,AIDS,AIDS,C1,GK12,C521B1,2300089054,P,P,P,P,P,P,P,P
59,TANAKANTI RENUKA,IOT,IOT,C1,GK12,C521B1,2300100002,P,P,P,P,P,P,P,P
60,HARSHITHA SHARMA VARANASI,IOT,IOT,C1,GK12,C521B1,2300100004,A,A,A,A,A,A,A,A
61,GRANDHI SIVA NAGA SAI JAYANTH,IOT,IOT,C1,GK12,C521B1,2300100005,A,A,A,A,A,A,A,A
62,RAVULA AKHIL REDDY,IOT,IOT,C1,GK12,C521B1,2300100013,P,P,P,P,P,P,P,P
63,NAKKA.JYOTHI,IOT,IOT,C1,GK12,C521B1,2300100024,P,P,P,P,P,P,P,P
64,N.VISWESWARA BABU,IOT,IOT,C1,GK12,C521B1,2300100047,P,P,P,P,P,P,A,A
65,PALAM DHARMA TEJA REDDY,IOT,IOT,C1,GK12,C521B1,2300100053,P,P,P,P,P,P,P,P
66,PUSHYAHARINI,IOT,IOT,C1,GK12,C521B1,2300100058,P,P,P,P,P,P,P,P
67,GUNDA VENKATA SUSHANTH,AIDS,AIDS,C1,GK12,C521B1,2300089040,P,P,P,P,P,P,P,P
68,MOHAMMAD SAJID,AIDS,AIDS,C1,GK12,C521B1,2300080030,P,P,P,P,P,P,P,P
69,PALA NAGA RAJA REDDY,AIDS,AIDS,C1,GK12,C521B1,2300080032,P,P,P,P,P,P,P,P
70,REDDY MONANJANA REDDY,AIDS,AIDS,C1,GK12,C521B1,2300080140,P,P,P,P,P,P,P,P
71,ELISETTY VASU,IOT,IOT,C1,GK12,C521B1,2300100076,P,P,P,P,P,P,P,P
1,BUSIREDDY RAMA LAKSHMI,CSE,CSE3,C2,IS209,C521B2,2300030107,P,P,P,P,P,P,P,P
2,EP NIVETHA,CSE,CSE3,C2,IS209,C521B2,2300030178,P,P,P,P,P,P,P,P
3,KANDI JYOTHSNA SRI SAI,CSE,CSE3,C2,IS209,C521B2,2300030300,P,P,P,P,P,P,P,P
4,VINOSHA KUKKA,CSE,CSE3,C2,IS209,C521B2,2300030366,P,P,P,P,P,P,P,P
5,VIDHYAMACHARLA,CSE,CSE3,C2,IS209,C521B2,2300030388,P,P,P,P,P,P,P,P
6,HASINI MACHARLA,CSE,CSE3,C2,IS209,C521B2,2300030389,P,P,P,P,P,P,P,P
7,MINGI KUNDANA SAI GOUD,CSE,CSE3,C2,IS209,C521B2,2300030426,A,A,A,A,A,A,A,A
8,N SATISH,CSE,CSE3,C2,IS209,C521B2,2300030457,A,A,A,A,A,A,A,A
9,NAGA CHETAN KARUMANCHI,CSE,CSE3,C2,IS209,C521B2,2300030460,P,P,P,P,A,A,A,A
10,NARADASU TIRUMALESH,CSE,CSE3,C2,IS209,C521B2,2300030476,P,P,P,P,P,P,P,P
11,NAVYA SRI THUPAKULA,CSE,CSE3,C2,IS209,C521B2,2300030661,P,P,P,P,P,P,P,P
12,TALLADA VARSHITHA,CSE,CSE3,C2,IS209,C521B2,2300030663,P,P,P,P,P,P,P,P
13,POTNURU GOUTAM,CSE,CSE3,C2,IS209,C521B2,2300030802,A,A,A,A,A,A,A,A
14,BINEETHA MUNAGALA,CSE,CSE3,C2,IS209,C521B2,2300030843,P,P,P,P,P,P,P,P
15,NALLAGACHU AKSHAYA,CSE,CSE3,C2,IS209,C521B2,2300030868,P,P,P,P,P,P,P,P
16,ABHIRAM VEERLAPATI,CSE,CSE3,C2,IS209,C521B2,2300030875,P,P,P,P,P,P,P,P
17,PAVANI PRASANNA MADU,CSE,CSE3,C2,IS209,C521B2,2300030896,P,P,P,P,P,P,P,P
18,K.SRI LAKSHMI SITA CHANDRIKA,CSE,CSE3,C2,IS209,C521B2,2300031092,P,P,P,P,P,P,P,P
19,N UMA LAKSHMI NARAYANA,CSE,CSE3,C2,IS209,C521B2,2300031175,A,A,A,A,A,A,A,A
20,N.MOHAN NAGENDRA,CSE,CSE3,C2,IS209,C521B2,2300031243,P,P,P,P,P,P,P,P
21,KOLA ANEESHNANDAN,CSE,CSE3,C2,IS209,C521B2,2300031392,P,P,A,A,P,P,P,P
22,MANAM GANESH SUBBU SINGH,CSE,CSE3,C2,IS209,C521B2,2300031404,P,P,P,P,P,P,P,P
23,METTA SOWMYA,CSE,CSE3,C2,IS209,C521B2,2300031458,P,P,P,P,P,P,P,P
24,LIKHITH CHOWDARY,CSE,CSE3,C2,IS209,C521B2,2300031539,P,P,P,P,A,A,A,A
25,THOTA KAVERI,CSE,CSE3,C2,IS209,C521B2,2300031554,A,A,A,A,A,A,A,A
26,BANDI. PRASANTHA LAKSHMI,CSE,CSE3,C2,IS209,C521B2,2300031680,P,P,P,P,P,P,P,P
27,SHANMUKHI SINGUMAHANTHI,CSE,CSE3,C2,IS209,C521B2,2300031849,A,A,A,A,A,A,A,A
28,BATCHUBHAVYASAIMEGHANA,CSE,CSE3,C2,IS209,C521B2,2300031880,A,A,A,A,A,A,A,A
29,MUTHINA RAM CHARAN SATYA TEJA,CSE,CSE3,C2,IS209,C521B2,2300031895,P,P,P,P,P,P,P,P
30,KILAPARTHI KARTHIKEYA,CSE,CSE3,C2,IS209,C521B2,2300031946,A,A,A,A,A,A,A,A
31,JESHTA SAI MADAVA CHOWDARY,CSE,CSE3,C2,IS209,C521B2,2300032008,P,P,P,P,P,P,P,P
32,SADHANA BELLAMKONDA,CSE,CSE3,C2,IS209,C521B2,2300032032,P,P,P,P,P,P,P,P
33,TANISHQ,CSE,CSE3,C2,IS209,C521B2,2300032063,P,P,P,P,A,A,P,P
34,VOORA BHAGYA SRI,CSE,CSE3,C2,IS209,C521B2,2300032144,P,P,P,P,P,P,P,P
35,ALLANENI NIHITH KUMAR,CSE,CSE3,C2,IS209,C521B2,2300032187,P,P,P,P,P,P,P,P
36,EDUKULLA MONALIKA,CSE,CSE3,C2,IS209,C521B2,2300032231,P,P,P,P,P,P,P,P
37,JYOTHIRADITYA VANGALAPUDI,CSE,CSE3,C2,IS209,C521B2,2300032252,A,A,A,A,A,A,A,A
38,KORADA.RASHMI MEGHANA,CSE,CSE3,C2,IS209,C521B2,2300032368,P,P,P,P,P,P,P,P
39,VALLURI LEONA GRACE,CSE,CSE3,C2,IS209,C521B2,2300032460,P,P,P,P,P,P,P,P
40,IJJADA KUSHALA SREE,CSE,CSE3,C2,IS209,C521B2,2300032547,P,P,P,P,P,P,P,P
41,MALLAPUREDDI LAHARI,CSE,CSE3,C2,IS209,C521B2,2300032611,P,P,P,P,P,P,P,P
42,RUDRA NAGA LAKSHMI PREETHI,CSE,CSE3,C2,IS209,C521B2,2300032631,P,P,P,P,P,P,P,P
43,M.LISHYA REDDY,CSE,CSE3,C2,IS209,C521B2,2300032761,P,P,P,P,P,P,P,P
44,POOJITHA GUNDU,CSE,CSE3,C2,IS209,C521B2,2300032947,A,A,A,A,A,A,A,A
45,MEKA JAHNAVI,CSE,CSE3,C2,IS209,C521B2,2300032980,P,P,P,P,P,P,P,P
46,VARSHITHA,CSE,CSE3,C2,IS209,C521B2,2300033021,P,P,P,P,P,P,P,P
47,N.GREESHMA MANJU CHOWDARY,CSE,CSE3,C2,IS209,C521B2,2300033032,P,P,P,P,P,P,P,P
48,NADELLA CHETHAN ADITYA,CSE,CSE3,C2,IS209,C521B2,2300033154,P,P,P,P,P,P,P,P
49,BHUMIREDDYOBULAREDDY,CSE,CSE3,C2,IS209,C521B2,2300033186,P,P,P,P,P,P,P,P
50,KAGITHA VINAYAK TEJA,CSE,CSE3,C2,IS209,C521B2,2300033225,P,P,P,P,P,P,P,P
51,KOMMOJU SRINIVAS RAO,CSE,CSE3,C2,IS209,C521B2,2300033241,P,P,P,P,P,P,P,P
52,K.SRINIVAS REDDY,CSE,CSE3,C2,IS209,C521B2,2300033242,P,P,P,P,P,P,P,P
53,GURRAM SARADA DEVI,CSE,CSE3,C2,IS209,C521B2,2300033339,P,P,P,P,A,A,A,A
54,KHAMBAMPATI KOMALCHOWDARY,CSE,CSE3,C2,IS209,C521B2,2300033393,P,P,P,P,P,P,P,P
55,BATCHU SRIJA,CSE,CSE3,C2,IS209,C521B2,2300033538,P,P,P,P,P,P,P,P
56,BATULLA BALAJI,CSE,CSE3,C2,IS209,C521B2,2300033646,A,A,A,A,A,A,P,P
57,MARUTISAIDATTA,CSE,CSE3,C2,IS209,C521B2,2300033662,P,P,P,P,P,P,P,P
58,RAVI LOHITH,CSE,CSE3,C2,IS209,C521B2,2300033674,A,A,A,A,A,A,A,A
59,YAGGADI VENKATA NARESH,CSE,CSE3,C2,IS209,C521B2,2300033679,P,P,P,P,P,P,P,P
60,THARUNSAI,CSE,CSE3,C2,IS209,C521B2,2300033773,P,P,P,P,P,P,P,P
61,NAGESWARI D,CSE,CSE3,C2,IS209,C521B2,2300033800,P,P,P,P,P,P,P,P
62,MALIREDDY ADITYA,CSE,CSE3,C2,IS209,C521B2,2300033819,P,P,P,P,P,P,P,P
63,BHARGAVI SRI.M,CSE,CSE3,C2,IS209,C521B2,2300033833,A,A,A,A,A,A,A,A
64,YHARSHACHOWDARY,CSE,CSE3,C2,IS209,C521B2,2300033837,P,P,P,P,A,A,P,P
65,SRI HARSHA KUMAR,CSE,CSE3,C2,IS209,C521B2,2300033891,P,P,P,P,P,P,P,P
66,PALLEBOINA SAHITHI YADAV,CSE,CSE3,C2,IS209,C521B2,2300039010,P,P,P,P,P,P,A,A
67,SYED SHOAIB ASLAM,CSE,CSE3,C2,IS209,C521B2,2300039011,P,P,P,P,P,P,P,P
68,NISHITHA VEERAMSETTI,CSE,CSE3,C2,IS209,C521B2,2300039054,P,P,P,P,P,P,P,P
69,PALUGULLA VENKATA SHARATH KUMAR REDDY,CSE,CSE3,C2,IS209,C521B2,2300039071,P,P,P,P,P,P,P,P
70,KONDAKARI SHIVA,CSE,CSE3,C2,IS209,C521B2,2300039088,P,P,P,P,P,P,P,P
71,MUTHAVARAPU MANDEEP CHAKRAVARTHY,CSE,CSE3,C2,IS209,C521B2,2300039108,P,P,P,P,P,P,P,P
72,KURUBA HARINARAYANA,CSE,CSE3,C2,IS209,C521B2,2300039152,P,P,P,P,P,P,P,P
73,ADITYA KUMAR,CSE,CSE3,C2,IS209,C521B2,2300039157,P,P,P,P,A,A,A,A
74,CHAKKA PREM SAI KOTESWAR,CSIT,CSIT,C2,IS209,C521B2,2300090156,A,A,A,A,A,A,A,A
75,DUDDUKUNTA BHARGAV REDDY,CSIT,CSIT,C2,IS209,C521B2,2300090316,P,P,P,P,A,A,P,P
76,MITTIREDDY PURUSHOTTAM NAIDU,CSIT,CSIT,C2,IS209,C521B2,2300090339,A,A,P,P,P,P,P,P
77,MANNURU LUCKY BALAJI,CSE,CSE3,C2,IS209,C521B2,2300030405,P,P,P,P,P,P,P,P
78,KAPA ANJALI,CSE,CSE3,C2,IS209,C521B2,2300033741,P,P,P,P,P,P,A,A
79,K SIVA SAI REDDY,CSE,CSE3,C2,IS209,C521B2,2300033020,P,P,P,P,P,P,A,A
80,DINTAKURTHI VENKATA SAI SUBHARAMANAYA SUJITH GUPTA,CSE,CSE3,C2,IS209,C521B2,2300031114,P,P,P,P,P,P,P,P
81,KODAVALURU MAHITH,CSE,CSE3,C2,IS209,C521B2,2300032240,P,P,P,P,P,P,P,P
82,SHAIK MOHAMMAD SHAHID,CSE,CSE3,C2,IS209,C521B2,2300033229,A,A,P,P,P,P,P,P
83,YASWANTH BHARGAV,CSE,CSE3,C2,IS209,C521B2,2300033668,A,A,P,P,P,P,P,P
1,ABHIGNA NANNAPANENI,CSE,CSE1,C2,SI23,C525,2300030007,P,P,P,P,P,P,P,P
2,ARAGA NUTHNAVI,CSE,CSE1,C2,SI23,C525,2300030043,P,P,P,P,P,P,P,P
3,PUJYA SRI LASYA BALUSU,CSE,HTE,C2,SI23,C525,2300030060,P,P,P,P,P,P,P,P
4,BANDARU SAI CHARAN,CSE,CSE3,C2,SI23,C525,2300030067,P,P,P,P,P,P,P,P
5,BHAVIRISETTY YASASWI,CSE,CSE2,C2,SI23,C525,2300030083,P,P,P,P,P,P,P,P
6,GUNUPURAM NAVDEEP,CSE,CSE2,C2,SI23,C525,2300030243,P,P,P,P,P,P,P,P
7,KANCHERLA SIRISHA,CSE,CSE1,C2,SI23,C525,2300030298,P,P,P,P,P,P,P,P
8,KAVALI VENKATA PANEENDRA,CSE,CSE1,C2,SI23,C525,2300030317,P,P,P,P,P,P,P,P
9,KETHINENI CHARISHMA,CSE,CSE3,C2,SI23,C525,2300030321,P,P,P,P,P,P,P,P
10,KUMMARI SREEKALYAN,CSE,CSE3,C2,SI23,C525,2300030368,P,P,P,P,P,P,P,P
11,LANKA LASYA,CSE,CSE1,C2,SI23,C525,2300030380,P,P,A,A,P,P,P,P
12,MADHU SHALINI MINNA,CSE,HTE,C2,SI23,C525,2300030427,P,P,P,P,P,P,P,P
13,MOGGA_RAVITEJA,CSE,CSE3,C2,SI23,C525,2300030429,A,A,A,A,A,A,A,A
14,MOHAMMAD LATHIF AHAMMAD,CSE,CSE2,C2,SI23,C525,2300030433,P,P,P,P,P,P,P,P
15,NADHAM SAI PALLAVI,CSE,CSE1,C2,SI23,C525,2300030459,P,P,P,P,P,P,P,P
16,BHANUTEJA NALLAMOTHU,CSE,CSE3,C2,SI23,C525,2300030471,A,A,A,A,A,A,A,A
17,PASAM VENKAT AJAY REDDY,CSE,CSE2,C2,SI23,C525,2300030514,P,P,P,P,P,P,P,P
18,SYED MASTAN VALI,CSE,HTE,C2,SI23,C525,2300030659,P,P,P,P,P,P,P,P
19,VEERAMACHANENI JAYATHI,CSE,HTE,C2,SI23,C525,2300030713,P,P,P,P,P,P,P,P
20,YAMUNA VEERNALA,CSE,CSE1,C2,SI23,C525,2300030743,P,P,P,P,P,P,P,P
21,MALLEBOINA SOWMYA,CSE,CSE2,C2,SI23,C525,2300030851,P,P,P,P,P,P,P,P
22,SURYA PRAKASH INUKURTHI,CSE,CSE1,C2,SI23,C525,2300030929,P,P,P,P,P,P,P,P
23,KATTAMURI RAHUL KARTHIKEYA,CSE,CSE2,C2,SI23,C525,2300031038,P,P,P,P,P,P,P,P
24,GUMMREDDY SRI ABHIRAM REDDY,CSE,CSE3,C2,SI23,C525,2300031061,P,P,P,P,P,P,P,P
25,THOTTEMPUDI LAKSHMI TEJASWI,CSE,CSE2,C2,SI23,C525,2300031072,P,P,A,A,A,A,A,A
26,YERRAMSETTY JAHNAVI LAKSHMI,CSE,HTE,C2,SI23,C525,2300031078,P,P,P,P,P,P,P,P
27,REDDY GARI DINESH KUMAR REDDY,CSE,HTE,C2,SI23,C525,2300031102,P,P,P,P,P,P,P,P
28,TIRUMALASETTY MURALI KRISHNA,CSE,CSE2,C2,SI23,C525,2300031104,P,P,P,P,P,P,P,P
29,BURRAMUKKU MADHU CHARAN REDDY,CSE,CSE1,C2,SI23,C525,2300031108,P,P,P,P,P,P,P,P
30,UTUKURI NAGA SRI HARI CHANDANA,CSE,CSE2,C2,SI23,C525,2300031149,P,P,P,P,P,P,P,P
31,SAMIKSHA CHANDRASHEKHAR TIRUMALA,CSE,CSE4,C2,SI23,C525,2300031177,P,P,P,P,P,P,P,P
32,VANAPALLI S K RAMA KESHAVA SATYA SAI,CSE,CSE1,C2,SI23,C525,2300031222,P,P,P,P,P,P,P,P
33,D N V S CHANDRA SEKHAR PENUGONDA,CSE,HTE,C2,SI23,C525,2300031246,P,P,P,P,P,P,P,P
34,VISWANADHAPALLI HEMANTH KUMAR,CSE,CSE3,C2,SI23,C525,2300031287,A,A,A,A,A,A,A,A
35,PEDDINA SUCHITRA,CSE,CSE1,C2,SI23,C525,2300031304,P,P,P,P,P,P,P,P
36,SHAIK KASIMBEE,CSE,CSE1,C2,SI23,C525,2300031332,P,P,P,P,P,P,P,P
37,MADHURI ABBURI,CSE,CSE2,C2,SI23,C525,2300031409,P,P,P,P,P,P,P,P
38,VEMPATI AKHIL KUMAR,CSE,CSE1,C2,SI23,C525,2300031421,P,P,P,P,P,P,P,P
39,PARIMI PUJITHA,CSE,CSE1,C2,SI23,C525,2300031465,P,P,P,P,P,P,P,P
40,EDARA ANITHA,CSE,CSE1,C2,SI23,C525,2300031494,P,P,P,P,P,P,P,P
41,SINGULURI MEGHA NADHA DURGA PRASAD,CSE,CSE2,C2,SI23,C525,2300031561,P,P,P,P,A,A,A,A
42,DURGASREE AVVARU,CSE,CSE2,C2,SI23,C525,2300031591,A,A,A,A,A,A,A,A
43,LEKHANA GEMBALI,CSE,CSE3,C2,SI23,C525,2300031636,P,P,P,P,P,P,P,P
44,KONDAVETI TEJASWANTH,CSE,HTE,C2,SI23,C525,2300031638,P,P,P,P,A,A,A,A
45,CH.LALITH KUMAR,CSE,HTE,C2,SI23,C525,2300031678,P,P,P,P,P,P,P,P
46,GANDRALA VIVEK CHOWDARY,CSE,CSE3,C2,SI23,C525,2300031771,P,P,P,P,P,P,P,P
47,PEDDINTI PRANEETH,CSE,CSE2,C2,SI23,C525,2300031788,P,P,P,P,P,P,P,P
48,M RUSHYENDRA BABA,CSE,CSE3,C2,SI23,C525,2300031859,A,A,A,A,A,A,A,A
49,TELAPROLU LASYA,CSE,CSE2,C2,SI23,C525,2300031910,P,P,P,P,P,P,P,P
50,VAKANI V H S SRIKAR,CSE,CSE4,C2,SI23,C525,2300031925,P,P,P,P,P,P,P,P
51,NANDIVELUGU TEJASWI SIVA SAI,CSE,CSE1,C2,SI23,C525,2300031927,P,P,P,P,P,P,P,P
52,YANNAM ABHINAY REDDY,CSE,CSE2,C2,SI23,C525,2300031941,P,P,P,P,P,P,P,P
53,JILLALA MAHENDHAR,CSE,HTE,C2,SI23,C525,2300032037,P,P,P,P,P,P,P,P
54,MOPARTHI NAGA PRAVALIKA,CSE,CSE1,C2,SI23,C525,2300032045,P,P,P,P,P,P,P,P
55,KARTHIKEYA LANKA,CSE,CSE3,C2,SI23,C525,2300032107,P,P,P,P,P,P,P,P
56,GORRE TEJAREDDY,CSE,CSE1,C2,SI23,C525,2300032135,P,P,P,P,P,P,P,P
57,DINTAKURTHI DHATRI,CSE,CSE1,C2,SI23,C525,2300032139,P,P,P,P,P,P,P,P
58,CHINTHALA HEMA CHANDRA REDDY,CSE,CSE1,C2,SI23,C525,2300032150,P,P,P,P,P,P,P,P
59,SIVA VENKATA VARUN,CSE,CSE1,C2,SI23,C525,2300032186,P,P,P,P,P,P,P,P
60,KUNI LIKITHA,CSE,CSE4,C2,SI23,C525,2300032195,P,P,P,P,P,P,P,P
61,MUTUKURU JABILI,CSE,CSE2,C2,SI23,C525,2300032301,P,P,P,P,P,P,P,P
62,GANGAVARAM MOUNIKA,CSE,CSE1,C2,SI23,C525,2300032310,P,P,P,P,P,P,P,P
63,BHIMAVARAPU PUJITHA,CSE,HTE,C2,SI23,C525,2300032329,P,P,P,P,P,P,P,P
64,ALOK KUMAR,CSE,HTE,C2,SI23,C525,2300032382,P,P,P,P,P,P,P,P
65,SHAIK GOKAR SAHEB,CSE,CSE2,C2,SI23,C525,2300032427,P,P,P,P,P,P,P,P
66,ARAVA HEMASAI REDDY,CSE,CSE3,C2,SI23,C525,2300032453,P,P,P,P,P,P,P,P
67,NAGA VARSHA GODUGULURI,CSE,CSE2,C2,SI23,C525,2300032548,P,P,P,P,P,P,P,P
68,MULLA JAVEED,CSE,CSE1,C2,SI23,C525,2300032575,P,P,P,P,P,P,P,P
69,BATTAGIRI GAYATRI,CSE,CSE2,C2,SI23,C525,2300032635,P,P,P,P,P,P,P,P
70,PENUGONDA SRI HARSHITHA,CSE,CSE1,C2,SI23,C525,2300032723,P,P,P,P,P,P,P,P
71,KORUKONDA SHYAMALA,CSE,CSE3,C2,SI23,C525,2300032728,P,P,P,P,P,P,P,P
72,VEERAMACHANENI JEEVANI,CSE,HTE,C2,SI23,C525,2300032841,P,P,P,P,P,P,P,P
73,LENKA TEJESWARARAO,CSE,CSE2,C2,SI23,C525,2300032876,P,P,P,P,P,P,P,P
74,NULAKALA PRAVEEN,CSE,CSE2,C2,SI23,C525,2300032930,P,P,P,P,P,P,P,P
75,VALMETI SRINIDHI,CSE,HTE,C2,SI23,C525,2300032936,P,P,P,P,P,P,P,P
76,RAVADA HEMANTH,CSE,HTE,C2,SI23,C525,2300032944,P,P,P,P,P,P,P,P
77,KOUSHIK MANDALA,CSE,CSE1,C2,SI23,C525,2300032950,P,P,P,P,P,P,P,P
78,KOLLU VIJAY,CSE,CSE1,C2,SI23,C525,2300032991,P,P,P,P,A,A,A,A
79,PULIMI SRI SAI LOKESH KUMAR REDDY,CSE,HTE,C2,SI23,C525,2300033017,P,P,P,P,P,P,P,P
80,MOHANA VAMSI CH,CSE,CSE2,C2,SI23,C525,2300033095,P,P,P,P,P,P,P,P
81,GARISHANURI DHAKSHAYANI,CSE,CSE2,C2,SI23,C525,2300033132,P,P,P,P,P,P,P,P
82,PACHAVA MADHAVI SRILATHA,CSE,CSE2,C2,SI23,C525,2300033141,P,P,P,P,P,P,P,P
83,MARAM LAKSHMI YASWITHA,CSE,CSE2,C2,SI23,C525,2300033169,P,P,P,P,P,P,P,P
84,PUTTA ANANTHA LAKSHMI,CSE,HTE,C2,SI23,C525,2300033218,P,P,P,P,A,A,P,P
85,ALLURI BHANU PRAKASH,CSE,CSE2,C2,SI23,C525,2300033220,P,P,P,P,P,P,P,P
86,BATCHU LASYA SRIVALLI,CSE,CSE1,C2,SI23,C525,2300033262,P,P,P,P,P,P,P,P
87,HARISH REDDY KANKARA,CSE,CSE2,C2,SI23,C525,2300033265,P,P,P,P,P,P,P,P
88,KETARAJU TARUN SAI,CSE,HTE,C2,SI23,C525,2300033348,P,P,P,P,P,P,P,P
89,MUNTHA VEERA VENKATA BRAHMAJI,CSE,CSE2,C2,SI23,C525,2300033586,P,P,P,P,P,P,P,P
90,BANDARU HARI NANDHAN,CSE,CSE2,C2,SI23,C525,2300033725,P,P,P,P,P,P,P,P
91,KANCHARLA VENKATA NITHESH,CSE,CSE4,C2,SI23,C525,2300033758,P,P,P,P,P,P,P,P
92,K NITISH KUMAR,CSE,HTR,C2,SI23,C525,2300033790,A,A,A,A,A,A,A,A
93,KASARANENI UPESH CHOWDARY,CSE,CSE4,C2,SI23,C525,2300033807,P,P,P,P,A,A,A,A
94,VAMSEE KRISHNA VEMULAPALLI,CSE,CSE1,C2,SI23,C525,2300033830,P,P,P,P,P,P,P,P
95,ATLA NANDINI,CSE,HTE,C2,SI23,C525,2300033835,P,P,P,P,P,P,A,A
96,MANTHENA KARTHIKEYA,CSE,CSE2,C2,SI23,C525,2300033889,P,P,P,P,P,P,P,P
97,NAMANA MANI CHANDAN SATYA VENKATA SAI,CSE,CSE3,C2,SI23,C525,2300039055,P,P,P,P,P,P,P,P
98,PATHI SNEHA,CSE,CSE3,C2,SI23,C525,2300039079,P,P,P,P,P,P,P,P
99,ANNNAMANENI ROHITH,CSE,CSE3,C2,SI23,C525,2300039140,A,A,A,A,A,A,A,A
100,MEDISETTI VENKATA ATCHUTAMBA REVATHI,CSE,HTI,C2,SI23,C525,2300040063,P,P,P,P,P,P,P,P
101,TIKKISETTY VENKATA MANIKANTA,ECE,HTI,C2,SI23,C525,2300040093,P,P,P,P,P,P,P,P
102,R.TRINADH,ECE,HTE,C2,SI23,C525,2300040129,P,P,P,P,P,P,P,P
103,BOKKISAM VARUN SAI KARTHEEK,ECE,ECE,C2,SI23,C525,2300040324,P,P,P,P,A,A,A,A
104,KOLLIPARA SAI ISWARYA,AIDS,AIDS,C2,SI23,C525,2300080023,P,P,A,A,P,P,P,P
105,VEGE AASRITHA,AIDS,HTE,C2,SI23,C525,2300080141,P,P,P,P,P,P,P,P
106,KAMBHAMPATI DAVID PAUL,AIDS,AIDS,C2,SI23,C525,2300080291,P,P,P,P,P,P,P,P
107,KAUSTAV HARINARAYANA RUDRA,AIDS,HTE,C2,SI23,C525,2300080336,P,P,P,P,P,P,P,P
108,SHAIK ROHAN,AIDS,AIDS,C2,SI23,C525,2300089016,P,P,P,P,P,P,P,P
109,MARTHALA GURU SIVANANDA REDDY,AIDS,AIDS,C2,SI23,C525,2300089034,P,P,P,P,P,P,P,P
110,YEDLAPOLU SAI CHARAN,CSIT,HTI,C2,SI23,C525,2300090051,P,P,P,P,P,P,P,P
111,SHAIK RABBANNIE,CSIT,HTE,C2,SI23,C525,2300090093,P,P,P,P,P,P,A,A
112,LAKSHMI PRASANNA KUMAR,CSIT,CSIT,C2,SI23,C525,2300090172,P,P,P,P,P,P,P,P
113,EPARI GOUTAM,CSIT,CSIT,C2,SI23,C525,2300090197,P,P,P,P,P,P,P,P
114,SIVA NAGA KRISHNA CHANAKYA VAKKALAGADDA,CSIT,CSIT,C2,SI23,C525,2300090202,P,P,P,P,P,P,P,P
115,DUSANAPUDI BHAVISHYANITHA,IOT,IOT,C2,SI23,C525,2300100052,P,P,P,P,P,P,P,P
116,ELURI LAKSHMI SUJITHA,CSE,CSE2,C2,SI23,C525,2310030454,A,A,A,A,P,P,A,A
117,THUMMA. AMARNADH,EEE,EEE,C2,SI23,C525,2300069009,P,P,P,P,P,P,P,P
118,NERELLA JATHIN SEKHAR,CSE,CSE2,C2,SI23,C525,2300032544,P,P,P,P,P,P,P,P
119,KANCHIPAMU TEJA,CSE,HTE,C2,SI23,C525,2300033461,A,A,A,A,A,A,A,A
1,ABBINA LAHYA SRI,CSE,CSE2,C2,IS210,C421B2,2300030004,P,P,P,P,P,P,P,P
2,ADAPA D V M NAGA SAI,CSE,CSE2,C2,IS210,C421B2,2300030011,P,P,P,P,P,P,P,P
3,B.GANESH KUMAR,CSE,CSE2,C2,IS210,C421B2,2300030092,P,P,P,P,P,P,P,P
4,JAYASANKAR BURLA,CSE,CSE2,C2,IS210,C421B2,2300030106,P,P,P,P,P,P,P,P
5,CHERUKURI DINESH,CSE,CSE2,C2,IS210,C421B2,2300030130,P,P,P,P,P,P,P,P
6,CHITTURI PRANITH,CSE,CSE2,C2,IS210,C421B2,2300030145,P,P,P,P,P,P,P,P
7,GOLI LIKHITHESWARI,CSE,CSE2,C2,IS210,C421B2,2300030213,A,A,A,A,A,A,A,A
8,GUDE NAVYA LALITHA,CSE,CSE2,C2,IS210,C421B2,2300030228,P,P,P,P,P,P,P,P
9,SIRI SANJANA GUNTUPALLI,CSE,CSE2,C2,IS210,C421B2,2300030241,P,P,P,P,P,P,P,P
10,INDURU VARSHINI,CSE,CSE2,C2,IS210,C421B2,2300030255,P,P,P,P,P,P,P,P
11,KAKARLA LAKSHMI PRASAD,CSE,CSE2,C2,IS210,C421B2,2300030286,P,P,P,P,P,P,P,P
12,KATTA NAVYA SRI,CSE,CSE2,C2,IS210,C421B2,2300030315,P,P,P,P,P,P,P,P
13,KAZA MOHAN SAI VAMSI,CSE,CSE2,C2,IS210,C421B2,2300030319,P,P,P,P,P,P,P,P
14,KOMERA DHARANI,CSE,CSE2,C2,IS210,C421B2,2300030337,P,P,P,P,P,P,P,P
15,MARAMREDDY SASANK REDDY,CSE,CSE2,C2,IS210,C421B2,2300030409,P,P,P,P,P,P,P,P
16,MARNI VINAY,CSE,CSE2,C2,IS210,C421B2,2300030413,A,A,A,A,A,A,A,A
17,NAGALLA SRI SIVARAM,CSE,CSE2,C2,IS210,C421B2,2300030462,A,A,A,A,A,A,A,A
18,NUNNA GURU SAI THANMAI,CSE,CSE2,C2,IS210,C421B2,2300030482,P,P,P,P,P,P,P,P
19,P ANKITA,CSE,CSE2,C2,IS210,C421B2,2300030487,P,P,P,P,P,P,P,P
20,VARSHINI PADAMATA,CSE,CSE2,C2,IS210,C421B2,2300030493,A,A,A,A,A,A,A,A
21,PRATIK PRAKASH,CSE,CSE2,C2,IS210,C421B2,2300030556,P,P,P,P,P,P,P,P
22,POOJITHA ANAMDASU,CSE,CSE2,C2,IS210,C421B2,2300030841,P,P,P,P,P,P,P,P
23,CH JAANIK SAI,CSE,CSE2,C2,IS210,C421B2,2300030860,P,P,P,P,P,P,P,P
24,MEENAKSHI BUDAMPATI,CSE,CSE2,C2,IS210,C421B2,2300030880,P,P,P,P,P,P,P,P
25,TADISETTY DEVA GANESH,CSE,CSE2,C2,IS210,C421B2,2300030912,P,P,P,P,P,P,P,P
26,ALAVALAPATI NAGA THANMAI,CSE,CSE2,C2,IS210,C421B2,2300030938,P,P,P,P,P,P,P,P
27,YERRA VENKAT PRAVEEN MALLIK,CSE,CSE2,C2,IS210,C421B2,2300031077,P,P,P,P,P,P,P,P
28,KRISHNA CHAITANYA CHIRRAVURI,CSE,CSE2,C2,IS210,C421B2,2300031086,P,P,P,P,P,P,P,P
29,PARISI ADITYA SRI SAI RAVI KUMAR,CSE,CSE2,C2,IS210,C421B2,2300031163,P,P,P,P,A,A,A,A
30,K MADHU SUDHAN RAO,CSE,CSE2,C2,IS210,C421B2,2300031210,P,P,P,P,P,P,P,P
31,BOTLAPATI SIRI,CSE,CSE2,C2,IS210,C421B2,2300031284,P,P,P,P,P,P,P,P
32,SENAPATHI TARAKA NARASIMHA MURTHY,CSE,CSE2,C2,IS210,C421B2,2300031543,A,A,A,A,A,A,A,A
33,BOMMU KEERTHI REDDY,CSE,CSE2,C2,IS210,C421B2,2300031685,P,P,P,P,P,P,P,P
34,I LOKESH,CSE,CSE2,C2,IS210,C421B2,2300031773,P,P,P,P,P,P,P,P
35,BANGARU NAGA VENKATA YUVANANDAN,CSE,CSE2,C2,IS210,C421B2,2300032070,P,P,P,P,P,P,P,P
36,MADHURAYUDU,CSE,CSE2,C2,IS210,C421B2,2300032089,P,P,P,P,P,P,P,P
37,KANNEBOINA GEETHIKA,CSE,CSE2,C2,IS210,C421B2,2300032253,P,P,P,P,P,P,P,P
38,MALLAMPALLI OLIVIA,CSE,CSE2,C2,IS210,C421B2,2300032449,P,P,P,P,P,P,P,P
39,POOJITHA VALLEPU,CSE,CSE2,C2,IS210,C421B2,2300032466,P,P,P,P,P,P,P,P
40,SHEGIREDDY LAKSHMI NIHARIKA,CSE,CSE2,C2,IS210,C421B2,2300032495,P,P,P,P,P,P,P,P
41,INALA JAI GANESHA TEJA NAGA SAI SABAREESH,CSE,CSE2,C2,IS210,C421B2,2300032543,P,P,P,P,P,P,P,P
42,S.LOKESHWAR REDDY,CSE,CSE2,C2,IS210,C421B2,2300032563,P,P,P,P,P,P,P,P
43,BALINA SNEHA,CSE,CSE2,C2,IS210,C421B2,2300032612,P,P,P,P,P,P,P,P
44,RAJEEV KUMAR,CSE,CSE2,C2,IS210,C421B2,2300032642,P,P,P,P,P,P,P,P
45,MULLAPUDI SRI PRAVALLIKA,CSE,CSE2,C2,IS210,C421B2,2300032680,P,P,P,P,P,P,P,P
46,SAI AMRUTHA,CSE,CSE2,C2,IS210,C421B2,2300032683,P,P,P,P,P,P,P,P
47,ABHIRAJ KUMAR,CSE,CSE2,C2,IS210,C421B2,2300032685,A,A,A,A,A,A,A,A
48,SHAKILGHAR DANIYA TABASSUM,CSE,CSE2,C2,IS210,C421B2,2300032790,P,P,P,P,P,P,P,P
49,JAGANNADHA SWAMY,CSE,CSE2,C2,IS210,C421B2,2300032796,P,P,P,P,P,P,P,P
50,DOREPALLI NARASIMHANAIDU,CSE,CSE2,C2,IS210,C421B2,2300032919,P,P,P,P,P,P,P,P
51,ANANTHA KEERTHI,CSE,CSE2,C2,IS210,C421B2,2300032940,P,P,P,P,P,P,P,P
52,BUGATHA MADHURI,CSE,CSE2,C2,IS210,C421B2,2300032942,A,A,A,A,A,A,A,A
53,PATHURI SAI ABHIRAM,CSE,CSE2,C2,IS210,C421B2,2300033372,P,P,P,P,P,P,P,P
54,GARLAPATI ANJALI,CSE,CSE2,C2,IS210,C421B2,2300033438,P,P,P,P,P,P,P,P
55,PALADUGU SUPRIYA,CSE,CSE2,C2,IS210,C421B2,2300033441,P,P,P,P,P,P,P,P
56,LUCKY SHARMA,CSE,CSE2,C2,IS210,C421B2,2300033524,P,P,P,P,P,P,P,P
57,INDLA LATHA,CSE,CSE2,C2,IS210,C421B2,2300033561,P,P,P,P,P,P,P,P
58,JULURU BHAVYA SRI,CSE,CSE2,C2,IS210,C421B2,2300033613,P,P,P,P,P,P,P,P
59,RANGA PRAVALIKA,CSE,CSE2,C2,IS210,C421B2,2300033735,P,P,P,P,P,P,P,P
60,S.AKSHAYA REDDY,CSE,CSE2,C2,IS210,C421B2,2300033754,P,P,P,P,P,P,P,P
61,SAPPA JHANSI GANGA,CSE,CSE2,C2,IS210,C421B2,2300033883,P,P,P,P,P,P,P,P
62,BOMMISETTY BAVANA,CSIT,CSIT,C2,IS210,C421B2,2300090006,A,A,A,A,A,A,A,A
63,RAJAGIRI DHANUSH,CSIT,CSIT,C2,IS210,C421B2,2300090036,P,P,P,P,P,P,P,P
64,GAYATHRI JONNALA,CSIT,CSIT,C2,IS210,C421B2,2300090049,P,P,P,P,P,P,P,P
65,BUGATA AKASH REDDY,CSIT,CSIT,C2,IS210,C421B2,2300090110,P,P,P,P,P,P,P,P
66,RAJAVARAPU PURANA VENKATA SATISH,CSIT,CSIT,C2,IS210,C421B2,2300090125,P,P,P,P,P,P,P,P
67,GULLINKALA HARSHITA,CSIT,CSIT,C2,IS210,C421B2,2300090126,P,P,P,P,P,P,P,P
68,SHAIK TANJEEM,CSIT,CSIT,C2,IS210,C421B2,2300090149,P,P,P,P,P,P,P,P
69,SADA SIVA SUBRAHMANYA SUBHANKAR,CSIT,CSIT,C2,IS210,C421B2,2300090211,P,P,P,P,P,P,P,P
70,ACHANTA SURYA TEJASWINI,CSIT,CSIT,C2,IS210,C421B2,2300090235,P,P,P,P,P,P,P,P
71,POTU.JESUS BOSU,CSIT,CSIT,C2,IS210,C421B2,2300090295,P,P,P,P,P,P,P,P
72,DASARI JAYA GOVIND,CSIT,CSIT,C2,IS210,C421B2,2300090351,A,A,A,A,A,A,A,A
73,PUNNAVALLI PALLAVI,CSIT,CSIT,C2,IS210,C421B2,2300090383,P,P,P,P,P,P,P,P
1,ARETI DHRUVITHA,CSE,CSE2,C2,RS21,C625,2300030044,P,P,P,P,P,P,P,P
2,AVIRESI VINUTHI,CSE,CSE2,C2,RS21,C625,2300030056,A,A,A,A,A,A,A,A
3,BAGADI PAVAN KUMAR,CSE,CSE2,C2,RS21,C625,2300030062,P,P,P,P,P,P,P,P
4,CHINTALA MOHAN SURESH,CSE,CSE2,C2,RS21,C625,2300030140,P,P,P,P,P,P,P,P
5,CHODISETTI VENKATA JASWIKA,CSE,CSE1,C1,RS21,C625,2300030147,P,P,P,P,P,P,P,P
6,DANDA ESWAR,CSE,CSE2,C2,RS21,C625,2300030152,A,A,A,A,A,A,A,A
7,DOGIPARTHI SAI KRISHNA,CSE,CSE2,C2,RS21,C625,2300030168,P,P,P,P,P,P,P,P
8,GOGINENI TRIVENI,CSE,CSE2,C2,RS21,C625,2300030211,P,P,P,P,P,P,P,P
9,GUDLADHANA MOHYA,CSE,CSE2,C2,RS21,C625,2300030230,P,P,P,P,P,P,P,P
10,KALAGARLA ROHANTHKUMAR,CSE,CSE2,C2,RS21,C625,2300030290,P,P,P,P,P,P,P,P
11,VARSHITHA KORITALA,CSE,CSE2,C2,RS21,C625,2300030349,P,P,P,P,P,P,P,P
12,KOYISATHWIKA,CSE,CSE2,C2,RS21,C625,2300030362,P,P,P,P,P,P,P,P
13,LANKIREDDY VYSHNAVI,CSE,CSE2,C2,RS21,C625,2300030381,P,P,P,P,P,P,P,P
14,MUSKAN MOHAMMAD,CSE,CSE2,C2,RS21,C625,2300030435,P,P,P,P,P,P,P,P
15,MD.SANIYA AMRIN,CSE,CSE2,C2,RS21,C625,2300030438,P,P,P,P,P,P,P,P
16,NAKKA SATWIKA,CSE,CSE1,C1,RS21,C625,2300030465,P,P,P,P,P,P,P,P
17,PAGOLU PAVITHRA LAKSHMI,CSE,CSE2,C2,RS21,C625,2300030494,P,P,P,P,P,P,P,P
18,SRI CHANDANA PAMULAPATI,CSE,CSE4,C2,RS21,C625,2300030506,P,P,P,P,P,P,A,A
19,DIVYA MANJARI PULAMOLU,CSE,CSE4,C2,RS21,C625,2300030560,P,P,P,P,P,P,P,P
20,RAJANALA RISHIK,CSE,CSE1,C1,RS21,C625,2300030574,P,P,P,P,P,P,P,P
21,SHAIK MUSKAN,CSE,CSE2,C2,RS21,C625,2300030622,P,P,P,P,P,P,P,P
22,PUJITHA SHAIK,CSE,CSE1,C1,RS21,C625,2300030623,P,P,P,P,P,P,P,P
23,SHAIK SALAM AHAMAD,CSE,CSE2,C2,RS21,C625,2300030626,P,P,P,P,P,P,P,P
24,SIDDHINENI VAMSI,CSE,CSE4,C2,RS21,C625,2300030637,P,P,P,P,P,P,P,P
25,YENDURI HARSHITHA,CSE,CSE2,C2,RS21,C625,2300030759,P,P,P,P,P,P,P,P
26,RAYALA LAAHIRI,CSE,CSE2,C2,RS21,C625,2300030803,P,P,P,P,P,P,P,P
27,MAHESH SAI BHIMA,CSE,CSE4,C2,RS21,C625,2300030811,P,P,P,P,P,P,P,P
28,NERELLA SURYATARUN,CSE,CSE4,C2,RS21,C625,2300030854,P,P,P,P,P,P,P,P
29,NALLURI RAGHUNANDAN,CSE,CSE4,C2,RS21,C625,2300030887,P,P,P,P,P,P,P,P
30,THOTA NAGA SAI GOPAL,CSE,CSE4,C2,RS21,C625,2300030889,P,P,P,P,P,P,P,P
31,VESANGI NAGA VIGNAN,CSE,CSE4,C2,RS21,C625,2300030890,P,P,P,P,P,P,P,P
32,HIMA VARSHA MADAVARAPU,CSE,CSE4,C2,RS21,C625,2300030919,P,P,P,P,P,P,P,P
33,BANDI SRI CHARITHA REDDY,CSE,CSE2,C2,RS21,C625,2300030926,P,P,P,P,P,P,P,P
34,SETTIPALLI YASHWANTH KUMAR,CSE,CSE2,C2,RS21,C625,2300030972,P,P,P,P,P,P,P,P
35,YERUVA VELANGINI RISHITHA,CSE,CSE2,C2,RS21,C625,2300030980,P,P,P,P,P,P,P,P
36,KANIGANTI AJAY RAMAKRISHNA,CSE,CSE2,C2,RS21,C625,2300030994,P,P,P,P,P,P,P,P
37,NEKKANTI GEETHIKA DEDIPYA,CSE,CSE4,C2,RS21,C625,2300031004,A,A,A,A,A,A,A,A
38,VALLURU ASHRITHA SUBHASRI,CSE,CSE1,C1,RS21,C625,2300031019,P,P,P,P,P,P,P,P
39,CHALLAGUNDLA BHANU PRAKASH,CSE,CSE2,C2,RS21,C625,2300031027,P,P,P,P,P,P,P,P
40,NALLAMILLI SIDDHARTHA REDDY,CSE,CSE2,C2,RS21,C625,2300031045,P,P,P,P,P,P,P,P
41,ADINA CHAITANYA SRI KRISHNA,CSE,CSE2,C2,RS21,C625,2300031058,P,P,P,P,P,P,P,P
42,IKKURTHI HARSHA VARDHAN NAIDU,CSE,CSE4,C2,RS21,C625,2300031090,A,A,A,A,A,A,A,A
43,PENUGONDA SAI LAKSHMI SATHVIKA,CSE,CSE2,C2,RS21,C625,2300031145,P,P,P,P,P,P,P,P
44,YARKAREDDY BHANU PRAKASH REDDY,CSE,CSE2,C2,RS21,C625,2300031150,P,P,P,P,P,P,P,P
45,PEDASANAGANTI SETHU HARSHA VARDHAN,CSE,CSE2,C2,RS21,C625,2300031191,P,P,P,P,P,P,P,P
46,VASIREDDY LEELA ESWAR SAI KUMAR,CSE,CSE4,C2,RS21,C625,2300031194,A,A,A,A,A,A,A,A
47,PEDASANAGANTI SETHU SANTHOSH KUMAR,CSE,CSE2,C2,RS21,C625,2300031206,P,P,P,P,P,P,P,P
48,TIRUMALASETTI VENKATA KARTHIK,CSE,CSE1,C1,RS21,C625,2300031261,P,P,P,P,P,P,P,P
49,PAMULAPATI KARTHIK REDDY,CSE,CSE2,C2,RS21,C625,2300031286,P,P,P,P,P,P,P,P
50,GAVINI MEKALA GANESH BABU,CSE,CSE2,C2,RS21,C625,2300031293,P,P,P,P,A,A,P,P
51,GOGINENI TEJO BHARGAVI,CSE,CSE2,C2,RS21,C625,2300031314,P,P,P,P,P,P,P,P
52,DHANEKULA HEMANTH KUMAR,CSE,CSE4,C2,RS21,C625,2300031330,P,P,P,P,P,P,P,P
53,RAVADA SAI SAHASRA,CSE,CSE2,C2,RS21,C625,2300031469,P,P,P,P,P,P,P,P
54,YEPURU SHANMUKHA SRI SAI SUMITHA,CSE,CSE4,C2,RS21,C625,2300031577,P,P,P,P,P,P,P,P
55,SHEKAPURAM PRANAY BALAJI,CSE,CSE4,C2,RS21,C625,2300031594,P,P,P,P,P,P,P,P
56,KASULA NAVEEN,CSE,CSE4,C2,RS21,C625,2300031658,A,A,A,A,A,A,A,A
57,GRANDHI RITESH SAI,CSE,CSE4,C2,RS21,C625,2300031714,P,P,P,P,P,P,P,P
58,KOTHAPALLI HITESH,CSE,CSE4,C2,RS21,C625,2300031716,P,P,P,P,P,P,P,P
59,NIKHIL VEMULAPALLI,CSE,CSE4,C2,RS21,C625,2300031760,A,A,A,A,A,A,A,A
60,ABBURU YASASRI,CSE,CSE2,C2,RS21,C625,2300031761,P,P,P,P,P,P,P,P
61,PAMULA V G KALYAN BHARADWAJ,CSE,CSE4,C2,RS21,C625,2300031776,P,P,P,P,P,P,P,P
62,BUSI SREEYA TEJASWI,CSE,CSE1,C1,RS21,C625,2300031911,A,A,A,A,A,A,A,A
63,MADALA.LAKSHMI PRIYANKA,CSE,CSE2,C2,RS21,C625,2300031942,P,P,P,P,P,P,A,A
64,POTTI AKASH MANIKANTA,CSE,CSE4,C2,RS21,C625,2300031944,P,P,P,P,P,P,P,P
65,KATAKAM LAKSHMI MANIKANTA,CSE,CSE4,C2,RS21,C625,2300032036,P,P,P,P,A,A,P,P
66,PASUPULETI ADITYA,CSE,CSE2,C2,RS21,C625,2300032104,P,P,P,P,P,P,P,P
67,DEGALA MOHANA MANI VENKATESH,CSE,CSE2,C2,RS21,C625,2300032114,P,P,P,P,P,P,P,P
68,BATTULA AKSHAY REDDY,CSE,CSE2,C2,RS21,C625,2300032121,P,P,P,P,P,P,P,P
69,DOPPALAPUDI ROHITH,CSE,CSE2,C2,RS21,C625,2300032156,P,P,P,P,P,P,P,P
70,NUTHALAPATI VENKATA DURGA KARTHIK,CSE,CSE4,C2,RS21,C625,2300032227,P,P,P,P,P,P,P,P
71,KUDIPUDI PAVAN VENKATA KISHORE,CSE,CSE2,C2,RS21,C625,2300032245,P,P,P,P,P,P,A,A
72,PANDU SHADHAI JOSEPH,CSE,CSE2,C2,RS21,C625,2300032260,P,P,P,P,P,P,P,P
73,AKASAMU BHANU VENKATA SIVA PRASAD,CSE,CSE2,C2,RS21,C625,2300032266,P,P,P,P,P,P,P,P
74,ALAPATI SRUTHI,CSE,CSE2,C2,RS21,C625,2300032270,P,P,P,P,P,P,P,P
75,SHAIK JAFFER SADIQ,CSE,CSE2,C2,RS21,C625,2300032287,P,P,P,P,P,P,P,P
76,ADDAGIRI NIKHIL,CSE,CSE2,C2,RS21,C625,2300032337,P,P,P,P,P,P,P,P
77,YAMINI PARIMALA KOTHURI,CSE,CSE2,C2,RS21,C625,2300032343,P,P,P,P,P,P,P,P
78,KOLLEPARA RAMYA JNANA NAGA PRASAD RUTVIK,CSE,CSE2,C2,RS21,C625,2300032360,P,P,P,P,P,P,P,P
79,KOTTI JESSI KUSUMA RATNAM,CSE,CSE2,C2,RS21,C625,2300032379,P,P,P,P,P,P,P,P
80,DEVI PRAVEEN KUMAR GRANDHI,CSE,CSE2,C2,RS21,C625,2300032391,P,P,P,P,P,P,P,P
81,KONA DEVI SRUJANA,CSE,CSE2,C2,RS21,C625,2300032416,P,P,P,P,P,P,P,P
82,SHAIK ARSHAD,CSE,CSE2,C2,RS21,C625,2300032443,P,P,P,P,P,P,P,P
83,DONTIREDDY CHARAN KRISHNA REDDY,CSE,CSE2,C2,RS21,C625,2300032470,P,P,P,P,P,P,A,A
84,VAARSHIKHPONNAM,CSE,CSE4,C2,RS21,C625,2300032502,P,P,P,P,P,P,P,P
85,CH VENKATA HIMA SRI,CSE,CSE2,C2,RS21,C625,2300032519,P,P,P,P,P,P,P,P
86,SIGATAPU MURALI MOHAN,CSE,CSE2,C2,RS21,C625,2300032528,A,A,A,A,A,A,A,A
87,PASUPULETI CHANDANA RAJA SRI,CSE,CSE1,C1,RS21,C625,2300032540,P,P,P,P,P,P,P,P
88,AKANKSHA LOSHETTY,CSE,CSE2,C2,RS21,C625,2300032592,P,P,P,P,P,P,P,P
89,MATURI KOUSHIK,CSE,CSE2,C2,RS21,C625,2300032601,P,P,P,P,P,P,P,P
90,MORAREDDY HIMASRI REDDY,CSE,CSE2,C2,RS21,C625,2300032738,P,P,P,P,P,P,P,P
91,KANAPARTHI VENKATA SAI SIDDHARTHA,CSE,CSE2,C2,RS21,C625,2300032769,P,P,P,P,P,P,P,P
92,POTTI MANI RATNA SAI VIGNESH,CSE,CSE4,C2,RS21,C625,2300032780,P,P,P,P,P,P,P,P
93,ADDANKI VENKATESH BABU,CSE,CSE2,C2,RS21,C625,2300032827,P,P,P,P,P,P,P,P
94,SAI AKASH PRAGALLAPATI,CSE,CSE2,C2,RS21,C625,2300032837,P,P,P,P,P,P,P,P
95,LONIKA KAMALAPURAM,CSE,CSE2,C2,RS21,C625,2300032890,P,P,P,P,P,P,P,P
96,GOWTHAMI KAVURU,CSE,CSE1,C1,RS21,C625,2300032925,P,P,P,P,P,P,P,P
97,ALEKHYA MEDATATI,CSE,CSE2,C2,RS21,C625,2300032926,P,P,P,P,P,P,P,P
98,HARISH BUGATHA,CSE,CSE4,C2,RS21,C625,2300032959,A,A,A,A,A,A,A,A
99,MEKALA BALAJI,CSE,CSE4,C2,RS21,C625,2300032964,P,P,P,P,P,P,P,P
100,GEETHIKA GUDE,CSE,CSE1,C1,RS21,C625,2300032971,P,P,P,P,P,P,P,P
101,KATIKA FAYAZ,CSE,CSE1,C1,RS21,C625,2300032982,A,A,A,A,A,A,A,A
102,ALA VENKATESWARA RAO YADAV,CSE,CSE2,C2,RS21,C625,2300033070,P,P,P,P,P,P,P,P
103,CHEBROLU CHAITHANYA KUMAR,CSE,CSE2,C2,RS21,C625,2300033094,P,P,P,P,P,P,P,P
104,PENMETSA VYSHNAVI DEVI,CSE,CSE2,C2,RS21,C625,2300033157,P,P,P,P,P,P,P,P
105,KOVVURI NAGENDRAVATHI,CSE,CSE2,C2,RS21,C625,2300033215,P,P,P,P,P,P,P,P
106,SOHAN SRI SAI NANDAM,CSE,CSE2,C2,RS21,C625,2300033258,P,P,P,P,P,P,P,P
107,ANNEPU RANJITH KIRAN,CSE,CSE1,C1,RS21,C625,2300033276,P,P,P,P,P,P,P,P
108,PRANAVI REDDY,CSE,CSE2,C2,RS21,C625,2300033294,A,A,A,A,A,A,A,A
109,JAGADEESH KAMALAPURI,CSE,CSE4,C2,RS21,C625,2300033307,P,P,P,P,P,P,P,P
110,VELPURU SAI NIKHIL,CSE,CSE2,C2,RS21,C625,2300033330,P,P,P,P,P,P,P,P
111,TRINAYANI YAMMANURU,CSE,CSE1,C1,RS21,C625,2300033335,P,P,P,P,P,P,P,P
112,SAHASRA KOLUKULURI,CSE,CSE2,C2,RS21,C625,2300033360,A,A,A,A,A,A,A,A
113,PALADUGU HARIPRIYA,CSE,CSE4,C2,RS21,C625,2300033364,P,P,P,P,P,P,P,P
114,DATLA SAI AKSHITA,CSE,CSE2,C2,RS21,C625,2300033378,P,P,P,P,P,P,P,P
115,V.V.N.R THANUSREE,CSE,CSE4,C2,RS21,C625,2300033415,P,P,P,P,P,P,P,P
116,KOVURI SAI TEJA,CSE,CSE2,C2,RS21,C625,2300033440,P,P,P,P,P,P,P,P
117,PENDEM SARAYU,CSE,CSE4,C2,RS21,C625,2300033537,P,P,P,P,P,P,P,P
118,KANDANALA VENUSRI NAGAVALLI,CSE,CSE2,C2,RS21,C625,2300033583,P,P,P,P,P,P,A,A
119,PULIKHANDAM VARSHA,CSE,CSE2,C2,RS21,C625,2300033625,P,P,P,P,P,P,P,P
120,G SARATH BABU,CSE,CSE2,C2,RS21,C625,2300033633,P,P,P,P,P,P,P,P
121,PRAVEENA ASAPU,CSE,CSE2,C2,RS21,C625,2300033652,A,A,A,A,A,A,A,A
122,BOGGAVARAPU NAGA SAI LAKSHMI NISHITHA,CSE,CSE2,C2,RS21,C625,2300033708,P,P,P,P,P,P,P,P
123,SUSHMA SRI KALLEPALLI,CSE,CSE1,C1,RS21,C625,2300033836,P,P,P,P,P,P,P,P
124,SIRUMALA HITESH REDDY,CSE,CSE4,C2,RS21,C625,2300030643,P,P,P,P,P,P,P,P
125,SHAIK AZEEZ,CSE,CSE2,C2,RS21,C625,2300032325,P,P,P,P,P,P,P,P
126,KURAPATI MADHU NAGA SAI,CSE,CSE2,C2,RS21,C625,2300032733,P,P,P,P,P,P,P,P
127,SRI AKHIL DONTULA,CSE,CSE1,C1,RS21,C625,2300033385,P,P,P,P,P,P,P,P
128,DARUKUMALLI VARSHITH SAI REDDY,CSE,CSE4,C2,RS21,C625,2300033866,P,P,P,P,P,P,P,P
1,ACHANTA BHANU VAMSI,CSE,HTE,C2,GK21,R101,2300030009,A,A,A,A,A,A,A,A
2,CHALLA LAKSHMI POOJITHA,CSE,CSE1,C2,GK21,R101,2300030112,P,P,P,P,P,P,P,P
3,CHENNAMSETTI CHARITHA,CSE,HTE,C2,GK21,R101,2300030127,P,P,P,P,P,P,P,P
4,DODDAKA SAI TEJA,CSE,HTE,C2,GK21,R101,2300030167,P,P,P,P,P,P,P,P
5,KLU2300030192,CSE,HTE,C2,GK21,R101,2300030192,P,P,P,P,P,P,P,P
6,GUNJI RAMESH,CSE,HTE,C2,GK21,R101,2300030238,P,P,P,P,P,P,P,P
7,GUTHURTHI BHUVNESWARI,CSE,CSE1,C2,GK21,R101,2300030247,P,P,P,P,P,P,P,P
8,LAM SAHASRA,CSE,CSE1,C2,GK21,R101,2300030379,P,P,P,P,P,P,P,P
9,MEGHANARI,CSE,HTE,C2,GK21,R101,2300030420,P,P,P,P,P,P,P,P
10,MEKA HEMANTH SAI VINAY,CSE,HTE,C2,GK21,R101,2300030421,P,P,P,P,P,P,P,P
11,NEKKALAPUDI SAI RESHMA,CSE,CSE1,C2,GK21,R101,2300030480,P,P,P,P,P,P,P,P
12,PALLEM CHETHANA,CSE,HTE,C2,GK21,R101,2300030502,A,A,A,A,A,A,A,A
13,POLUBOINA SANDEEP KUMAR,CSE,CSE1,C2,GK21,R101,2300030542,P,P,P,P,P,P,P,P
14,RAVIPATI POOJA KRISHNA,CSE,HTR,C2,GK21,R101,2300030581,P,P,P,P,P,P,P,P
15,SUNKARA SAI DATTA KIRAN,CSE,CSE1,C2,GK21,R101,2300030654,P,P,P,P,P,P,P,P
16,TALLAM MANVITHA,CSE,CSE1,C2,GK21,R101,2300030664,P,P,P,P,P,P,P,P
17,YARLAGADDA BHAVANA,CSE,CSE1,C2,GK21,R101,2300030748,A,A,A,A,A,A,A,A
18,YERRADLA SRI LAXMI,CSE,CSE1,C2,GK21,R101,2300030762,P,P,P,P,P,P,P,P
19,PANGAM_PRAGNA,CSE,HTE,C2,GK21,R101,2300030779,P,P,P,P,P,P,P,P
20,SUDDAPALLI SRAVYA,CSE,CSE1,C2,GK21,R101,2300030834,P,P,P,P,P,P,P,P
21,JYOTSNA TALASILA,CSE,HTR,C2,GK21,R101,2300030837,P,P,P,P,P,P,P,P
22,KOVVURI KARTHIKEYA,CSE,HTE,C2,GK21,R101,2300030849,P,P,P,P,P,P,P,P
23,DULLA PRIYA DARSHINI,CSE,HTE,C2,GK21,R101,2300030882,P,P,P,P,P,P,P,P
24,SAI KRISHNA VARMA INDUKURI,CSE,CSE1,C2,GK21,R101,2300031035,P,P,P,P,P,P,P,P
25,DADIREDDY MANOGYNA SATYA REDDY,CSE,HTE,C2,GK21,R101,2300031113,P,P,P,P,P,P,P,P
26,PADALA JAIRAJ GOWTHAM KUMAR REDDY,CSE,HTE,C2,GK21,R101,2300031189,P,P,P,P,P,P,P,P
27,BODDULURI LAHARI,CSE,HTE,C2,GK21,R101,2300031301,P,P,P,P,P,P,P,P
28,MUPPALLA MEGHANA,CSE,HTR,C2,GK21,R101,2300031412,P,P,P,P,P,P,P,P
29,SARATH ANNABATHULA,CSE,HTI,C2,GK21,R101,2300031459,P,P,P,P,P,P,P,P
30,THUNIKALA GURU KALYAN,CSE,HTE,C2,GK21,R101,2300031462,P,P,P,P,A,A,A,A
31,GOLLA DHARANI,CSE,HTI,C2,GK21,R101,2300031470,A,A,A,A,A,A,A,A
32,KUMMARI YASASWINI,CSE,CSE1,C2,GK21,R101,2300031482,P,P,P,P,P,P,P,P
33,SRAVAN REDDY,CSE,CSE1,C2,GK21,R101,2300031490,P,P,P,P,P,P,P,P
34,ARYAN RAJ,CSE,HTE,C2,GK21,R101,2300031505,P,P,P,P,P,P,P,P
35,KURNALA CHARISHMA VENKATA NAGA VAISHNAVI,CSE,HTR,C2,GK21,R101,2300031530,P,P,P,P,P,P,P,P
36,POORNA CHANDRA,CSE,HTE,C2,GK21,R101,2300031559,P,P,P,P,P,P,P,P
37,ABHISHEK JAMPANI,CSE,HTE,C2,GK21,R101,2300031574,P,P,P,P,P,P,P,P
38,MANDAPATI ABHINAV REDDY,CSE,CSE1,C2,GK21,R101,2300031600,A,A,A,A,A,A,A,A
39,AASRITHA SAI PANUGANTI,CSE,HTE,C2,GK21,R101,2300031603,P,P,P,P,P,P,P,P
40,RUTTALA BHANU PRAKASH,CSE,CSE1,C2,GK21,R101,2300031625,P,P,P,P,P,P,P,P
41,YAKKALA VENKATA LAKSHMI MOUNIKA SUCHITRA,CSE,CSE1,C2,GK21,R101,2300031669,P,P,P,P,P,P,P,P
42,ETHAKOTA ASISH ISRAEL,CSE,HTR,C2,GK21,R101,2300031729,P,P,P,P,P,P,P,P
43,UDAYANJALI DEVU,CSE,HTR,C2,GK21,R101,2300031808,P,P,P,P,P,P,P,P
44,NAMA ANUSHA,CSE,HTE,C2,GK21,R101,2300031832,P,P,A,A,A,A,P,P
45,PATAMSETTI VISHNU,CSE,CSE1,C2,GK21,R101,2300031842,P,P,P,P,P,P,P,P
46,SAI ISHWARYA TADIKONDA,CSE,HTE,C2,GK21,R101,2300031870,P,P,P,P,P,P,P,P
47,GANJI SURENDRA,CSE,HTE,C2,GK21,R101,2300031885,P,P,P,P,P,P,P,P
48,PADETI NAVEEN,CSE,HTE,C2,GK21,R101,2300031922,P,P,P,P,P,P,P,P
49,GNANESWAR SOMISETTY,CSE,HTE,C2,GK21,R101,2300031948,P,P,P,P,P,P,P,P
50,ANNAPUREDDY MOHAN ABHISHEK,CSE,HTI,C2,GK21,R101,2300032003,P,P,P,P,P,P,P,P
51,VEDA POOJITHA VEGINETI,CSE,CSE1,C2,GK21,R101,2300032017,A,A,A,A,A,A,A,A
52,PINNAPUREDDY SAI KIRAN REDDY,CSE,HTR,C2,GK21,R101,2300032020,P,P,P,P,P,P,P,P
53,JYOTHIPRASANNA MARAMREDDY,CSE,HTI,C2,GK21,R101,2300032050,P,P,P,P,P,P,P,P
54,GRANDHI NAVYA LAKSHMI PRIYA,CSE,HTE,C2,GK21,R101,2300032129,P,P,P,P,P,P,P,P
55,SRUJANA RANJANI VYTLA,CSE,CSE1,C2,GK21,R101,2300032202,P,P,P,P,P,P,P,P
56,GOGIKAR VIGNESH,CSE,HTE,C2,GK21,R101,2300032214,P,P,P,P,P,P,P,P
57,ADDANKI HARINI,CSE,HTR,C2,GK21,R101,2300032217,P,P,P,P,P,P,P,P
58,V BEULAH JASMINE,CSE,HTE,C2,GK21,R101,2300032246,P,P,P,P,P,P,P,P
59,TELLAGADDA JASMITHA,CSE,HTI,C2,GK21,R101,2300032263,P,P,P,P,P,P,P,P
60,PANDIRIPALLI SAI GANESH,CSE,HTR,C2,GK21,R101,2300032282,P,P,P,P,P,P,P,P
61,YARRA GOPINADH REDDY,CSE,CSE1,C2,GK21,R101,2300032362,P,P,P,P,P,P,P,P
62,GUTTA LOHITHA,CSE,HTE,C2,GK21,R101,2300032401,P,P,P,P,P,P,P,P
63,MALLADI PRABHATH,CSE,CSE1,C2,GK21,R101,2300032425,P,P,P,P,P,P,P,P
64,GANTA SHANMUK,CSE,HTI,C2,GK21,R101,2300032436,A,A,P,P,P,P,P,P
65,SHAIK ARSHAD,CSE,HTE,C2,GK21,R101,2300032444,P,P,P,P,P,P,P,P
66,RAMARAJU PRANAV SASIDHAR,CSE,HTE,C2,GK21,R101,2300032489,P,P,P,P,P,P,P,P
67,GADIPARTHI TEJASWI,CSE,HTE,C2,GK21,R101,2300032500,P,P,P,P,P,P,P,P
68,BARLA ROHITH,CSE,CSE1,C2,GK21,R101,2300032586,P,P,P,P,P,P,P,P
69,KARUTURI CHARITHA,CSE,HTE,C2,GK21,R101,2300032608,P,P,P,P,P,P,P,P
70,AVULA DHARSHINI SAI,CSE,HTE,C2,GK21,R101,2300032623,P,P,P,P,P,P,P,P
71,KALAGA CHANDRA SEKHAR,CSE,HTE,C2,GK21,R101,2300032695,P,P,P,P,P,P,P,P
72,BANKA ASHISH KUMAR YADAV,CSE,HTE,C2,GK21,R101,2300032696,P,P,P,P,P,P,P,P
73,AKULA SAI ASHRITHA,CSE,HTE,C2,GK21,R101,2300032701,P,P,P,P,P,P,P,P
74,KALANGI VASANTHA LAHARI,CSE,HTI,C2,GK21,R101,2300032726,P,P,P,P,P,P,P,P
75,SUNNAPURALLA GOWRI PRAGATHI,CSE,HTI,C2,GK21,R101,2300032793,P,P,P,P,P,P,P,P
76,RAMAKRISHNA P,CSE,HTE,C2,GK21,R101,2300032883,P,P,P,P,P,P,P,P
77,MUPPANENI ABHIRAM,CSE,HTE,C2,GK21,R101,2300032917,P,P,A,A,A,A,A,A
78,PUTTUR CHANAKYA,CSE,HTE,C2,GK21,R101,2300032929,P,P,P,P,P,P,P,P
79,HASINI GUGULOTH,CSE,HTE,C2,GK21,R101,2300032937,P,P,P,P,P,P,P,P
80,BANDLA BHARGAVI,CSE,HTE,C2,GK21,R101,2300032939,P,P,P,P,P,P,P,P
81,KATURI SONU SRI,CSE,HTR,C2,GK21,R101,2300032941,P,P,P,P,P,P,P,P
82,GOLAKOTI BALA GANGA JAGAN MOHAN,CSE,HTE,C2,GK21,R101,2300033037,P,P,P,P,P,P,P,P
83,NAMBURI ASHRITH KRISHNA,CSE,HTI,C2,GK21,R101,2300033155,A,A,A,A,A,A,A,A
84,ANNAPUREDDY RAKSHITHA,CSE,HTE,C2,GK21,R101,2300033185,P,P,P,P,P,P,P,P
85,N.GIRITHARUN,CSE,HTR,C2,GK21,R101,2300033198,P,P,P,P,P,P,P,P
86,SURYA RAJENDRA,CSE,HTI,C2,GK21,R101,2300033309,P,P,P,P,P,P,P,P
87,SRIRAM SURAPUNENI,CSE,HTE,C2,GK21,R101,2300033408,P,P,P,P,P,P,P,P
88,DHARANI KATTA,CSE,HTE,C2,GK21,R101,2300033522,P,P,P,P,P,P,P,P
89,GUDA ABHINAVSAI,CSE,HTE,C2,GK21,R101,2300033557,P,P,P,P,A,A,A,A
90,ANUSURI SATYA SAI VENKAT,CSE,CSE1,C2,GK21,R101,2300033651,P,P,P,P,P,P,P,P
91,SAI VISHAL S,CSE,CSE1,C2,GK21,R101,2300033705,P,P,P,P,P,P,P,P
92,RAJANALA VARSHA,CSE,HTR,C2,GK21,R101,2300033718,P,P,P,P,P,P,P,P
93,KAYAKOKULA SRINIVAS,CSE,HTI,C2,GK21,R101,2300033736,A,A,A,A,A,A,A,A
94,ADAPAKA JAHNAVI,CSE,HTE,C2,GK21,R101,2300033919,P,P,P,P,P,P,P,P
95,CHAVAKULA CHANDU,ECE,HTE,C2,GK21,R101,2300040006,P,P,P,P,P,P,P,P
96,SENTHIL KUMAR HARINI,ECE,HTE,C2,GK21,R101,2300040025,P,P,P,P,P,P,P,P
97,KASANNENI ASWINI,ECE,HTE,C2,GK21,R101,2300040203,P,P,P,P,P,P,P,P
98,MEKALA CHARITHA,ECE,HTE,C2,GK21,R101,2300040209,P,P,P,P,P,P,P,P
99,AVULA VENKATA DHANUSH,ECE,HTE,C2,GK21,R101,2300040343,P,P,P,P,P,P,P,P
100,T.VENKATASAI,ECE,HTE,C2,GK21,R101,2300040347,P,P,P,P,P,P,P,P
101,NEMALA DHANABABU,ECE,HTE,C2,GK21,R101,2300040368,P,P,P,P,P,P,P,P
102,ADABALA NIRUP SAI RAM NAIDU,ECE,HTE,C2,GK21,R101,2300040407,P,P,P,P,P,P,P,P
103,SANKU RAJESH,ECE,HTE,C2,GK21,R101,2300040413,P,P,P,P,P,P,P,P
104,KATTA MEGHANA,EEE,HTE,C2,GK21,R101,2300060021,P,P,P,P,P,P,P,P
105,SAYANI VENKATA SRI SAI AKHIL,MECH,HTE,C2,GK21,R101,2300070006,A,A,A,A,A,A,A,A
106,DASARI JOSEPH JAKWES,MECH,HTE,C2,GK21,R101,2300070015,A,A,A,A,A,A,A,A
107,SHAIK AADIL BASHA,AIDS,HTI,C2,GK21,R101,2300080223,P,P,P,P,P,P,P,P
108,TUMMALA SAI LOHITH KUMAR,AIDS,HTI,C2,GK21,R101,2300080248,A,A,A,A,A,A,A,A
109,PUJYA MANOGNA,AIDS,HTE,C2,GK21,R101,2300080294,P,P,P,P,P,P,P,P
110,GUDLA LAHARI,CSIT,HTE,C2,GK21,R101,2300090017,P,P,P,P,P,P,P,P
111,RAJANI.THOTA,CSIT,HTE,C2,GK21,R101,2300090047,P,P,P,P,P,P,P,P
112,GURU DIVYA TEJA,CSIT,HTE,C2,GK21,R101,2300090112,P,P,P,P,P,P,P,P
113,KAKANI NAVYA,CSIT,HTI,C2,GK21,R101,2300090161,P,P,P,P,P,P,P,P
114,VIVEK DUBEY,CSIT,HTI,C2,GK21,R101,2300090196,P,P,P,P,P,P,P,P
115,GANDHAM BHANU PRAKASH,CSE,HTE,C2,GK21,R101,2300033213,P,P,P,P,P,P,P,P
116,SHAIK AFROZZAHAN,CSE,HTE,C2,GK21,R101,2300030614,P,P,P,P,P,P,P,P
117,SAKE LEO VENKAT SAI,CSE,HTI,C2,GK21,R101,2300030597,P,P,P,P,P,P,P,P
118,BHAVESH KUPPA,CSE,CSE1,C2,GK21,R101,2300033649,P,P,P,P,P,P,P,P
1,M LAKSHMI BHARATHI,BT,BT,C2,IS204,R301A,2300010091,P,P,P,P,P,P,P,P
2,CH.GANGA BALA RAM,CE,CE,C2,IS204,R301A,2300029001,P,P,P,P,P,P,P,P
3,CHITTELU NISSY,CSE,HTR,C2,IS204,R301A,2300030144,P,P,P,P,P,P,P,P
4,KANTAMANI JYOTESH,CSE,HTR,C2,IS204,R301A,2300030302,P,P,P,P,P,P,P,P
5,SRINIDHI KARANGULA,CSE,HTR,C2,IS204,R301A,2300030305,P,P,P,P,P,P,P,P
6,SHAIK RAFI,CSE,HTR,C2,IS204,R301A,2300030771,P,P,P,P,P,P,P,P
7,YERRAPOTHU HARINI,CSE,HTR,C2,IS204,R301A,2300030839,P,P,P,P,P,P,P,P
8,MALLIPEDDI RAKESH,CSE,HTR,C2,IS204,R301A,2300030852,P,P,P,P,P,P,P,P
9,K BHASKARA ARUN,CSE,HTI,C2,IS204,R301A,2300030993,A,A,A,A,A,A,A,A
10,BALADARI BHASKARA SUBBARAYUDU,CSE,HTR,C2,IS204,R301A,2300031105,P,P,P,P,P,P,P,P
11,DASARI SRIKAR,CSE,HTR,C2,IS204,R301A,2300031257,P,P,P,P,A,A,A,A
12,DHARANI SRI VEMULAPALLI,CSE,HTI,C2,IS204,R301A,2300031337,P,P,P,P,P,P,P,P
13,ARRABOINA SRUJAN KUMAR,CSE,HTR,C2,IS204,R301A,2300031347,A,A,A,A,A,A,A,A
14,NALLAJALLA SUPREETH,CSE,HTR,C2,IS204,R301A,2300031463,P,P,P,P,P,P,P,P
15,MAJETI DHERAJ NAGA SAI SRIRAM,CSE,HTR,C2,IS204,R301A,2300031474,P,P,P,P,P,P,P,P
16,GADDIPATI NANDHINI,CSE,HTR,C2,IS204,R301A,2300031523,P,P,P,P,P,P,P,P
17,HARSHITHA MANNERI,CSE,HTR,C2,IS204,R301A,2300031589,P,P,P,P,P,P,P,P
18,HEBBATAM GOKULNATH REDDY,CSE,HTI,C2,IS204,R301A,2300031627,P,P,P,P,P,P,P,P
19,MARLA KARTHIKEYAN,CSE,HTR,C2,IS204,R301A,2300031642,P,P,P,P,A,A,A,A
20,PULIPAKA VENKATA SAI SANDILYA,CSE,HTR,C2,IS204,R301A,2300031691,P,P,A,A,P,P,P,P
21,SWAYAM SREETAM SWAIN,CSE,HTI,C2,IS204,R301A,2300031724,A,A,A,A,A,A,A,A
22,PREM RAJITH KUMAR.KOTHA,CSE,CSE2,C2,IS204,R301A,2300031785,P,P,P,P,P,P,P,P
23,NANDIPATI LAKSHMI HARSHINI,CSE,HTR,C2,IS204,R301A,2300032151,P,P,P,P,P,P,P,P
24,SHAIK GOUSE KAREEM,CSE,HTR,C2,IS204,R301A,2300032209,P,P,A,A,P,P,P,P
25,ALA VINUTHNA,CSE,HTR,C2,IS204,R301A,2300032220,P,P,P,P,P,P,P,P
26,JAMUDUGANI SAI PARAMESH,CSE,CSE2,C2,IS204,R301A,2300032254,P,P,P,P,P,P,P,P
27,BOREM AVINASH,CSE,HTR,C2,IS204,R301A,2300032356,P,P,P,P,P,P,P,P
28,SYED ABDUL RAZAK,CSE,HTR,C2,IS204,R301A,2300032428,P,P,P,P,P,P,P,P
29,MOHAMMED SOHAIL SHIRAZI,CSE,HTR,C2,IS204,R301A,2300032477,A,A,A,A,A,A,A,A
30,BATTULA SARVAGNA,CSE,HTR,C2,IS204,R301A,2300032545,P,P,P,P,P,P,P,P
31,DORBALA SAI NIKITHA,CSE,HTR,C2,IS204,R301A,2300032732,P,P,P,P,P,P,P,P
32,SK NAGURVALI,CSE,HTR,C2,IS204,R301A,2300032737,P,P,P,P,P,P,P,P
33,ANGARA AKSHAY,CSE,CSE2,C2,IS204,R301A,2300032978,A,A,A,A,P,P,P,P
34,GOTTUMUKKALA NAGA VENKATA SATYA GAYATHRI,CSE,CSE2,C2,IS204,R301A,2300033002,P,P,A,A,A,A,A,A
35,Y S V S M DIVYASRI,CSE,CSE2,C2,IS204,R301A,2300033003,A,A,A,A,A,A,A,A
36,V S S KOMALI MANIKONDA,CSE,CSE2,C2,IS204,R301A,2300033004,A,A,A,A,A,A,A,A
37,MATTAPARTHI BHAVANA SAI YASASWINI,CSE,CSE2,C2,IS204,R301A,2300033012,A,A,A,A,A,A,A,A
38,G.SHASHANK SREENIVAS,CSE,CSE2,C2,IS204,R301A,2300033058,P,P,P,P,P,P,P,P
39,SUDEPALLI MANIKANTA NAVADEEP,CSE,CSE2,C2,IS204,R301A,2300033069,P,P,P,P,P,P,P,P
40,NOSSAM REVANTH KUMAR REDDY,CSE,CSE2,C2,IS204,R301A,2300033080,P,P,P,P,P,P,P,P
41,NANDITHA REDDY TADIPARTHI,CSE,CSE2,C2,IS204,R301A,2300033098,P,P,P,P,P,P,P,P
42,GUNTIMADUGU REDDYPRASANNA,CSE,CSE2,C2,IS204,R301A,2300033100,P,P,P,P,P,P,P,P
43,GURUGUBILLI PRAGNA VARDHAN,CSE,HTR,C2,IS204,R301A,2300033103,P,P,P,P,P,P,P,P
44,RETLA VENKATA SAI CHARAN,CSE,CSE2,C2,IS204,R301A,2300033116,A,A,A,A,A,A,A,A
45,AMMINENI YASWANTH KUMAR,CSE,CSE2,C2,IS204,R301A,2300033131,A,A,A,A,A,A,A,A
46,GUMPENA VENKATA KARTHIK,CSE,CSE2,C2,IS204,R301A,2300033145,P,P,P,P,A,A,P,P
47,JAHNAVISRI,CSE,CSE2,C2,IS204,R301A,2300033160,P,P,P,P,P,P,P,P
48,CHOWDAWARAPU TEJASWINI,CSE,CSE2,C2,IS204,R301A,2300033172,P,P,P,P,A,A,A,A
49,PRATHAM HEBLE,CSE,HTR,C2,IS204,R301A,2300033210,A,A,A,A,A,A,A,A
50,BADI AASHRITHA REDDY,CSE,CSE2,C2,IS204,R301A,2300033263,P,P,P,P,P,P,P,P
51,THUMATI PHANI KARTHIK,CSE,CSE2,C2,IS204,R301A,2300033264,P,P,P,P,P,P,P,P
52,CHALLA MAHESH REDDY,CSE,CSE2,C2,IS204,R301A,2300033280,P,P,P,P,P,P,P,P
53,SHAIK UMAR FAROOQ,CSE,CSE2,C2,IS204,R301A,2300033369,P,P,P,P,A,A,P,P
54,RACHURI SARANYA,CSE,CSE2,C2,IS204,R301A,2300033443,P,P,P,P,P,P,P,P
55,PERUMALLA KAVYA,CSE,CSE2,C2,IS204,R301A,2300033473,A,A,A,A,A,A,A,A
56,ALTHI BHARGAVI,CSE,CSE2,C2,IS204,R301A,2300033502,P,P,P,P,P,P,P,P
57,PAVAN DEGALA,CSE,CSE2,C2,IS204,R301A,2300033518,P,P,P,P,P,P,P,P
58,NARENDULA SUMANTH,CSE,CSE2,C2,IS204,R301A,2300033601,P,P,P,P,P,P,P,P
59,PILLYI G SHANKAR,CSE,CSE2,C2,IS204,R301A,2300033631,P,P,P,P,P,P,P,P
60,PYDIPARTHY VYSHNAVI,CSE,HTR,C2,IS204,R301A,2300033738,P,P,P,P,P,P,P,P
61,BHAGAM JASMITHA,CSE,HTI,C2,IS204,R301A,2300033739,P,P,P,P,P,P,P,P
62,SHAIK SAMEER MEHADI,CSE,HTR,C2,IS204,R301A,2300033776,A,A,A,A,A,A,A,A
63,POTTI MOHANA PRIYA,CSE,CSE2,C2,IS204,R301A,2300033804,P,P,P,P,A,A,P,P
64,KONDA BHAVAGNA REDDY,CSE,HTI,C2,IS204,R301A,2300033810,P,P,P,P,P,P,A,A
65,NEMANI VENKAT,CSE,HTR,C2,IS204,R301A,2300033877,P,P,A,A,P,P,P,P
66,GADIPALLI MANIKANTH,CSE,CSE2,C2,IS204,R301A,2300033898,A,A,A,A,A,A,A,A
67,SEEPANA VIKAS,CSE,CSE2,C2,IS204,R301A,2300033917,P,P,P,P,P,P,P,P
68,BONGU. SRIHITHA NAIDU,AIDS,HTR,C2,IS204,R301A,2300080004,P,P,P,P,P,P,P,P
69,ATTILI NAGA SATYA MEENA SAMEERA,AIDS,HTR,C2,IS204,R301A,2300080069,P,P,P,P,P,P,P,P
70,GOWTHAMDASARI,AIDS,HTI,C2,IS204,R301A,2300080156,P,P,P,P,P,P,P,P
71,CHAMANCHI ROOPASREE,AIDS,HTR,C2,IS204,R301A,2300080174,A,A,A,A,A,A,A,A
72,KUNCHALA LOKANADHA MANIKANTA,AIDS,HTR,C2,IS204,R301A,2300080182,P,P,P,P,P,P,P,P
73,BALUSU SATHWIKA,AIDS,HTR,C2,IS204,R301A,2300080193,A,A,A,A,A,A,A,A
74,TANMAYEE THELAGATHOTI,AIDS,HTR,C2,IS204,R301A,2300080252,A,A,A,A,A,A,A,A
75,ADAPALA GEETHIKA,AIDS,HTR,C2,IS204,R301A,2300080318,P,P,P,P,P,P,P,P
76,KOLISETTY SATYA SAI NAGA SUBRAMANYAM,AIDS,HTR,C2,IS204,R301A,2300080387,P,P,P,P,P,P,P,P
77,RAJUVARI GNANAVIKA,CSIT,HTR,C2,IS204,R301A,2300090037,P,P,P,P,P,P,P,P
78,KANDULA CHANDAN NEEL,CSIT,HTI,C2,IS204,R301A,2300090251,P,P,P,P,P,P,A,A
79,SIVATEJASANAKA,CSIT,HTR,C2,IS204,R301A,2300090371,A,A,A,A,A,A,A,A
80,SAMANTHAPUDI YAGNA VARSHITHA,CSE,HTI,C2,IS204,R301A,2300032174,P,P,P,P,P,P,P,P
81,SHAIK MASTHAN VALI,CSE,HTI,C2,IS204,R301A,2300033850,P,P,P,P,A,A,P,P
82,YATAM TEJASWINI,CSE,CSE2,C2,IS204,R301A,2300033442,A,A,P,P,P,P,P,P
1,BOTLAGUNTA JYOTHIKA,CSE,CSE1,C1,SI13,R301B,2300030100,P,P,P,P,P,P,P,P
2,DACHARLA SREEKAR,CSE,HTR,C1,SI13,R301B,2300030150,P,P,P,P,P,P,P,P
3,GADAMSETTY KEERTHI,CSE,CSE1,C1,SI13,R301B,2300030185,P,P,P,P,P,P,P,P
4,GAJULA YASWANTH KUMAR,CSE,CSE2,C1,SI13,R301B,2300030194,A,A,A,A,P,P,P,P
5,GANDHAM HEMANTH,CSE,CSE2,C1,SI13,R301B,2300030197,P,P,A,A,A,A,A,A
6,GARIMELLA DEEPTHI,CSE,CSE1,C1,SI13,R301B,2300030201,P,P,P,P,P,P,P,P
7,VEERAMALLA SARVANI,CSE,CSE1,C1,SI13,R301B,2300030714,P,P,P,P,P,P,P,P
8,YARLAGADDA DIVYA,CSE,HTR,C1,SI13,R301B,2300030749,P,P,P,P,P,P,P,P
9,PASUPULETI VAMSHI KARTHIK,CSE,CSE2,C1,SI13,R301B,2300030965,P,P,P,P,P,P,P,P
10,GADAGOTTU MANITEJ CHOWDARY,CSE,HTE,C1,SI13,R301B,2300031033,A,A,A,A,A,A,A,A
11,PESALA VENKATA PAVAN MOHITH,CSE,HTE,C1,SI13,R301B,2300031066,P,P,P,P,P,P,P,P
12,SAI SRI CHARAN SAMAYAMANTULA,CSE,CSE1,C1,SI13,R301B,2300031071,P,P,P,P,P,P,P,P
13,POLAMARASETTI ASHMITHA,CSE,CSE2,C1,SI13,R301B,2300031370,P,P,P,P,P,P,P,P
14,KOLLI SHANMUKHA REDDY,CSE,CSE2,C1,SI13,R301B,2300031518,A,A,P,P,P,P,P,P
15,HEMANTH BRAHMAJI VINJAVARAPU,CSE,HTE,C1,SI13,R301B,2300031629,P,P,P,P,P,P,P,P
16,CHAVATA KEERAVANISH,CSE,CSE3,C1,SI13,R301B,2300031659,P,P,P,P,P,P,P,P
17,MODUGULA RAMYA SRI,CSE,CSE2,C1,SI13,R301B,2300031660,P,P,P,P,P,P,P,P
18,GUTTAPATI ESWARA PRASAD,CSE,HTE,C1,SI13,R301B,2300031780,P,P,P,P,P,P,P,P
19,NANDIPATI RAGHAVENDRA,CSE,CSE3,C1,SI13,R301B,2300031924,P,P,P,P,A,A,A,A
20,NIKHILSAITEJ,CSE,CSE2,C1,SI13,R301B,2300032044,P,P,P,P,P,P,A,A
21,KALLA SUDEER KUMAR,CSE,CSE2,C1,SI13,R301B,2300032106,P,P,P,P,P,P,A,A
22,SHAIK AHMAD RAJA,CSE,CSE2,C1,SI13,R301B,2300032147,P,P,P,P,P,P,A,A
23,MIRIYALA GEETHIKA,CSE,CSE3,C1,SI13,R301B,2300032213,P,P,P,P,P,P,P,P
24,CHITRAKAVI VENKAT,CSE,CSE1,C1,SI13,R301B,2300032346,P,P,P,P,P,P,P,P
25,AVANIGADDA NEHA,CSE,HTE,C1,SI13,R301B,2300032553,P,P,P,P,P,P,P,P
26,BOBBA SNEHALATHA REDDY,CSE,HTE,C1,SI13,R301B,2300032572,P,P,P,P,P,P,P,P
27,GANPISETTI DHANYA SRI,CSE,HTR,C1,SI13,R301B,2300032840,P,P,P,P,P,P,A,A
28,J TANUJ KUMAR DEV,CSE,HTE,C1,SI13,R301B,2300032921,P,P,P,P,A,A,A,A
29,U HARPITA,CSE,HTE,C1,SI13,R301B,2300032992,P,P,P,P,P,P,P,P
30,G BHAVANI,CSE,HTE,C1,SI13,R301B,2300032996,P,P,P,P,P,P,P,P
31,ABBURI JITHIN CHOWDARY,CSE,HTI,C1,SI13,R301B,2300033180,P,P,P,P,P,P,A,A
32,UMMA ANVITHA VAISHNAVI,CSE,CSE3,C1,SI13,R301B,2300033217,P,P,P,P,A,A,A,A
33,CHINNABOINA VARSHITHA,CSE,CSE1,C1,SI13,R301B,2300033250,P,P,P,P,P,P,P,P
34,MATTEPU JAGADEESWAR,CSE,CSE2,C1,SI13,R301B,2300033326,A,A,A,A,A,A,A,A
35,JAHNAVI PARUCHURI,CSE,CSE1,C1,SI13,R301B,2300033409,P,P,P,P,P,P,P,P
36,TUFAIL AHMAD,CSE,CSE2,C1,SI13,R301B,2300033529,P,P,P,P,P,P,P,P
37,VINAYAK KUMAR,CSE,HTE,C1,SI13,R301B,2300033530,P,P,P,P,P,P,P,P
38,SAYANI DATTA,CSE,HTE,C1,SI13,R301B,2300033554,P,P,P,P,A,A,A,A
39,GURRAM SANJANA RAJENDRARAO,CSE,HTE,C1,SI13,R301B,2300033593,P,P,P,P,P,P,P,P
40,PEDAPUDI S K V S M SRI KAVYA,CSE,CSE3,C1,SI13,R301B,2300033599,P,P,P,P,P,P,P,P
41,GUTTULA SWATHI SREE,CSE,CSE1,C1,SI13,R301B,2300033805,P,P,P,P,P,P,P,P
42,TWINKLE BEHERA,CSE,CSE2,C1,SI13,R301B,2300033871,P,P,P,P,P,P,P,P
43,AVULA VISHNU PRIYA,CSE,CSE3,C1,SI13,R301B,2300039018,P,P,P,P,P,P,P,P
44,DUNAKA CHETAN,CSE,CSE3,C1,SI13,R301B,2300039030,P,P,P,P,P,P,P,P
45,Y NAGA MAHESWAR REDDY,CSE,CSE3,C1,SI13,R301B,2300039076,P,P,P,P,P,P,P,P
46,YARLAGADDA PAVANI,CSE,CSE3,C1,SI13,R301B,2300039086,P,P,P,P,P,P,P,P
47,CHODA RAGHU LAKSHMAN,CSE,CSE3,C1,SI13,R301B,2300039106,P,P,P,P,P,P,P,P
48,ARDHALA SRILAKSHMI,ECE,HTE,C1,SI13,R301B,2300040002,P,P,P,P,P,P,P,P
49,KUTHANI GNANA DEEPIKA,ECE,ECE,C1,SI13,R301B,2300040017,P,P,P,P,P,P,P,P
50,ARDHALA GOWTHAMI,ECE,ECE,C1,SI13,R301B,2300040075,P,P,P,P,P,P,P,P
51,LANKALAPALLI SHARMILA,ECE,ECE,C1,SI13,R301B,2300040076,P,P,P,P,P,P,P,P
52,SOWJANYA ARDHALA,ECE,ECE,C1,SI13,R301B,2300040102,P,P,P,P,P,P,P,P
53,KOSURU ROHITH VINAY TARAK,ECE,ECE,C1,SI13,R301B,2300040108,P,P,P,P,P,P,P,P
54,KEDARAPU. HARSHA VARDHAN,ECE,ECE,C1,SI13,R301B,2300040152,P,P,P,P,P,P,P,P
55,KARTHIK NELLI,ECE,ECE,C1,SI13,R301B,2300040170,P,P,P,P,P,P,P,P
56,KIRAN NAIDU CHALLA,ECE,HTE,C1,SI13,R301B,2300040228,A,A,A,A,A,A,A,A
57,BALASA MITRA MUKESH,ECE,HTE,C1,SI13,R301B,2300040284,P,P,P,P,P,P,A,A
58,BANDARU SUJANA,ECE,ECE,C1,SI13,R301B,2300040305,P,P,P,P,P,P,P,P
59,SOMA SAI KARTHIK DUVVURI,ECE,ECE,C1,SI13,R301B,2300040334,P,P,P,P,P,P,P,P
60,JANNILA SRAVANI,ECE,HTR,C1,SI13,R301B,2300040373,P,P,P,P,P,P,P,P
61,ARSHIYA SHAIK,ECE,ECE,C1,SI13,R301B,2300040383,P,P,P,P,P,P,P,P
62,GUDLA GOVARDHAN SAI,AIDS,AIDS,C1,SI13,R301B,2300080016,P,P,P,P,P,P,P,P
63,VANGETI PAVAN SAI,AIDS,HTE,C1,SI13,R301B,2300080048,P,P,P,P,P,P,P,P
64,BONDADA BHAVIKA,AIDS,AIDS,C1,SI13,R301B,2300080128,P,P,P,P,P,P,P,P
65,GANGIREDDY RAMESHWAR REDDY,AIDS,HTE,C1,SI13,R301B,2300080172,P,P,P,P,P,P,P,P
66,APPALA YATIN RAHUL,AIDS,HTE,C1,SI13,R301B,2300080173,P,P,P,P,P,P,P,P
67,NAGUMOTHU NAVYA SRI SAI MAHA LAKSHMI,AIDS,AIDS,C1,SI13,R301B,2300080236,P,P,P,P,P,P,P,P
68,GOLLA SURESH,CSIT,CSIT,C1,SI13,R301B,2300090131,P,P,P,P,P,P,P,P
69,RANABOTHU GNANA PRIYA DHARSHINI REDDY,CSIT,CSIT,C1,SI13,R301B,2300090204,P,P,P,P,P,P,P,P
70,SIDDHARTH RAJ,CSE,CSE2,C1,SI13,R301B,2300030636,P,P,P,P,P,P,P,P
1,MAHESH BOLLINENI,CSE,CSE3,C1,IS102,R302A,2300030090,P,P,P,P,P,P,P,P
2,JALA SINDHU SRI,CSE,CSE3,C1,IS102,R302A,2300030265,P,P,A,A,P,P,P,P
3,GNANA SEKHAR JASTI,CSE,CSE3,C1,IS102,R302A,2300030275,P,P,P,P,P,P,A,A
4,KAKUMANU SIDDARDHA,CSE,CSE3,C1,IS102,R302A,2300030289,P,P,P,P,P,P,P,P
5,KAVANOOR VAISHNAVI,CSE,HTR,C1,IS102,R302A,2300030318,P,P,P,P,P,P,P,P
6,KUNDA HARI VYSHNAVI,CSE,CSE3,C1,IS102,R302A,2300030370,P,P,P,P,P,P,P,P
7,LAKSHMI TIRUPATAMMA ANJANA GANIPISETTY,CSE,CSE3,C1,IS102,R302A,2300030376,A,A,A,A,A,A,A,A
8,P SIVAJAGDEESH,CSE,CSE3,C1,IS102,R302A,2300030485,P,P,P,P,P,P,P,P
9,RONIT KUMAR SAHU,CSE,HTR,C1,IS102,R302A,2300030588,P,P,P,P,P,P,P,P
10,RAM KUMAR REDDY,CSE,CSE3,C1,IS102,R302A,2300030692,A,A,A,A,A,A,A,A
11,VALIVETI GNANA DEEP,CSE,HTR,C1,IS102,R302A,2300030704,P,P,P,P,P,P,P,P
12,ABHISHEK KUMAR,CSE,CSE1,C1,IS102,R302A,2300030790,P,P,P,P,P,P,P,P
13,DIVYASAILALITHA,CSE,HTR,C1,IS102,R302A,2300030865,P,P,P,P,P,P,P,P
14,NARLA LAKSHMI ALEKHYA,CSE,HTI,C1,IS102,R302A,2300030897,P,P,P,P,P,P,P,P
15,CHUNDURU HEMANTH NAIDU,CSE,HTR,C1,IS102,R302A,2300030915,P,P,P,P,P,P,P,P
16,NANDAMURI.MOHANA PRAKASH,CSE,CSE3,C1,IS102,R302A,2300030962,P,P,P,P,P,P,P,P
17,PODISHETTI SHIVA KRISHNA,CSE,HTR,C1,IS102,R302A,2300030967,P,P,P,P,P,P,P,P
18,VELUGUBANTLA SRI DURGA DEVI,CSE,CSE3,C1,IS102,R302A,2300031054,P,P,P,P,P,P,P,P
19,GANAPATI SRI DURGA VENKATA ABHISHEK,CSE,HTR,C1,IS102,R302A,2300031226,P,P,P,P,P,P,P,P
20,PASALA AVINASH,CSE,CSE3,C1,IS102,R302A,2300031350,P,P,P,P,P,P,P,P
21,PATHURI SIVA RAMA KRISHNA,CSE,CSE3,C1,IS102,R302A,2300031393,P,P,A,A,P,P,P,P
22,NANDIGAM.VENKATA SAI RAGA SUSMITHA,CSE,CSE3,C1,IS102,R302A,2300031472,P,P,P,P,P,P,P,P
23,KOYA CHARISHMA,CSE,CSE3,C1,IS102,R302A,2300031533,P,P,P,P,P,P,P,P
24,BHUVANESWARI T,CSE,CSE1,C1,IS102,R302A,2300031595,P,P,P,P,A,A,A,A
25,S SREE KEERTHANA,CSE,HTI,C1,IS102,R302A,2300031621,A,A,A,A,A,A,A,A
26,JAVVAJI NAGA VENKATA BHAVYA DEEPTHI,CSE,CSE3,C1,IS102,R302A,2300031643,P,P,P,P,P,P,P,P
27,P LAKSHMI SANDEEP,CSE,CSE1,C1,IS102,R302A,2300031717,P,P,P,P,P,P,P,P
28,DHARMAVEER,CSE,CSE3,C1,IS102,R302A,2300031733,P,P,P,P,P,P,P,P
29,ANUMALASETTY HEMANTH THARUN,CSE,CSE3,C1,IS102,R302A,2300031828,P,P,P,P,P,P,P,P
30,KANJULA MEGHANA REDDY,CSE,CSE3,C1,IS102,R302A,2300031839,P,P,P,P,P,P,P,P
31,KONANGI GOPI,CSE,CSE3,C1,IS102,R302A,2300031854,P,P,P,P,P,P,P,P
32,MARUTHI SRUTHI MEKALA,CSE,HTR,C1,IS102,R302A,2300031907,P,P,P,P,P,P,P,P
33,KURRA CHANDANA SAI,CSE,HTR,C1,IS102,R302A,2300031986,P,P,P,P,P,P,P,P
34,ADUSUMALLI DEEPIKA,CSE,CSE1,C1,IS102,R302A,2300032074,A,A,A,A,A,A,A,A
35,ENDLAMURI BHAVYA SRI,CSE,CSE3,C1,IS102,R302A,2300032143,P,P,P,P,P,P,P,P
36,SURYA RUTHVIK OBBILISETTY,CSE,HTR,C1,IS102,R302A,2300032226,P,P,P,P,P,P,P,P
37,VAKA RAMYA,CSE,CSE3,C1,IS102,R302A,2300032264,P,P,P,P,P,P,P,P
38,SHAIK MOHAMMAD SHANAWAZ,CSE,HTI,C1,IS102,R302A,2300032293,P,P,P,P,P,P,P,P
39,PRIYA VAISHNAVI SAI LAKSHMI,CSE,CSE3,C1,IS102,R302A,2300032318,P,P,P,P,P,P,P,P
40,PAYILA N S M SIVA RAMAKRISHNA NISCHAY,CSE,CSE3,C1,IS102,R302A,2300032447,P,P,P,P,P,P,P,P
41,ANNMAREDDY GOURI PRIYANKA,CSE,HTR,C1,IS102,R302A,2300032459,P,P,P,P,P,P,P,P
42,PANCHAKATLA SUMANA,CSE,CSE3,C1,IS102,R302A,2300032490,P,P,P,P,P,P,P,P
43,AYEKA NAGA CHAITHANYA,CSE,CSE3,C1,IS102,R302A,2300032539,P,P,P,P,P,P,P,P
44,SHAIK MAHABOOB BASHA,CSE,HTI,C1,IS102,R302A,2300032620,A,A,A,A,A,A,A,A
45,KOLLA BHARGAVI,CSE,HTR,C1,IS102,R302A,2300032671,P,P,P,P,P,P,P,P
46,JAMPANA SAI MEGHANA,CSE,HTI,C1,IS102,R302A,2300032690,A,A,A,A,A,A,A,A
47,HARI JOSHITHA,CSE,HTR,C1,IS102,R302A,2300032717,P,P,P,P,P,P,P,P
48,VEMPALIESWAR,CSE,HTI,C1,IS102,R302A,2300032729,A,A,A,A,A,A,A,A
49,KARRI GOWTHAM VENKATA REDDY,CSE,HTR,C1,IS102,R302A,2300032792,A,A,A,A,A,A,A,A
50,VEGE.MAHITHA CHOWDARY,CSE,HTR,C1,IS102,R302A,2300032831,P,P,P,P,P,P,P,P
51,SAI PRUDHVI RAJA DODDA,CSE,HTR,C1,IS102,R302A,2300032835,P,P,P,P,P,P,P,P
52,VETCHAPADMAPRIYA,CSE,HTR,C1,IS102,R302A,2300032903,P,P,P,P,P,P,P,P
53,BOPPANA VINAY MANIKANTA CHOWDARY,CSE,CSE3,C1,IS102,R302A,2300033023,P,P,P,P,P,P,P,P
54,KAMBHAMPATI NARENDRA BABU,CSE,CSE3,C1,IS102,R302A,2300033099,P,P,P,P,P,P,P,P
55,MAHESH REDDY,CSE,CSE3,C1,IS102,R302A,2300033137,P,P,P,P,P,P,P,P
56,ACHYUTHA SAI LAKSHMI,CSE,CSE3,C1,IS102,R302A,2300033275,P,P,P,P,P,P,P,P
57,B V VAMSHI MADHAV,CSE,CSE3,C1,IS102,R302A,2300033391,P,P,P,P,P,P,P,P
58,MULUPURI KARTHIK,CSE,CSE3,C1,IS102,R302A,2300033444,P,P,P,P,P,P,P,P
59,A SOWMYA,CSE,HTR,C1,IS102,R302A,2300033501,P,P,P,P,P,P,P,P
60,BOLLA AMRUTHA,CSE,HTR,C1,IS102,R302A,2300033508,A,A,A,A,A,A,A,A
61,KAMATAM. SUPRIYA,CSE,HTR,C1,IS102,R302A,2300033619,P,P,P,P,A,A,P,P
62,NOUGOTLA MADHAVA SAI,CSE,CSE3,C1,IS102,R302A,2300033676,P,P,P,P,P,P,P,P
63,GANTA SAI TEJA REDDY,CSE,CSE3,C1,IS102,R302A,2300033716,P,P,P,P,P,P,P,P
64,Y LAKSHMI GANESH,CSE,CSE3,C1,IS102,R302A,2300033755,P,P,P,P,P,P,P,P
65,SANDEEP VEMURI,CSE,CSE3,C1,IS102,R302A,2300033829,P,P,P,P,P,P,P,P
66,NISCHAL PARIMI,CSE,CSE3,C1,IS102,R302A,2300033872,P,P,P,P,P,P,P,P
67,V ROHITH KUMAR,CSE,HTI,C1,IS102,R302A,2300033887,P,P,P,P,P,P,P,P
68,ABHISHEK,CSE,CSE3,C1,IS102,R302A,2300033907,A,A,A,A,A,A,A,A
69,BALA SANKAR VINAY,CSE,HTR,C1,IS102,R302A,2300033911,P,P,P,P,P,P,P,P
70,SURLA KATYAYANI,CSE,CSE3,C1,IS102,R302A,2300039052,P,P,P,P,P,P,P,P
71,PATHAN AMANULLA KHAN,CSE,CSE3,C1,IS102,R302A,2300039144,P,P,P,P,P,P,P,P
72,GORINTAHARSHITHA,ECE,HTI,C1,IS102,R302A,2300040221,P,P,P,P,P,P,P,P
73,KIRAN SAI VARSHITHA GANDEPALLI,CSIT,HTI,C1,IS102,R302A,2300090099,A,A,A,A,A,A,A,A
74,BACHU ADHARSH KUMAR,CSIT,HTI,C1,IS102,R302A,2300090163,A,A,A,A,A,A,A,A
75,GORIPARTHI. PAVITHRA DURGA,CSE,CSE3,C1,IS102,R302A,2300033090,P,P,P,P,P,P,P,P
76,ARYAN KUMAR,CSE,CSE3,C1,IS102,R302A,2300030047,P,P,P,P,P,P,P,P
77,SATULURI JASWANTH SAI,CSE,HTR,C1,IS102,R302A,2300031385,P,P,P,P,P,P,P,P
78,SHAIK RUBINA,CSE,HTR,C1,IS102,R302A,2300032503,P,P,P,P,P,P,P,P
79,VEMPA NARASIMHA VENKATA PURNA SATHVIK,CSE,CSE3,C1,IS102,R302A,2300033857,P,P,P,P,P,P,P,P
80,SHAIK BUREDLA NAGUL BASHA,CSE,CSE3,C1,IS102,R302A,2300039151,P,P,P,P,P,P,P,P
81,N LIKHITHA,CSE,CSE1,C1,IS102,R302A,2300032439,P,P,P,P,P,P,P,P
1,ADUSUMALLI KEERTHI PRIYA,CSE,HTE,C2,SI24,R302B,2300030016,P,P,P,P,P,P,P,P
2,ALLAM SIRISH,CSE,HTE,C2,SI24,R302B,2300030029,P,P,P,P,P,P,P,P
3,BALLA LAKSHMI SUDHARSHINI,CSE,CSE3,C2,SI24,R302B,2300030065,P,P,P,P,P,P,P,P
4,BATTULA SAI ANUSHKA,CSE,HTI,C2,SI24,R302B,2300030077,P,P,P,P,P,P,P,P
5,SATYAVATHI BORRA,CSE,CSE1,C2,SI24,R302B,2300030098,P,P,P,P,P,P,P,P
6,KARANKI PAVANI,CSE,CSE1,C2,SI24,R302B,2300030306,P,P,P,P,P,P,P,P
7,MANOJ KUMAR,CSE,CSE2,C2,SI24,R302B,2300030416,P,P,P,P,P,P,P,P
8,MOHAMMED NADEEM,CSE,CSE2,C2,SI24,R302B,2300030437,P,P,P,P,P,P,P,P
9,PALA LUHENDRA SIMHA,CSE,CSE1,C2,SI24,R302B,2300030496,P,P,P,P,P,P,P,P
10,PENTAKOTA KAREENA,CSE,CSE1,C2,SI24,R302B,2300030526,P,P,P,P,P,P,P,P
11,PONDURI LAKSHMI,CSE,HTE,C2,SI24,R302B,2300030543,P,P,P,P,P,P,P,P
12,SAMUDRAM SIRI MEGHANA,CSE,CSE1,C2,SI24,R302B,2300030601,P,P,P,P,P,P,P,P
13,SRIRAM PRAVALLIKA,CSE,CSE2,C2,SI24,R302B,2300030652,P,P,P,P,P,P,P,P
14,TUMMALAPENTA LIKITHA,CSE,CSE3,C2,SI24,R302B,2300030688,P,P,P,P,A,A,P,P
15,VALLABAPURAPU EEKSHITHA,CSE,CSE1,C2,SI24,R302B,2300030705,P,P,P,P,P,P,P,P
16,JANAKIRAM VATTIKONDA,CSE,HTE,C2,SI24,R302B,2300030711,P,P,P,P,P,P,P,P
17,POTHULA MANOJ,CSE,CSE1,C2,SI24,R302B,2300030780,P,P,P,P,P,P,P,P
18,EMANI YASHMITHA,CSE,CSE4,C2,SI24,R302B,2300030794,P,P,P,P,P,P,P,P
19,NEHA SAMEERA SALOPANTULA,CSE,CSE2,C2,SI24,R302B,2300030963,P,P,P,P,P,P,P,P
20,DUMPA NAGA SIDDARTHA REDDY,CSE,HTI,C2,SI24,R302B,2300030981,P,P,P,P,P,P,P,P
21,PATNALA NAGA JAYANTH KUMAR,CSE,CSE1,C2,SI24,R302B,2300031007,P,P,P,P,P,P,P,P
22,MUTLURI SURENDRA VENKATA KUMAR,CSE,CSE3,C2,SI24,R302B,2300031141,P,P,P,P,P,P,P,P
23,CHAKRI SRI SAI ADITYA KOTIPALLI,CSE,CSE2,C2,SI24,R302B,2300031152,P,P,P,P,P,P,P,P
24,CHEEDELLA RISHIKA,CSE,CSE3,C2,SI24,R302B,2300031216,P,P,P,P,P,P,P,P
25,PABBINEEDI VEERA VENKATA SAI PRANEETH,CSE,CSE3,C2,SI24,R302B,2300031219,P,P,P,P,P,P,P,P
26,SOWMITH REDDY,CSE,CSE2,C2,SI24,R302B,2300031297,A,A,A,A,A,A,A,A
27,KADTHALA SIDDHARTHAREDDY,CSE,CSE2,C2,SI24,R302B,2300031373,P,P,P,P,P,P,P,P
28,BODA BHARGAVA RAMA LAKSHMANA RAO,CSE,CSE1,C2,SI24,R302B,2300031478,P,P,P,P,P,P,P,P
29,MARIO LAWRENCE,CSE,HTE,C2,SI24,R302B,2300031507,P,P,P,P,P,P,P,P
30,M.LAKSHMI SAI ARCHANA,CSE,CSE2,C2,SI24,R302B,2300031676,P,P,P,P,P,P,P,P
31,REDDY LIKHITHA,CSE,CSE1,C2,SI24,R302B,2300031740,P,P,P,P,P,P,P,P
32,BHARATA SAI VARSHITHA,CSE,CSE1,C2,SI24,R302B,2300031770,P,P,P,P,P,P,P,P
33,ALAPATI LAHARI,CSE,HTE,C2,SI24,R302B,2300031852,P,P,P,P,P,P,P,P
34,VEDANTAM REVANTH SAI,CSE,HTE,C2,SI24,R302B,2300031900,P,P,P,P,P,P,P,P
35,MATTA HARSHITA,CSE,HTR,C2,SI24,R302B,2300031919,P,P,P,P,P,P,P,P
36,SAKKA ALEKHYA,CSE,CSE2,C2,SI24,R302B,2300031994,P,P,P,P,P,P,P,P
37,BADAMSETTI BALA SATYA SAI MAHENDRA,CSE,CSE1,C2,SI24,R302B,2300032012,P,P,P,P,P,P,P,P
38,NALLAMILLI VINAY REDDY,CSE,CSE1,C2,SI24,R302B,2300032111,P,P,P,P,P,P,P,P
39,GUTTA SREEHITHA,CSE,CSE2,C2,SI24,R302B,2300032163,P,P,P,P,P,P,P,P
40,GAJULA ANANYA,CSE,CSE1,C2,SI24,R302B,2300032176,P,P,P,P,P,P,P,P
41,VYSHNAVI JAMMI,CSE,CSE1,C2,SI24,R302B,2300032283,P,P,P,P,P,P,P,P
42,CHODIPINDI VENKATA SAI ABHIRAM,CSE,HTR,C2,SI24,R302B,2300032404,P,P,P,P,P,P,A,A
43,KOLISETTY SREYA SRI,CSE,CSE2,C2,SI24,R302B,2300032409,P,P,P,P,P,P,P,P
44,SHAIK SABEEHA TASLEEM,CSE,CSE2,C2,SI24,R302B,2300032440,P,P,P,P,P,P,P,P
45,HITAISHI DEVARAPALLI,CSE,HTI,C2,SI24,R302B,2300032515,P,P,P,P,P,P,P,P
46,PALAPARTHI ANUSHA,CSE,CSE1,C2,SI24,R302B,2300032684,P,P,P,P,P,P,P,P
47,SALAKA MAHALAKSHMI PRIYANKA,CSE,CSE1,C2,SI24,R302B,2300032709,P,P,P,P,P,P,P,P
48,DANTU DASWANTH MANI KRISHNA,CSE,CSE3,C2,SI24,R302B,2300032788,P,P,P,P,P,P,P,P
49,MACHINA HEMA HARSHITHA,CSE,CSE2,C2,SI24,R302B,2300032828,A,A,A,A,A,A,A,A
50,MINHAJ BANU MOHAMMAD,CSE,CSE2,C2,SI24,R302B,2300032856,P,P,P,P,P,P,P,P
51,DIVYANSHU RAJ,CSE,CSE4,C2,SI24,R302B,2300032975,A,A,A,A,A,A,A,A
52,MUNNA KUMAR,CSE,HTE,C2,SI24,R302B,2300032990,P,P,P,P,P,P,P,P
53,VAGICHERLA VENKATA SIVA MANI SAI KUSHAL,CSE,CSE2,C2,SI24,R302B,2300033006,P,P,P,P,P,P,P,P
54,VENKATA CHARAN KUMAR REDDY BOLLAVARAM,CSE,CSE2,C2,SI24,R302B,2300033007,P,P,P,P,P,P,P,P
55,MEGHASHYAM CHALLA,CSE,HTE,C2,SI24,R302B,2300033093,A,A,A,A,A,A,A,A
56,YERRAMSETTY SAI MOUNISH,CSE,HTE,C2,SI24,R302B,2300033138,P,P,P,P,P,P,P,P
57,ATMAKURU SINDHU NANDINI,CSE,CSE2,C2,SI24,R302B,2300033149,P,P,P,P,P,P,P,P
58,PALLAPOTHU SREEJA PRIYA,CSE,CSE2,C2,SI24,R302B,2300033167,P,P,P,P,P,P,P,P
59,EDAPA BHANU VIGNESH,CSE,CSE3,C2,SI24,R302B,2300033284,P,P,P,P,P,P,P,P
60,GUNTAMADUGU NIKHIL,CSE,HTE,C2,SI24,R302B,2300033357,A,A,A,A,A,A,A,A
61,GANDHAM PRATHIBA,CSE,HTE,C2,SI24,R302B,2300033624,P,P,P,P,P,P,P,P
62,DIVYA NUKALA,CSE,HTE,C2,SI24,R302B,2300033693,P,P,P,P,P,P,P,P
63,KONATHAM LAKSHMI NARASIMHA SANDEEP,CSE,CSE1,C2,SI24,R302B,2300033698,P,P,P,P,P,P,P,P
64,PASUPULETI VIJAY KRISHNA,CSE,CSE2,C2,SI24,R302B,2300033747,P,P,P,P,P,P,P,P
65,KARTHIKEYA GADALA,CSE,HTE,C2,SI24,R302B,2300033789,P,P,P,P,A,A,A,A
66,ABHISHEK KUMAR,CSE,CSE2,C2,SI24,R302B,2300033822,P,P,P,P,P,P,P,P
67,RODDAM AASHISH SIMHA REDDY,CSE,CSE2,C2,SI24,R302B,2300033824,P,P,P,P,P,P,P,P
68,BYSANI SAI VAMSI,CSE,CSE3,C2,SI24,R302B,2300033869,P,P,P,P,P,P,P,P
69,MUKHESH GARLAPATI,ECE,ECE,C2,SI24,R302B,2300040145,A,A,A,A,A,A,A,A
70,KATTI JONITHA,ECE,ECE,C2,SI24,R302B,2300040385,P,P,P,P,P,P,P,P
71,PATRI SOUJANYA,AIDS,AIDS,C2,SI24,R302B,2300080033,A,A,A,A,A,A,A,A
72,GARLAPATI SRI THANUJA,AIDS,AIDS,C2,SI24,R302B,2300080102,P,P,P,P,A,A,P,P
73,KOTA VENKATA SAI ANAND,AIDS,AIDS,C2,SI24,R302B,2300080286,P,P,P,P,P,P,P,P
74,KAPUGANTI MADHU MITHA,CSIT,CSIT,C2,SI24,R302B,2300090088,P,P,P,P,P,P,P,P
75,MOHAMMAD ABDUL AHAD SHARIF,CSIT,CSIT,C2,SI24,R302B,2300090141,P,P,P,P,P,P,P,P
76,CH VARSHITH,CSIT,CSIT,C2,SI24,R302B,2300090229,P,P,P,P,P,P,P,P
77,MUTHAKANI VEDASAHITHI,CSIT,CSIT,C2,SI24,R302B,2300090248,P,P,P,P,P,P,P,P
78,SEERAM ANJI,IOT,IOT,C2,SI24,R302B,2300100070,P,P,P,P,P,P,P,P
79,KOLUSU_VARSHITHA,CSE,CSE1,C2,SI24,R302B,2300030336,P,P,P,P,P,P,P,P
80,MADDINENI JITENDRA,CSE,CSE2,C2,SI24,R302B,2300030393,P,P,P,P,P,P,P,P
81,NARRABHAVANA,CSE,CSE2,C2,SI24,R302B,2300030788,P,P,P,P,P,P,P,P
82,LIKHITHA CHUNDU,CSE,CSE2,C2,SI24,R302B,2300033459,P,P,P,P,P,P,P,P
83,SHREYA SREE LOCHARLA,CSIT,CSIT,C2,SI24,R302B,2300090253,P,P,P,P,A,A,A,A
84,JAGADAM SHOBITH,CSE,CSE2,C2,SI24,R302B,2300031581,A,A,A,A,A,A,A,A
1,AAKI BHAWANI SUBBARAO,CSE,CSE3,C2,IS208,R306A,2300030002,P,P,P,P,P,P,P,P
2,AKULA PAVANI DIMPLE,CSE,CSE3,C2,IS208,R306A,2300030019,P,P,P,P,P,P,P,P
3,ALAPATI KAVYASRI,CSE,CSE3,C2,IS208,R306A,2300030025,P,P,P,P,P,P,P,P
4,ATUKURI SATYA PRADEEPA,CSE,CSE3,C2,IS208,R306A,2300030054,P,P,P,P,P,P,P,P
5,AVULA YEDUKONDALU RAO,CSE,CSE3,C2,IS208,R306A,2300030058,P,P,P,P,P,P,P,P
6,DARNASI SANJAY ANAND,CSE,CSE3,C2,IS208,R306A,2300030155,P,P,P,P,P,P,P,P
7,NAVADEEP-2300030303,CSE,CSE3,C2,IS208,R306A,2300030303,P,P,P,P,P,P,P,P
8,BHANU TEJA KOTIPALLI,CSE,CSE3,C2,IS208,R306A,2300030360,A,A,A,A,A,A,A,A
9,RACHABANTI HARSHITHA,CSE,CSE3,C2,IS208,R306A,2300030569,P,P,P,P,A,A,A,A
10,MEGHAMALA SATULURI,CSE,CSE3,C2,IS208,R306A,2300030606,A,A,A,A,A,A,A,A
11,MUSUNURU RAGHAVI,CSE,CSE3,C2,IS208,R306A,2300030812,P,P,P,P,P,P,P,P
12,IRAGALA SAI NAVYA,CSE,CSE3,C2,IS208,R306A,2300030820,P,P,P,P,P,P,P,P
13,YASASWI PARUCHURI,CSE,CSE3,C2,IS208,R306A,2300030830,P,P,P,P,P,P,P,P
14,BALANGU LALITHADEEPIKA,CSE,CSE3,C2,IS208,R306A,2300030940,P,P,P,P,P,P,P,P
15,SANNAPAREDDY SANTHOSH REDDY,CSE,CSE3,C2,IS208,R306A,2300031052,P,P,P,P,P,P,P,P
16,DARIVEMULA HARINANDANA KUMAR,CSE,CSE3,C2,IS208,R306A,2300031088,P,P,P,P,P,P,P,P
17,KATURU VENKATA NAGA SAI ANAND,CSE,CSE3,C2,IS208,R306A,2300031259,A,A,A,A,A,A,A,A
18,SATYA KEERTHI PALLAGANI,CSE,CSE3,C2,IS208,R306A,2300031509,A,A,A,A,A,A,A,A
19,MAHALAKSHMILAASYA,CSE,CSE3,C2,IS208,R306A,2300031956,P,P,P,P,P,P,P,P
20,TUMMA CHAITANYA,CSE,CSE3,C2,IS208,R306A,2300032026,P,P,P,P,P,P,P,P
21,MEDA VISHNU VARDHAN,CSE,CSE3,C2,IS208,R306A,2300032193,P,P,P,P,P,P,P,P
22,NEHA CHALASANI,CSE,CSE3,C2,IS208,R306A,2300032573,A,A,A,A,A,A,A,A
23,THULLURU SAI NANDINI,CSE,CSE3,C2,IS208,R306A,2300032616,P,P,P,P,P,P,P,P
24,G.RAMA KRISHNA,CSE,CSE3,C2,IS208,R306A,2300032766,P,P,P,P,P,P,P,P
25,M SOMA NAGASRI,CSE,CSE3,C2,IS208,R306A,2300032825,P,P,P,P,P,P,P,P
26,VAIBHAVI MOTUPALLI,CSE,CSE3,C2,IS208,R306A,2300032889,P,P,P,P,P,P,P,P
27,SHRAM VENKAT JONNA,CSE,CSE3,C2,IS208,R306A,2300032910,P,P,P,P,P,P,P,P
28,PALLAVI BESETTY,CSE,CSE3,C2,IS208,R306A,2300032934,P,P,P,P,P,P,P,P
29,VISWA PRABHASA,CSE,CSE3,C2,IS208,R306A,2300033088,P,P,P,P,P,P,P,P
30,BATCHU VENKATA SATHWIK,CSE,CSE3,C2,IS208,R306A,2300033202,P,P,P,P,P,P,P,P
31,POTLAPALLY AMOG RAO,CSE,CSE3,C2,IS208,R306A,2300033312,P,P,P,P,P,P,P,P
32,CHENNUBOINA SARITHA,CSE,CSE3,C2,IS208,R306A,2300033315,P,P,P,P,P,P,P,P
33,SHAIK KHAJA SHAREEF,CSE,CSE3,C2,IS208,R306A,2300033328,P,P,P,P,P,P,P,P
34,KANCHERLA SANTOSH,CSE,CSE3,C2,IS208,R306A,2300033358,P,P,P,P,P,P,P,P
35,THOTA LOHIT,CSE,CSE3,C2,IS208,R306A,2300039033,P,P,P,P,P,P,P,P
36,SHAIK MASTAN SAHEB,CSE,CSE3,C2,IS208,R306A,2300039036,P,P,P,P,P,P,A,A
37,KOTHAPALLI NEELAKANTA VIJAY,CSE,CSE3,C2,IS208,R306A,2300039120,P,P,P,P,P,P,P,P
38,VENKATA SIVA NAGA SAI SIDDIQ,CSE,CSE3,C2,IS208,R306A,2300039132,P,P,P,P,A,A,A,A
39,JAYA VENKATA SIVA SAI RAHUL,CSE,CSE3,C2,IS208,R306A,2300039138,P,P,P,P,P,P,P,P
40,CH DIVYA SREE,AIDS,AIDS,C2,IS208,R306A,2300080011,A,A,A,A,A,A,A,A
41,MOUNISRI,AIDS,AIDS,C2,IS208,R306A,2300080040,P,P,P,P,P,P,P,P
42,VANGA RITIKA SRI GAYATHRI,AIDS,AIDS,C2,IS208,R306A,2300080056,P,P,P,P,P,P,P,P
43,BURADAKAVI DURGA SRI VARSHINI,AIDS,AIDS,C2,IS208,R306A,2300080058,P,P,P,P,P,P,P,P
44,MADIRA DEVENDRA SAINADH REDDY,AIDS,AIDS,C2,IS208,R306A,2300080060,P,P,P,P,P,P,P,P
45,VAKKAPATLA SRIPATHI SANJEEVA,AIDS,AIDS,C2,IS208,R306A,2300080062,P,P,P,P,P,P,P,P
46,CHEBROLU ALEKHYA,AIDS,AIDS,C2,IS208,R306A,2300080090,P,P,P,P,P,P,P,P
47,VOOTA MEGHANA REDDY,AIDS,AIDS,C2,IS208,R306A,2300080094,P,P,P,P,P,P,P,P
48,CHALLA LAKSHMA REDDY,AIDS,AIDS,C2,IS208,R306A,2300080119,P,P,P,P,P,P,P,P
49,SUNKARA JHANSI HARI CHANDANA,AIDS,AIDS,C2,IS208,R306A,2300080134,P,P,P,P,P,P,P,P
50,KODE DONA HARINI,AIDS,AIDS,C2,IS208,R306A,2300080144,P,P,P,P,P,P,P,P
51,JESSINIA SULTANA SHAIK,AIDS,AIDS,C2,IS208,R306A,2300080149,P,P,P,P,P,P,P,P
52,UNDELA THIRUMALA ROHITH REDDY,AIDS,AIDS,C2,IS208,R306A,2300080157,A,A,A,A,A,A,A,A
53,SOWJANYA DEVI,AIDS,AIDS,C2,IS208,R306A,2300080186,P,P,P,P,P,P,P,P
54,SUKHAVASI SADHVIKA,AIDS,AIDS,C2,IS208,R306A,2300080187,A,A,P,P,P,P,P,P
55,ITTELA KAVYA,AIDS,AIDS,C2,IS208,R306A,2300080190,P,P,P,P,P,P,P,P
56,RAVI THRAYINI N,AIDS,AIDS,C2,IS208,R306A,2300080204,P,P,P,P,P,P,P,P
57,VELUGOTI HARSHITH REDDY,AIDS,AIDS,C2,IS208,R306A,2300080211,P,P,P,P,P,P,P,P
58,GARAPATI ROHITH,AIDS,AIDS,C2,IS208,R306A,2300080231,A,A,A,A,A,A,A,A
59,GOGINENI MANYA SARAVANA VEDA,AIDS,AIDS,C2,IS208,R306A,2300080243,P,P,P,P,P,P,P,P
60,HARSHA VARDHAN G,AIDS,AIDS,C2,IS208,R306A,2300080256,P,P,P,P,P,P,P,P
61,SAHANI SAI KIRAN,AIDS,AIDS,C2,IS208,R306A,2300080257,P,P,P,P,P,P,P,P
62,RAPETI LOKESH GANA VENKATA SAI RAM,AIDS,AIDS,C2,IS208,R306A,2300080267,P,P,P,P,P,P,P,P
63,JAVVAJI YOGITHA LAKSHMI TULASI,AIDS,AIDS,C2,IS208,R306A,2300080272,P,P,P,P,P,P,P,P
64,CHARISHMA REDDY,AIDS,AIDS,C2,IS208,R306A,2300080277,A,A,A,A,A,A,A,A
65,DASARI LEELA KRISHNA VINAY,AIDS,AIDS,C2,IS208,R306A,2300080280,P,P,P,P,P,P,P,P
66,G RAMCHARAN,AIDS,AIDS,C2,IS208,R306A,2300080302,P,P,P,P,P,P,P,P
67,ANUMALA SAI KHYATHI,AIDS,AIDS,C2,IS208,R306A,2300080303,P,P,P,P,P,P,A,A
68,PAVULURI MAHITHA,AIDS,AIDS,C2,IS208,R306A,2300080312,A,A,P,P,P,P,P,P
69,VYSYARAJU SWARAJ,AIDS,AIDS,C2,IS208,R306A,2300080315,P,P,P,P,P,P,P,P
70,KOSURU BHUVANESH,AIDS,AIDS,C2,IS208,R306A,2300080319,P,P,P,P,P,P,P,P
71,NALADALA SAGAR,AIDS,AIDS,C2,IS208,R306A,2300080324,P,P,P,P,P,P,P,P
72,NAKKA SIRESHMA,AIDS,AIDS,C2,IS208,R306A,2300080349,P,P,P,P,P,P,P,P
73,VYSHNAVI,AIDS,AIDS,C2,IS208,R306A,2300080354,P,P,P,P,P,P,P,P
74,KOPPURAVURI PAVAN NAGA SAI GANESH,AIDS,AIDS,C2,IS208,R306A,2300080367,P,P,P,P,P,P,P,P
75,SIKAKOLLI LAKSHMI PAVAN ABHIRAM,AIDS,AIDS,C2,IS208,R306A,2300080371,P,P,P,P,A,A,A,A
76,T.AMRUTHA,AIDS,AIDS,C2,IS208,R306A,2300080372,P,P,P,P,P,P,P,P
77,SOOTHI ABHI SAI SERAN,AIDS,AIDS,C2,IS208,R306A,2300080373,P,P,P,P,P,P,P,P
78,TALLURU LAKSHMI SARATH CHANDRA TAGORE,AIDS,AIDS,C2,IS208,R306A,2300080375,P,P,P,P,P,P,P,P
79,MOHAMMED ABDUL SAQIB AHMED,AIDS,AIDS,C2,IS208,R306A,2300080396,P,P,P,P,P,P,P,P
80,DEVISREE RONGALA,AIDS,AIDS,C2,IS208,R306A,2300080412,P,P,P,P,P,P,P,P
81,KRISHNA VAMSI,AIDS,AIDS,C2,IS208,R306A,2300080419,A,A,P,P,P,P,P,P
82,LALITHA JYOTHIRMAI GANTLA,AIDS,AIDS,C2,IS208,R306A,2300089005,P,P,P,P,P,P,P,P
83,SREYA DASI,AIDS,AIDS,C2,IS208,R306A,2300089030,P,P,P,P,P,P,P,P
84,DONGA SATISH,AIDS,AIDS,C2,IS208,R306A,2300089043,A,A,A,A,A,A,A,A
85,DAMULURI BALAKRISHNA,AIDS,AIDS,C2,IS208,R306A,2300089049,P,P,P,P,P,P,P,P
86,LAVANYA MULAGIRI,AIDS,AIDS,C2,IS208,R306A,2300089051,A,A,A,A,A,A,A,A
87,MEDISETTY KRUPA VIVEK,CSE,CSE3,C2,IS208,R306A,2300032237,P,P,P,P,P,P,A,A
88,SHAIK ABDUL RAHMAN,CSE,CSE3,C2,IS208,R306A,2300033838,P,P,P,P,P,P,P,P
89,PODDUTURI VISHAL REDDY,AIDS,AIDS,C2,IS208,R306A,2300080251,P,P,P,P,P,P,P,P
90,TUMULA VEERA VENKATA SATISH,AIDS,AIDS,C2,IS208,R306A,2300080418,P,P,P,P,P,P,P,P
91,MUDAGANA CHAITANYA,AIDS,AIDS,C2,IS208,R306A,2300080393,P,P,P,P,P,P,P,P
92,ORUGANTI VEERENDRA,AIDS,AIDS,C2,IS208,R306A,2300080409,A,A,P,P,P,P,P,P
1,ANANTHA VIDWAN BEHERA,CSE,HTE,C1,IS101,R306B,2300030032,A,A,A,A,A,A,A,A
2,ANKITA BEHERA,CSE,HTE,C1,IS101,R306B,2300030037,A,A,A,A,A,A,A,A
3,ATTANTI SRI SWETHA,CSE,HTE,C1,IS101,R306B,2300030052,P,P,P,P,P,P,P,P
4,JAJULAGNANADEEPAK,CSE,CSE1,C1,IS101,R306B,2300030263,P,P,P,P,P,P,P,P
5,KORUKONDA DINESH,CSE,HTE,C1,IS101,R306B,2300030350,A,A,A,A,A,A,A,A
6,MADIRAJU VAISWASMITHA,CSE,HTE,C1,IS101,R306B,2300030396,P,P,P,P,P,P,P,P
7,MALLU VENKATA SIRIPRIYA,CSE,HTE,C1,IS101,R306B,2300030401,P,P,P,P,P,P,P,P
8,MARIDI LEELA AKASH,CSE,HTE,C1,IS101,R306B,2300030412,P,P,P,P,P,P,P,P
9,NALAM CHARAN TEJA,CSE,CSE1,C1,IS101,R306B,2300030468,P,P,P,P,P,P,P,P
10,PODA JAI GANESH,CSE,CSE1,C1,IS101,R306B,2300030540,P,P,P,P,P,P,P,P
11,SHIVAM SINGH,CSE,CSE1,C1,IS101,R306B,2300030634,P,P,P,P,P,P,P,P
12,SNEHA PATRA,CSE,CSE1,C1,IS101,R306B,2300030645,P,P,P,P,P,P,P,P
13,YARABARLA SARAN KUMAR,CSE,CSE1,C1,IS101,R306B,2300030746,P,P,P,P,P,P,P,P
14,RAYUDU DILEEP,CSE,HTE,C1,IS101,R306B,2300030782,P,P,P,P,P,P,P,P
15,CHAITANYA PRASHANT SONAR,CSE,HTE,C1,IS101,R306B,2300030974,P,P,P,P,P,P,P,P
16,VEERAPANENI SREYA ANGELIN,CSE,HTE,C1,IS101,R306B,2300030976,A,A,A,A,A,A,A,A
17,ARSHAVARDHAN,CSE,HTE,C1,IS101,R306B,2300031000,P,P,P,P,P,P,P,P
18,PATHURI LAKSHMI PRADEEPTHI,CSE,HTE,C1,IS101,R306B,2300031006,P,P,P,P,P,P,P,P
19,KEERTI KRISHNA SREENIVAS S,CSE,CSE1,C1,IS101,R306B,2300031039,P,P,P,P,P,P,P,P
20,K.SRI SHARAT KHARTHIK,CSE,HTE,C1,IS101,R306B,2300031117,P,P,P,P,P,P,P,P
21,GAJAVALLI VENKATA SAIMANIKANTA,CSE,HTE,C1,IS101,R306B,2300031155,P,P,P,P,P,P,P,P
22,SAMUDRALA SAI ROJA,CSE,CSE1,C1,IS101,R306B,2300031386,P,P,P,P,P,P,P,P
23,SANEESH REDDY,CSE,HTE,C1,IS101,R306B,2300031420,P,P,P,P,P,P,P,P
24,SINDHU VARSHINI UDDAVOLU,CSE,CSE1,C1,IS101,R306B,2300031544,P,P,P,P,P,P,P,P
25,KANAJAM SAI VARSHITH,CSE,CSE1,C1,IS101,R306B,2300031616,P,P,P,P,P,P,P,P
26,CHINDANUR NAKUL SRIRAJ,CSE,HTE,C1,IS101,R306B,2300031693,P,P,P,P,P,P,P,P
27,PREM REDDY DARAPU,CSE,CSE1,C1,IS101,R306B,2300031704,P,P,P,P,P,P,P,P
28,SUBHAM PAREEK,CSE,CSE1,C1,IS101,R306B,2300031779,P,P,P,P,P,P,P,P
29,GEETHIKA TANNEEDI,CSE,CSE1,C1,IS101,R306B,2300031807,P,P,P,P,P,P,P,P
30,V VIRAJ REDDY,CSE,HTE,C1,IS101,R306B,2300031811,A,A,A,A,A,A,A,A
31,PIYUSH PANDEY,CSE,HTE,C1,IS101,R306B,2300031887,A,A,P,P,P,P,P,P
32,NIMMARABOINA VINAY,CSE,CSE1,C1,IS101,R306B,2300031998,P,P,P,P,P,P,P,P
33,PRANEETH SAI VARMA,CSE,HTE,C1,IS101,R306B,2300032002,P,P,P,P,P,P,P,P
34,KUNJAL BASESHANKAR,CSE,HTE,C1,IS101,R306B,2300032083,A,A,A,A,A,A,A,A
35,SINGA REDDY YASWANTH SAI REDDY,CSE,CSE1,C1,IS101,R306B,2300032136,P,P,P,P,P,P,P,P
36,RAJKUMAR MADDIRALA,CSE,HTE,C1,IS101,R306B,2300032155,A,A,A,A,A,A,A,A
37,BOJANAPALLI MEENA PADMA SIRI,CSE,CSE1,C1,IS101,R306B,2300032161,P,P,P,P,P,P,P,P
38,VEMA SARAYU,CSE,CSE1,C1,IS101,R306B,2300032189,P,P,P,P,A,A,P,P
39,NAIDU BASUDEV,CSE,HTE,C1,IS101,R306B,2300032191,A,A,A,A,A,A,A,A
40,SHIVANI PUNNA,CSE,HTE,C1,IS101,R306B,2300032233,A,A,A,A,A,A,A,A
41,GUDUGUNTLA PRIYA VARSHITHA,CSE,HTE,C1,IS101,R306B,2300032369,A,A,A,A,P,P,P,P
42,KISHANKUMAR,CSE,CSE1,C1,IS101,R306B,2300032445,P,P,P,P,P,P,P,P
43,MUDDANA SESHMA,CSE,HTE,C1,IS101,R306B,2300032596,P,P,P,P,P,P,P,P
44,SHUBHAM RAJ,CSE,HTE,C1,IS101,R306B,2300032645,A,A,A,A,A,A,A,A
45,ANNANYA TIWARY,CSE,HTE,C1,IS101,R306B,2300032646,P,P,P,P,P,P,P,P
46,SHARMILA PRIYADARSHINI,CSE,HTE,C1,IS101,R306B,2300032689,P,P,P,P,P,P,P,P
47,HARSHITA MUDIGONDA,CSE,CSE1,C1,IS101,R306B,2300032749,P,P,P,P,A,A,A,A
48,VIVEK KUMAR,CSE,HTE,C1,IS101,R306B,2300032757,P,P,P,P,P,P,P,P
49,SHAIK MANDURU SAJIDA,CSE,CSE1,C1,IS101,R306B,2300032854,P,P,P,P,A,A,A,A
50,NISHIKANT KUMAR,CSE,CSE1,C1,IS101,R306B,2300032945,A,A,A,A,P,P,P,P
51,AMBATI ROHITH,CSE,CSE1,C1,IS101,R306B,2300032970,P,P,P,P,P,P,P,P
52,MOHIT KUMAR,CSE,CSE1,C1,IS101,R306B,2300032985,A,A,A,A,A,A,A,A
53,DEVARASETTI SRI LAKSHMI PRAVALIKA,CSE,CSE1,C1,IS101,R306B,2300033011,P,P,P,P,P,P,P,P
54,KURAPATI VYOMA VENKATA ADITHYA,CSE,HTE,C1,IS101,R306B,2300033045,A,A,A,A,A,A,A,A
55,PUTREVU KRISHNA ADITYA,CSE,HTE,C1,IS101,R306B,2300033159,A,A,A,A,A,A,A,A
56,KOTLA MANIKANTA,CSE,HTE,C1,IS101,R306B,2300033193,A,A,A,A,A,A,A,A
57,RAM GOPAL BANDARU,CSE,HTE,C1,IS101,R306B,2300033347,P,P,P,P,P,P,P,P
58,NADUPURU HARSHITHA,CSE,HTE,C1,IS101,R306B,2300033363,P,P,P,P,P,P,P,P
59,KATAKAM DIVYA SRI,CSE,HTE,C1,IS101,R306B,2300033418,P,P,P,P,P,P,P,P
60,MAHESHWAR MANDAL,CSE,HTE,C1,IS101,R306B,2300033448,P,P,P,P,P,P,P,P
61,S.NAGA DHATHRI,CSE,CSE1,C1,IS101,R306B,2300033479,P,P,P,P,P,P,P,P
62,EDHALA THULASI,CSE,HTE,C1,IS101,R306B,2300033492,P,P,P,P,P,P,P,P
63,BHARGAVI CHOWDHURY PUTTI,CSE,HTE,C1,IS101,R306B,2300033497,A,A,A,A,P,P,P,P
64,RAVI SRAVANTHI,CSE,CSE1,C1,IS101,R306B,2300033498,P,P,P,P,P,P,P,P
65,RAUNIT RAJ,CSE,HTE,C1,IS101,R306B,2300033572,P,P,P,P,P,P,P,P
66,DONTHIREDDY CHETAN REDDY,CSE,HTE,C1,IS101,R306B,2300033600,P,P,P,P,P,P,P,P
67,GODAVARTHI BHARGAVA,CSE,HTE,C1,IS101,R306B,2300033634,P,P,P,P,P,P,P,P
68,GUNTI MANJU SRAVANI,CSE,HTE,C1,IS101,R306B,2300033678,P,P,P,P,P,P,P,P
69,K.AVINASH CHOWDARY,CSE,HTE,C1,IS101,R306B,2300033707,P,P,P,P,P,P,P,P
70,GUNDA ROHITH,CSE,HTE,C1,IS101,R306B,2300033851,P,P,P,P,P,P,P,P
71,HARSHA SAI.K,CSE,HTE,C1,IS101,R306B,2300033884,P,P,P,P,P,P,P,P
72,RAYANA SRI RAM KUMAR,ECE,HTE,C1,IS101,R306B,2300040111,P,P,P,P,P,P,P,P
73,ADITYA SAHU,ECE,HTE,C1,IS101,R306B,2300040160,A,A,A,A,A,A,A,A
74,VINEETHA VUSTELA,AIDS,HTE,C1,IS101,R306B,2300080044,P,P,P,P,P,P,P,P
75,KURICHETI.DATTA SIVA SAI HAMSINI,AIDS,HTE,C1,IS101,R306B,2300080071,P,P,P,P,P,P,P,P
76,SRIGEETHA ATKURU,AIDS,HTE,C1,IS101,R306B,2300080118,P,P,P,P,P,P,P,P
77,CHITTEM KOMALAA SRIKANTHE,AIDS,HTE,C1,IS101,R306B,2300080279,P,P,P,P,P,P,P,P
78,VYKUNTHAM VINAY KUMAR,AIDS,HTE,C1,IS101,R306B,2300080293,P,P,P,P,P,P,P,P
79,NAVEEN POTNURU,CSIT,HTE,C1,IS101,R306B,2300090190,A,A,A,A,A,A,A,A
80,S.VINAY,CSIT,HTE,C1,IS101,R306B,2300090303,P,P,P,P,P,P,P,P
81,BETHIREDDY KOUSALYA,CSE,HTE,C1,IS101,R306B,2300030080,P,P,P,P,P,P,P,P
82,ARPIT GUPTA,CSE,HTE,C1,IS101,R306B,2300033545,P,P,P,P,P,P,P,P
83,AYUSH KUMAR,CSE,CSE1,C1,IS101,R306B,2300033546,P,P,P,P,P,P,P,P
84,MANDAVILLI MOHITH SAI DATTA SANKARA GUPTA,CSE,CSE1,C1,IS101,R306B,2300031236,P,P,P,P,P,P,P,P
1,ABBURI SRI SAI SARVANI,CSE,CSE3,C1,RS12,R307A,2300030006,P,P,P,P,P,P,P,P
2,ALA MANOHAR,CSE,CSE3,C1,RS12,R307A,2300030021,P,P,P,P,P,P,P,P
3,CHAVA YASWANTH,CSE,CSE3,C1,RS12,R307A,2300030122,P,P,P,P,P,P,P,P
4,DASARA VARUN CHOWDARY,CSE,CSE3,C1,RS12,R307A,2300030156,P,P,P,P,P,P,P,P
5,GUNDA NARESH,CSE,CSE4,C1,RS12,R307A,2300030183,P,P,P,P,P,P,P,P
6,GOKAPAI SAITEJA,CSE,CSE3,C1,RS12,R307A,2300030212,P,P,P,P,P,P,P,P
7,JAKKA VARSHA SREE,CSE,CSE3,C1,RS12,R307A,2300030264,P,P,P,P,P,P,P,P
8,RAGHURAM JARUBULA,CSE,CSE3,C1,RS12,R307A,2300030273,P,P,P,P,P,P,P,P
9,KILARU KARTHIKEYAN,CSE,CSE3,C1,RS12,R307A,2300030323,P,P,P,P,P,P,P,P
10,PRAVEEN KUMAR,CSE,CSE3,C1,RS12,R307A,2300030340,P,P,P,P,P,P,P,P
11,KOTARU ALEKHYA,CSE,CSE3,C1,RS12,R307A,2300030354,P,P,P,P,P,P,P,P
12,MADDI PARDHAVA PRANEETH,CSE,CSE3,C1,RS12,R307A,2300030392,P,P,P,P,P,P,P,P
13,NAKKA SARIKA,CSE,CSE4,C1,RS12,R307A,2300030464,P,P,P,P,P,P,P,P
14,PENDELA VISHNU VARDHAN,CSE,CSE4,C1,RS12,R307A,2300030522,P,P,P,P,P,P,P,P
15,HARIKA SURPANI,CSE,CSE3,C1,RS12,R307A,2300030658,P,P,P,P,A,A,A,A
16,VATTIKUTI TEJASWI,CSE,CSE4,C1,RS12,R307A,2300030712,P,P,P,P,P,P,P,P
17,SIVA BALAJI YALAGALA,CSE,CSE3,C1,RS12,R307A,2300030739,P,P,P,P,P,P,P,P
18,YEDRI.MAHITHA,CSE,CSE4,C1,RS12,R307A,2300030754,P,P,P,P,P,P,P,P
19,Y.MANIKANTASAI,CSE,CSE4,C1,RS12,R307A,2300030758,A,A,A,A,A,A,A,A
20,JISHNU KOTAPATI,CSE,CSE3,C1,RS12,R307A,2300030765,P,P,P,P,P,P,A,A
21,YASWANTH KUMAR REDDY VOGIREDDY,CSE,CSE3,C1,RS12,R307A,2300031126,P,P,P,P,P,P,P,P
22,BONAM JAI DEEP NAGA ABHIRAM,CSE,CSE3,C1,RS12,R307A,2300031269,P,P,P,P,P,P,P,P
23,GOLLAPUDI MANI RAM,CSE,CSE4,C1,RS12,R307A,2300031744,P,P,P,P,P,P,P,P
24,KALIDINDI LOKABHI A S V N VARMA,CSE,CSE4,C1,RS12,R307A,2300031772,P,P,P,P,P,P,A,A
25,CHEBROLU NAGA SUSHMA SRI,CSE,CSE4,C1,RS12,R307A,2300031797,P,P,P,P,P,P,P,P
26,GOVINDU VISHNU KARTHIK,CSE,CSE4,C1,RS12,R307A,2300031917,P,P,P,P,P,P,P,P
27,JEENITHA T,CSE,CSE4,C1,RS12,R307A,2300031983,P,P,P,P,P,P,P,P
28,NALAMOLU LAKSHMI PRASANNA TEJA,CSE,CSE4,C1,RS12,R307A,2300032178,P,P,P,P,P,P,P,P
29,PALAPARTHI HARSHINI,CSE,CSE3,C1,RS12,R307A,2300032210,P,P,P,P,P,P,P,P
30,PARUCHURU CHANIKYA NAGA SATYA SRIRAM,CSE,CSE4,C1,RS12,R307A,2300032262,P,P,P,P,P,P,P,P
31,YADAVALLI PAVAN KALYAN,CSE,CSE4,C1,RS12,R307A,2300032295,P,P,P,P,P,P,P,P
32,KUPPALAGOKUL,CSE,CSE4,C1,RS12,R307A,2300032313,P,P,P,P,P,P,P,P
33,KODIREKKA HARI VENKATA SAIDULU,CSE,CSE3,C1,RS12,R307A,2300032396,P,P,P,P,P,P,P,P
34,RAVITEJA,CSE,CSE3,C1,RS12,R307A,2300032524,P,P,P,P,P,P,P,P
35,POTAMSETTY NEELIMABHANU,CSE,CSE3,C1,RS12,R307A,2300032552,P,P,P,P,P,P,P,P
36,SUNDARA GANESHBABU,CSE,CSE3,C1,RS12,R307A,2300032628,P,P,P,P,P,P,P,P
37,UTTARAVILLI MANIKANTA,CSE,CSE3,C1,RS12,R307A,2300032643,P,P,P,P,P,P,P,P
38,POLKAM BHARATH,CSE,CSE3,C1,RS12,R307A,2300032655,P,P,P,P,P,P,P,P
39,GOLUGURI VAMSI KRISHNA REDDY,CSE,CSE4,C1,RS12,R307A,2300032787,P,P,P,P,P,P,P,P
40,KARLAKUNTA YASASWITHA CHOWDARY,CSE,CSE3,C1,RS12,R307A,2300033041,A,A,A,A,A,A,A,A
41,KANAKADANDI VISHWANADH,CSE,CSE3,C1,RS12,R307A,2300033052,P,P,P,P,P,P,P,P
42,MEDAPATI AKHILENDRA REDDY,CSE,CSE4,C1,RS12,R307A,2300033096,P,P,P,P,P,P,P,P
43,YASHWANTH VEMULAPALLI,CSE,CSE4,C1,RS12,R307A,2300033261,P,P,P,P,P,P,P,P
44,K.MOHITH REDDY,CSE,CSE4,C1,RS12,R307A,2300033272,P,P,P,P,P,P,P,P
45,BANDARU BHUVANA SRI,CSE,CSE3,C1,RS12,R307A,2300033332,P,P,P,P,P,P,P,P
46,BOYINA VARSHITHA,CSE,CSE3,C1,RS12,R307A,2300033423,P,P,P,P,P,P,P,P
47,KUPPURUHARSHITH,CSE,CSE3,C1,RS12,R307A,2300033451,P,P,P,P,P,P,P,P
48,KONIDENA SRINIVASA KARTHIKEYA,CSE,CSE3,C1,RS12,R307A,2300033655,A,A,A,A,A,A,A,A
49,TADIKONDA NIHASHIKA,CSE,CSE3,C1,RS12,R307A,2300033710,P,P,P,P,P,P,P,P
50,SNEHA BRATA GHOSH,CSE,CSE4,C1,RS12,R307A,2300033769,A,A,A,A,A,A,A,A
51,M.SAI BHAVANA,CSE,CSE3,C1,RS12,R307A,2300033787,A,A,A,A,A,A,A,A
52,THRINATH REDDY ALLU,CSE,CSE3,C1,RS12,R307A,2300033862,P,P,P,P,P,P,P,P
53,GOUTHAM EASWAR BONTHU,CSE,CSE3,C1,RS12,R307A,2300033896,A,A,A,A,A,A,A,A
54,BOPPE PALLI SHAHABAJ,CSE,CSE3,C1,RS12,R307A,2300039017,P,P,P,P,P,P,P,P
55,BODDIGA SAI KRISHNA,CSE,CSE3,C1,RS12,R307A,2300039074,P,P,P,P,P,P,P,P
56,PILLI BHARGAVA REDDY,CSE,CSE3,C1,RS12,R307A,2300039145,A,A,A,A,A,A,A,A
57,BONDA KOUSIK,CSIT,CSIT,C1,RS12,R307A,2300090007,P,P,P,P,P,P,P,P
58,GODAVARTHI CHATURYA,CSIT,CSIT,C1,RS12,R307A,2300090016,P,P,P,P,P,P,P,P
59,NANDIGAM PRANITHA,CSIT,CSIT,C1,RS12,R307A,2300090034,P,P,P,P,P,P,P,P
60,KARTHIK YEMINENI,CSIT,CSIT,C1,RS12,R307A,2300090046,P,P,P,P,P,P,P,P
61,AKHIL KUMAR REDDY SEELAM,CSIT,CSIT,C1,RS12,R307A,2300090074,P,P,P,P,A,A,A,A
62,SADINENI MANICHANDHAR,CSIT,CSIT,C1,RS12,R307A,2300090075,P,P,P,P,P,P,P,P
63,CHIGURUPATI VINUTNA,CSIT,CSIT,C1,RS12,R307A,2300090089,P,P,P,P,P,P,P,P
64,KAMISETTY VENKATA NARASAIAH,CSIT,CSIT,C1,RS12,R307A,2300090109,P,P,P,P,P,P,P,P
65,DANDIBOTLA SAI RAKESH,CSIT,CSIT,C1,RS12,R307A,2300090124,P,P,P,P,P,P,P,P
66,DEEKSHITHAJAKKA,CSIT,CSIT,C1,RS12,R307A,2300090140,P,P,P,P,P,P,P,P
67,SALANA NIKHIL,CSIT,CSIT,C1,RS12,R307A,2300090151,P,P,P,P,P,P,P,P
68,SANKA VENKATA JASWANTH,CSIT,CSIT,C1,RS12,R307A,2300090160,P,P,P,P,P,P,P,P
69,BODA RITHWIK,CSIT,CSIT,C1,RS12,R307A,2300090168,P,P,P,P,P,P,P,P
70,ROMPICHERLA MARUTHI BALA SESHA SAI,CSIT,CSIT,C1,RS12,R307A,2300090208,P,P,P,P,P,P,P,P
71,GORINTLA VEERA VENKATA SATYA SAI,CSIT,CSIT,C1,RS12,R307A,2300090209,P,P,P,P,P,P,P,P
72,KUSUMA GAYATHRI KUNDURTHI,CSIT,CSIT,C1,RS12,R307A,2300090226,P,P,P,P,P,P,P,P
73,POTHAMSETTY SAI NAVEEN,CSIT,CSIT,C1,RS12,R307A,2300090243,P,P,P,P,P,P,P,P
74,KASULA ARUN NAGA SAI,CSIT,CSIT,C1,RS12,R307A,2300090252,P,P,P,P,P,P,P,P
75,KORUKONDA RAMA DEVI,CSIT,CSIT,C1,RS12,R307A,2300090259,P,P,P,P,P,P,P,P
76,YARLAGADDA MAHESH,CSIT,CSIT,C1,RS12,R307A,2300090272,P,P,P,P,P,P,P,P
77,D.KHYATHI,CSIT,CSIT,C1,RS12,R307A,2300090343,P,P,P,P,P,P,P,P
78,ARZA SRIRAM,CSIT,CSIT,C1,RS12,R307A,2300090368,P,P,P,P,P,P,P,P
79,RAJIYA PATAN,CSIT,CSIT,C1,RS12,R307A,2300090035,P,P,P,P,P,P,P,P
80,SHAIK ALLAH BAKSH TAJ,CSE,CSE3,C1,RS12,R307A,2300030616,P,P,P,P,P,P,P,P
81,BOBBA JASWANTH SAI PRAKASH,CSE,CSE4,C1,RS12,R307A,2300031026,P,P,P,P,P,P,P,P
82,GOWTHAM CHOWDARY MULLAPUDI,CSE,CSE3,C1,RS12,R307A,2300033079,A,A,A,A,A,A,A,A
83,JASWANTH SAI KUNCHAPU,CSE,CSE4,C1,RS12,R307A,2300033194,P,P,P,P,P,P,P,P
84,NAZMA MOHAMMED,CSE,CSE4,C1,RS12,R307A,2300032554,P,P,P,P,A,A,P,P
85,VIVEK TADIKONDA,CSE,CSE3,C1,RS12,R307A,2300033453,A,A,A,A,A,A,A,A
86,KAPA PRAVEEN,CSE,CSE4,C1,RS12,R307A,2300033550,P,P,P,P,P,P,P,P
87,JALADI NAGA SIVA RAM,CSIT,CSIT,C1,RS12,R307A,2300090050,P,P,P,P,P,P,P,P
1,AALLA NAGA SWATHI,CSE,CSE2,C1,IS105,R307B,2300030003,P,P,P,P,P,P,P,P
2,ARYAN SINGH,CSE,CSE2,C1,IS105,R307B,2300030048,A,P,P,P,P,P,P,P
3,CHERUKUPALLI RAMAKANTH,CSE,CSE2,C1,IS105,R307B,2300030129,P,P,P,P,P,P,P,P
4,ARUN KUMAR,CSE,CSE2,C1,IS105,R307B,2300030132,P,P,P,P,P,P,P,P
5,D HARSHITA REDDY,CSE,CSE2,C1,IS105,R307B,2300030148,A,A,A,A,A,A,A,A
6,DESABOINA SANDEEP KUMAR,CSE,CSE2,C1,IS105,R307B,2300030161,P,P,A,A,A,A,A,A
7,GANESH D,CSE,CSE2,C1,IS105,R307B,2300030170,P,P,P,P,P,P,P,P
8,GUNTUPALLI VEDA CHARAN,CSE,CSE2,C1,IS105,R307B,2300030242,P,P,P,P,P,P,A,A
9,KAKUMANU RAVI SANTHOSH,CSE,CSE2,C1,IS105,R307B,2300030288,P,P,P,P,P,P,P,P
10,LINGAM SHANMUKHA PRIYA,CSE,CSE2,C1,IS105,R307B,2300030383,P,P,P,P,P,P,P,P
11,M ESWAR MANOJ,CSE,CSE2,C1,IS105,R307B,2300030403,P,P,P,P,P,P,P,P
12,MAREEDU VEDHA SREE,CSE,CSE2,C1,IS105,R307B,2300030410,P,P,P,P,P,P,P,P
13,MOHAMMAD ARFAN,CSE,CSE2,C1,IS105,R307B,2300030432,P,P,P,P,P,P,P,P
14,PUJARI SHASHIDHAR,CSE,CSE2,C1,IS105,R307B,2300030559,P,P,P,P,P,P,P,P
15,SHAIK MOHAMMED SAMEER,CSE,CSE2,C1,IS105,R307B,2300030621,P,P,P,P,P,P,P,P
16,SANIYA FIROJ SHAIK,CSE,CSE2,C1,IS105,R307B,2300030628,P,P,P,P,P,P,P,P
17,SURAPANENI MEGHANA,CSE,CSE2,C1,IS105,R307B,2300030656,P,P,P,P,P,P,P,P
18,VENIGALLA LIRITHSAI,CSE,CSE2,C1,IS105,R307B,2300030735,P,P,P,P,P,P,P,P
19,NAMRA FATHIMA,CSE,CSE2,C1,IS105,R307B,2300030823,P,P,P,P,P,P,P,P
20,BOGGAVARAPU THARUN,CSE,CSE2,C1,IS105,R307B,2300030858,P,P,P,P,P,P,P,P
21,BIKKINA LAKSHMI SUJITH,CSE,CSE2,C1,IS105,R307B,2300030903,A,A,A,A,A,A,A,A
22,VOORA BALA ANJANEYA VARUN,CSE,CSE2,C1,IS105,R307B,2300030977,P,P,P,P,P,P,P,P
23,LAVETI LAKSHMI PRASANNA KUMAR,CSE,CSE2,C1,IS105,R307B,2300031096,P,P,P,P,P,P,P,P
24,CHATRADI VIJAYA RAJYA LAKSHMI,CSE,CSE2,C1,IS105,R307B,2300031111,P,P,P,P,P,P,P,P
25,YENUMULA AASHISH MANIKANTA SRI,CSE,CSE2,C1,IS105,R307B,2300031128,P,P,P,P,P,P,P,P
26,BOMMISETTI BALA KEERTHAN KUMAR,CSE,CSE2,C1,IS105,R307B,2300031130,P,P,P,P,P,P,P,P
27,THIRUMALASETTY VENKATESWARA RAO,CSE,CSE2,C1,IS105,R307B,2300031165,P,P,P,P,P,P,P,P
28,MATTA VENKATA SIVA NAGA MANIKANTA,CSE,CSE2,C1,IS105,R307B,2300031173,P,P,P,P,P,P,P,P
29,KAMBHAMPATI VENKATA NAGA HARSHITH,CSE,CSE2,C1,IS105,R307B,2300031186,P,P,P,P,P,P,P,P
30,SARASCHANDRA PATHAKOTA,CSE,CSE2,C1,IS105,R307B,2300031205,P,P,P,P,P,P,P,P
31,KOTHA VENKATA NAGA SUBRAMANYA VINAY,CSE,CSE2,C1,IS105,R307B,2300031211,A,A,A,A,A,A,A,A
32,THATAVARTHI SOWRI MANOJ,CSE,CSE2,C1,IS105,R307B,2300031274,P,P,P,P,P,P,P,P
33,MADDUKURI PARAMESWARI,CSE,CSE2,C1,IS105,R307B,2300031280,P,P,P,P,P,P,P,P
34,BATTHINA KRISHNA KOWSHIK,CSE,CSE2,C1,IS105,R307B,2300031283,P,P,P,P,P,P,P,P
35,NELLURI BHARATH,CSE,CSE2,C1,IS105,R307B,2300031285,A,A,A,A,A,A,A,A
36,YADALA DURGA RAKESH,CSE,CSE2,C1,IS105,R307B,2300031298,A,A,A,A,A,A,A,A
37,MANIKONDA AVINASH,CSE,CSE2,C1,IS105,R307B,2300031367,P,P,P,P,P,P,A,A
38,MADIREDDY SAI KRISHNA REDDY,CSE,CSE2,C1,IS105,R307B,2300031424,P,P,P,P,P,P,P,P
39,VELAGA JAYARAM SANKAR,CSE,CSE2,C1,IS105,R307B,2300031453,P,P,P,P,P,P,P,P
40,NELAVELLI AKSHAY,CSE,CSE2,C1,IS105,R307B,2300031541,P,P,P,P,P,P,P,P
41,POTLURI LALITH CHAND,CSE,CSE2,C1,IS105,R307B,2300031547,P,P,P,P,P,P,P,P
42,GUNTU RASHMITHA,CSE,CSE2,C1,IS105,R307B,2300031555,P,P,P,P,P,P,P,P
43,PASUPULETI VENKATESH,CSE,CSE2,C1,IS105,R307B,2300031570,P,P,P,P,P,P,P,P
44,KILAPARTHI ABHINAV,CSE,CSE2,C1,IS105,R307B,2300031749,P,P,P,P,P,P,A,A
45,SADHU HIMA TEJA,CSE,CSE2,C1,IS105,R307B,2300031827,P,P,P,P,P,P,P,P
46,KOTA VENKATA SRI SUBRAHMANYA SAIRAN,CSE,CSE2,C1,IS105,R307B,2300031962,P,P,P,P,P,P,P,P
47,PATIBANDLA VIVEK,CSE,CSE2,C1,IS105,R307B,2300032051,P,P,P,P,P,P,P,P
48,GODATI VINAY KUMAR,CSE,CSE2,C1,IS105,R307B,2300032127,P,P,P,P,P,P,P,P
49,KOMMARAJU SURYA TEJA,CSE,CSE2,C1,IS105,R307B,2300032162,P,P,P,P,P,P,P,P
50,CHERUKURI DEEPIKA,CSE,CSE2,C1,IS105,R307B,2300032259,P,P,P,P,P,P,P,P
51,AREPALLI TEJESH,CSE,CSE2,C1,IS105,R307B,2300032261,P,P,P,P,P,P,P,P
52,KOLACHANA SRI RATNA SUNDARI BHARATI,CSE,CSE2,C1,IS105,R307B,2300032326,A,A,P,P,P,P,P,P
53,TAMMA SAI SAILESH REDDY,CSE,CSE2,C1,IS105,R307B,2300032328,P,P,P,P,P,P,A,A
54,MERIYAM LOKANATH,CSE,CSE2,C1,IS105,R307B,2300032361,P,P,P,P,P,P,P,P
55,KONDURI PANCHANGAM N R SAKETH,CSE,CSE2,C1,IS105,R307B,2300032408,P,P,P,P,P,P,P,P
56,DEVA HARSHITHA MAKKE,CSE,CSE2,C1,IS105,R307B,2300032411,P,P,P,P,P,P,P,P
57,VERICHARLA YASWANTH,CSE,CSE2,C1,IS105,R307B,2300032472,P,P,P,P,P,P,P,P
58,MEENAKSHI DASARI,CSE,CSE2,C1,IS105,R307B,2300032505,P,P,P,P,P,P,P,P
59,AKHIL YADALA,CSE,CSE2,C1,IS105,R307B,2300032567,P,P,P,P,P,P,P,P
60,VANUKURU SIVA GANESH,CSE,CSE2,C1,IS105,R307B,2300032599,P,P,P,P,P,P,P,P
61,MEESALA MOHANA SURYA PRAKASH,CSE,CSE2,C1,IS105,R307B,2300032795,P,P,P,P,P,P,P,P
62,YARASU LAKSHMIKALA,CSE,CSE2,C1,IS105,R307B,2300032881,P,P,P,P,P,P,P,P
63,MEKA CHARAN VIVEK,CSE,CSE2,C1,IS105,R307B,2300032907,P,P,P,P,P,P,P,P
64,SUNKAVALLI VEERENDRA CHOWDARY,CSE,CSE2,C1,IS105,R307B,2300033051,P,P,P,P,P,P,P,P
65,BOTLAGUNTA RASAGNA CHOWDARY,CSE,CSE2,C1,IS105,R307B,2300033065,P,P,P,P,P,P,P,P
66,PARITALA VISHNU VARDHAN,CSE,CSE2,C1,IS105,R307B,2300033135,P,P,P,P,P,P,P,P
67,M UDAY TARUN REDDY,CSE,CSE2,C1,IS105,R307B,2300033170,P,P,P,P,P,P,P,P
68,CHANDRASEKHAR,CSE,CSE2,C1,IS105,R307B,2300033174,P,P,P,P,P,P,P,P
69,BANDI CHENNA KESAVA,CSE,CSE2,C1,IS105,R307B,2300033279,P,P,P,P,P,P,P,P
70,KAMMARI MALLIKARJUN,CSE,CSE2,C1,IS105,R307B,2300033320,P,P,P,P,P,P,A,A
71,REKHASREE,CSE,CSE2,C1,IS105,R307B,2300033543,P,P,P,P,P,P,P,P
72,ALAPATI GREESHMA,CSE,CSE2,C1,IS105,R307B,2300033580,A,A,A,A,A,A,A,A
73,THUMPARA SREE BALAJI PRASAD,CSE,CSE2,C1,IS105,R307B,2300033632,A,A,A,A,A,A,A,A
74,VAVILALA SHANMUKHA PRASANNA DATTASAI,CSE,CSE2,C1,IS105,R307B,2300033672,A,A,A,A,A,A,A,A
75,AMRUTHAM VENKAT MANIDEEP,CSE,CSE2,C1,IS105,R307B,2300033782,P,P,P,P,P,P,P,P
76,TALLADI CHANDRA KRANTHI PRABHAVATHI,CSE,CSE2,C1,IS105,R307B,2300033816,P,P,P,P,P,P,P,P
77,PANGAM SREE MAHA LAKSHMI,CSE,CSE2,C1,IS105,R307B,2300030508,P,P,P,P,P,P,P,P
78,SAI CHARAN PANCHADARA,CSE,CSE2,C1,IS105,R307B,2300031291,P,P,P,P,P,P,P,P
79,VARSHITHA RATAKONDA,CSE,CSE2,C1,IS105,R307B,2300032307,P,P,P,P,P,P,P,P
80,PAGOLU VENKAT CHAITANYA,CSE,CSE2,C1,IS105,R307B,2300033107,P,P,P,P,P,P,P,P
81,KANDI SAMBHAVI,CSE,CSE2,C1,IS105,R307B,2300030299,P,P,P,P,P,P,P,P
82,KASI VISALAKSHMI PALADAGU,CSE,CSE2,C1,IS105,R307B,2300032311,P,P,P,P,P,P,P,P
1,AKILI DEDEEPYA,CSE,CSE1,C2,IS201,R404A,2300030018,P,P,P,P,P,P,P,P
2,ANDHAVARAPUSAIPRASANTH,CSE,CSE1,C2,IS201,R404A,2300030034,P,P,P,P,P,P,P,P
3,BANDLAMUDI SRILAKSHMI,CSE,CSE1,C2,IS201,R404A,2300030071,P,P,P,P,P,P,P,P
4,BOYAPATI VENNELA,CSE,CSE1,C2,IS201,R404A,2300030102,P,P,P,P,P,P,P,P
5,DONTHULA VARUNSAI,CSE,CSE1,C2,IS201,R404A,2300030172,P,P,P,P,P,P,P,P
6,GOPALAM NAGA SMRITHI,CSE,CSE1,C2,IS201,R404A,2300030218,P,P,P,P,P,P,P,P
7,GORANTLA HIMA BINDU,CSE,CSE1,C2,IS201,R404A,2300030219,P,P,P,P,P,P,P,P
8,JANGA SRITHA REDDY,CSE,CSE1,C2,IS201,R404A,2300030269,P,P,P,P,P,P,P,P
9,JASRITHA NADIPINENI,CSE,CSE1,C2,IS201,R404A,2300030274,P,P,P,P,P,P,P,P
10,SIRI KODURU,CSE,CSE1,C2,IS201,R404A,2300030329,P,P,P,P,P,P,P,P
11,KONDRAPU ABHIRAM,CSE,CSE1,C2,IS201,R404A,2300030343,P,P,P,P,P,P,P,P
12,KOTA_HANSIKA,CSE,CSE1,C2,IS201,R404A,2300030352,P,P,P,P,P,P,P,P
13,MOLAGAVALLI NEHA REDDY,CSE,CSE1,C2,IS201,R404A,2300030440,P,P,P,P,P,P,P,P
14,SAI NAVYATHA PENUGONDA,CSE,CSE1,C2,IS201,R404A,2300030528,P,P,P,P,P,P,P,P
15,SAI PRANAVI PERAM,CSE,CSE1,C2,IS201,R404A,2300030532,P,P,P,P,P,P,P,P
16,POSHAM PURNIMA,CSE,CSE1,C2,IS201,R404A,2300030548,P,P,P,P,P,P,P,P
17,HARSHITHA,CSE,CSE1,C2,IS201,R404A,2300030550,P,P,P,P,P,P,P,P
18,SHAIK SANIYA,CSE,CSE1,C2,IS201,R404A,2300030627,P,P,P,P,P,P,P,P
19,THOTA NARESH,CSE,CSE1,C2,IS201,R404A,2300030679,P,P,P,P,P,P,P,P
20,YALAKALA SAI PRAVEEN,CSE,CSE1,C2,IS201,R404A,2300030740,P,P,P,P,P,P,P,P
21,PRANAV YERRA,CSE,CSE1,C2,IS201,R404A,2300030761,P,P,P,P,P,P,P,P
22,SREEVATSA SANKISA,CSE,CSE1,C2,IS201,R404A,2300030832,A,A,P,P,A,A,P,P
23,MADUGULA HARI PRASAD,CSE,CSE1,C2,IS201,R404A,2300030885,A,A,A,A,A,A,A,A
24,PARVATHANENI LASYASRI,CSE,CSE1,C2,IS201,R404A,2300030910,P,P,P,P,P,P,P,P
25,KAMALAPURI. SAI MANOGNA,CSE,CSE1,C2,IS201,R404A,2300030920,P,P,P,P,P,P,P,P
26,RACHAMADUGU BHAVYA SRI,CSE,CSE1,C2,IS201,R404A,2300030924,P,P,P,P,P,P,P,P
27,KUNAPULI BALA SRI SARVANI,CSE,CSE1,C2,IS201,R404A,2300030957,P,P,P,P,P,P,P,P
28,PATLA DIVYA DHARANI REDDY,CSE,CSE1,C2,IS201,R404A,2300030966,P,P,P,P,P,P,P,P
29,GOPIREDDY GIRI VENKATA SUBHASH,CSE,CSE1,C2,IS201,R404A,2300031134,P,P,P,P,P,P,P,P
30,MUMMAREDDY SATYANARAYANA CHOWDARY,CSE,CSE1,C2,IS201,R404A,2300031187,P,P,P,P,P,P,P,P
31,KUNDA SREE RANGA LAXMI NRUSIMHA SAI,CSE,CSE1,C2,IS201,R404A,2300031204,P,P,P,P,P,P,P,P
32,PREETAM CHINNARI,CSE,HTI,C2,IS201,R404A,2300031362,P,P,P,P,P,P,P,P
33,ANDAVARAPU GOUTAMI,CSE,CSE1,C2,IS201,R404A,2300031390,A,A,A,A,A,A,A,A
34,GANDHAM NAGA SAI PRANAV,CSE,CSE1,C2,IS201,R404A,2300031498,P,P,P,P,P,P,P,P
35,POPURI YAVANIKA,CSE,CSE1,C2,IS201,R404A,2300031512,P,P,P,P,P,P,P,P
36,ALAPARTHI KEERTHI PRIYA,CSE,CSE1,C2,IS201,R404A,2300031605,P,P,P,P,P,P,P,P
37,GOPISETTY PURNA RAJESH,CSE,CSE1,C2,IS201,R404A,2300031613,P,P,P,P,A,A,A,A
38,VEMULA SATYA SAI HARISCHANDRA,CSE,HTI,C2,IS201,R404A,2300031692,P,P,P,P,A,A,A,A
39,GUTTA GNANESH,CSE,CSE1,C2,IS201,R404A,2300031699,P,P,P,P,P,P,P,P
40,BANDARUPALLI GOVARDHANI,CSE,CSE1,C2,IS201,R404A,2300031710,P,P,P,P,P,P,P,P
41,METLA KUMARA SWAMY,CSE,CSE1,C2,IS201,R404A,2300031747,P,P,P,P,P,P,P,P
42,RAMACHANDRAPURAPU MAHIMA VARSHINI,CSE,CSE1,C2,IS201,R404A,2300031837,P,P,P,P,P,P,P,P
43,SAVALA SHILPESH,CSE,CSE1,C2,IS201,R404A,2300031878,P,P,P,P,P,P,P,P
44,PENKI GYANESWAR RAO,CSE,CSE1,C2,IS201,R404A,2300031886,A,A,A,A,A,A,A,A
45,BASINGALA SAMATHA SWARAJ,CSE,CSE1,C2,IS201,R404A,2300031989,P,P,P,P,P,P,P,P
46,K ANUGYA REDDY,CSE,CSE1,C2,IS201,R404A,2300031990,P,P,P,P,P,P,P,P
47,KODURI LAKSHMI SOWJANYA,CSE,CSE1,C2,IS201,R404A,2300032054,A,A,P,P,P,P,P,P
48,SHAIK SADIK,CSE,CSE1,C2,IS201,R404A,2300032075,P,P,P,P,P,P,P,P
49,AVULAPATI LAKSHMI POOJITHA SREE,CSE,CSE1,C2,IS201,R404A,2300032079,P,P,P,P,P,P,P,P
50,KAVYAMRUTHA VEERLA,CSE,CSE1,C2,IS201,R404A,2300032081,P,P,P,P,P,P,P,P
51,CHINAMANAGONDA HINDUJA,CSE,CSE1,C2,IS201,R404A,2300032167,P,P,P,P,P,P,P,P
52,PAKALAPATI KHYATHI SREE,CSE,CSE1,C2,IS201,R404A,2300032173,P,P,P,P,P,P,P,P
53,VALETI PUJASRI,CSE,CSE1,C2,IS201,R404A,2300032206,A,A,A,A,A,A,A,A
54,RUTHVIKA SRI GAYATHRI VOLLU,CSE,CSE1,C2,IS201,R404A,2300032241,A,A,A,A,A,A,A,A
55,LAKSHMI PRIYA GUDIPUDI,CSE,CSE1,C2,IS201,R404A,2300032280,P,P,P,P,P,P,P,P
56,BIRADAR SHIVACHANDRA,CSE,CSE1,C2,IS201,R404A,2300032319,P,P,P,P,P,P,P,P
57,ABHISHEK KUMAR,CSE,CSE1,C2,IS201,R404A,2300032342,P,P,P,P,P,P,P,P
58,MANDA LOHITHA,CSE,CSE1,C2,IS201,R404A,2300032353,P,P,P,P,P,P,P,P
59,NAGA DURGA NITHIN,CSE,CSE1,C2,IS201,R404A,2300032506,P,P,P,P,P,P,P,P
60,KOMPELLA SURYATEJA,CSE,CSE1,C2,IS201,R404A,2300032511,P,P,P,P,A,A,P,P
61,KATARI TANMAI,CSE,CSE1,C2,IS201,R404A,2300032542,P,P,P,P,P,P,P,P
62,KATTA MANJU SRI,CSE,CSE1,C2,IS201,R404A,2300032570,P,P,P,P,P,P,P,P
63,VARSHITHA NAGOTHU,CSE,CSE1,C2,IS201,R404A,2300032636,P,P,P,P,P,P,P,P
64,HIMANSHU,CSE,CSE1,C2,IS201,R404A,2300032648,P,P,P,P,P,P,P,P
65,NEELAKSHI SRAVYA CHINTA,CSE,CSE1,C2,IS201,R404A,2300032735,A,A,A,A,A,A,A,A
66,VAGICHERLA VENKATA SAI SATVIK,CSE,CSE1,C2,IS201,R404A,2300032783,A,A,A,A,A,A,A,A
67,MAMIDI YUGANDHAR RAO,CSE,CSE1,C2,IS201,R404A,2300032847,P,P,P,P,P,P,P,P
68,MARAMPUDI VINEETHA,CSE,CSE1,C2,IS201,R404A,2300032887,P,P,P,P,P,P,P,P
69,BANDARU ALEKHYA,CSE,CSE1,C2,IS201,R404A,2300032935,P,P,P,P,P,P,P,P
70,PEDASANAGANTI VISHNU PRABHAKAR,CSE,CSE1,C2,IS201,R404A,2300033040,P,P,P,P,P,P,P,P
71,NAGAVENKATA BHAVYA YARLAGADDA,CSE,CSE1,C2,IS201,R404A,2300033060,P,P,P,P,P,P,P,P
72,MADDIPOTI RAASHMI PHANITYA,CSE,CSE1,C2,IS201,R404A,2300033101,A,A,A,A,A,A,A,A
73,GADDE GOWTHAM CHOWDARY,CSE,CSE1,C2,IS201,R404A,2300033152,P,P,P,P,P,P,P,P
74,THEJAVATH SOOHITH NAIK,CSE,HTI,C2,IS201,R404A,2300033163,P,P,P,P,P,P,P,P
75,VUBBARA HARSHALA REDDY,CSE,CSE1,C2,IS201,R404A,2300033165,A,A,A,A,A,A,A,A
76,MACHIREDDY GARI SRIJA,CSE,CSE1,C2,IS201,R404A,2300033195,P,P,P,P,P,P,P,P
77,BHAVANAM ABHI SATHVIKA,CSE,CSE1,C2,IS201,R404A,2300033203,P,P,P,P,P,P,P,P
78,GONALA TALLAM AKSHAYA,CSE,CSE1,C2,IS201,R404A,2300033237,P,P,P,P,P,P,P,P
79,PAGOLU NAGA SWAROOF,CSE,CSE1,C2,IS201,R404A,2300033274,P,P,P,P,P,P,P,P
80,CHOWDAVARAPU SAHITHI,CSE,CSE1,C2,IS201,R404A,2300033306,P,P,A,A,A,A,A,A
81,AKKINENI LITHIKA,CSE,CSE1,C2,IS201,R404A,2300033390,P,P,P,P,P,P,P,P
82,MUDIMELA PAVANIKA,CSE,CSE1,C2,IS201,R404A,2300033399,P,P,P,P,P,P,P,P
83,GEETHIKA VOOTLA,CSE,CSE1,C2,IS201,R404A,2300033455,P,P,P,P,P,P,P,P
84,LADE PRANAVI,CSE,CSE1,C2,IS201,R404A,2300033527,P,P,P,P,P,P,P,P
85,AMAN RANJAN,CSE,CSE1,C2,IS201,R404A,2300033544,A,A,A,A,A,A,A,A
86,GUDE YOGESH,CSE,CSE1,C2,IS201,R404A,2300033559,P,P,P,P,P,P,P,P
87,ADAPA VENKATA KARTHIK,CSE,CSE1,C2,IS201,R404A,2300033641,P,P,P,P,P,P,P,P
88,METTA PAVAN KUMAR,CSE,CSE1,C2,IS201,R404A,2300033669,P,P,P,P,P,P,P,P
89,INDEMANDALA PAVANI,CSE,CSE1,C2,IS201,R404A,2300033688,P,P,P,P,P,P,P,P
90,JAYADEEP MALLELA,CSE,CSE1,C2,IS201,R404A,2300033689,P,P,P,P,P,P,P,P
91,MADDEPALLI HEM CHARAN,CSE,CSE1,C2,IS201,R404A,2300033692,P,P,P,P,P,P,P,P
92,TELAPROLU SIVAMANI,CSE,CSE1,C2,IS201,R404A,2300033713,P,P,P,P,P,P,P,P
93,SHAIK HUSHMAD,CSE,CSE1,C2,IS201,R404A,2300033751,A,A,A,A,A,A,A,A
94,SIDHARTHA SANKAR SATAPATHY,CSE,CSE1,C2,IS201,R404A,2300033853,P,P,P,P,P,P,P,P
95,KUMMARI REVANTH BABU,ECE,HTI,C2,IS201,R404A,2300040215,P,P,P,P,A,A,A,A
96,KALAGARLA ASRITH KRISHNA,CSIT,HTI,C2,IS201,R404A,2300090181,P,P,P,P,P,P,P,P
97,JAHNAVI CHANDRAGIRI,CSE,CSE1,C2,IS201,R404A,2300032681,P,P,P,P,P,P,P,P
98,ANDHAVARAPU DHANALAXMI,CSE,CSE1,C2,IS201,R404A,2300032357,P,P,P,P,P,P,P,P
1,BHAVYA SRI ATHUKURI,CSE,CSE3,C2,RS23,R404B,2300030050,P,P,P,P,P,P,P,P
2,BASWA MOHITH,CSE,CSE3,C2,RS23,R404B,2300030073,P,P,P,P,P,P,P,P
3,CHANDALURI VEDESH,CSE,CSE3,C2,RS23,R404B,2300030113,P,P,P,P,P,P,P,P
4,YASASWI DHULLIPALLA,CSE,CSE3,C2,RS23,R404B,2300030166,P,P,P,P,P,P,P,P
5,EEDA ANIL,CSE,CSE3,C2,RS23,R404B,2300030177,P,P,P,P,P,P,P,P
6,AKHILESWAR GHANTASALA,CSE,CSE3,C2,RS23,R404B,2300030210,P,P,P,P,P,P,P,P
7,GRANDHISRUTHIKA,CSE,CSE3,C2,RS23,R404B,2300030224,P,P,P,P,P,P,P,P
8,ILLA PRAVEEN KUMAR,CSE,CSE3,C2,RS23,R404B,2300030251,P,P,P,P,P,P,P,P
9,SAICHARAN LALAM,CSE,CSE3,C2,RS23,R404B,2300030377,P,P,P,P,P,P,P,P
10,M.LIKHIL SRI SAI,CSE,CSE3,C2,RS23,R404B,2300030419,P,P,P,P,P,P,P,P
11,PRANATHI MULLAPUDI,CSE,CSE3,C2,RS23,R404B,2300030444,A,A,A,A,A,A,A,A
12,PALANKI SRI ABHINAYA,CSE,CSE3,C2,RS23,R404B,2300030499,A,A,A,A,A,A,A,A
13,PENDYALA GOPI KRISHNA,CSE,CSE3,C2,RS23,R404B,2300030524,P,P,P,P,P,P,P,P
14,PETETI NAVYA,CSE,CSE3,C2,RS23,R404B,2300030534,P,P,P,P,P,P,P,P
15,POTARLANKA NIKHITHA,CSE,CSE3,C2,RS23,R404B,2300030549,P,P,P,P,P,P,P,P
16,JYOTHSNA,CSE,CSE3,C2,RS23,R404B,2300030554,P,P,P,P,P,P,P,P
17,RAGHAVAPURAPU MRIDULA,CSE,CSE3,C2,RS23,R404B,2300030571,P,P,P,P,P,P,P,P
18,R DHANU,CSE,CSE4,C2,RS23,R404B,2300030573,A,A,A,A,A,A,P,P
19,REDDY SUJANA SATYA,CSE,CSE3,C2,RS23,R404B,2300030585,P,P,P,P,P,P,P,P
20,HARSHAVARDHANTANGUDU,CSE,CSE3,C2,RS23,R404B,2300030668,P,P,P,P,P,P,P,P
21,THOTA VENKAT PAVAN,CSE,CSE3,C2,RS23,R404B,2300030681,P,P,P,P,P,P,P,P
22,KOMMINENI SREE SOWMYA,CSE,CSE3,C2,RS23,R404B,2300030907,P,P,P,P,P,P,P,P
23,VAYILADA VENKATA THANUJ,CSE,CSE3,C2,RS23,R404B,2300030925,P,P,P,P,A,A,P,P
24,MATCHARLA NAGENDRAKUMAR,CSE,CSE3,C2,RS23,R404B,2300030931,A,A,A,A,A,A,P,P
25,MANJUSHA REDDY,CSE,CSE3,C2,RS23,R404B,2300030992,P,P,P,P,A,A,P,P
26,VENKATA TEJAS KUMAR PERURI,CSE,CSE4,C2,RS23,R404B,2300031010,P,P,P,P,P,P,P,P
27,GIRISH NALLAMOTHU,CSE,CSE3,C2,RS23,R404B,2300031046,P,P,P,P,P,P,P,P
28,SRI SASI VARUN NANDANAMPATI,CSE,CSE4,C2,RS23,R404B,2300031047,P,P,P,P,P,P,P,P
29,VELLAPALEM CHAKRADHAR REDDY,CSE,CSE3,C2,RS23,R404B,2300031075,A,A,A,A,A,A,P,P
30,VELAGALA SAI SRI HARSHA VARDHAN REDDY,CSE,CSE3,C2,RS23,R404B,2300031223,P,P,P,P,P,P,P,P
31,SHETTY AKHIL,CSE,CSE3,C2,RS23,R404B,2300031378,P,P,P,P,P,P,P,P
32,YELLATURU SIVA SOWMYA,CSE,CSE3,C2,RS23,R404B,2300031486,P,P,P,P,P,P,P,P
33,DEEPIKA KADIYALA,CSE,CSE3,C2,RS23,R404B,2300031532,P,P,P,P,P,P,P,P
34,GOUDAMPALLY SIDDHARTHA SHANKAR,CSE,CSE4,C2,RS23,R404B,2300031614,P,P,P,P,P,P,P,P
35,VELUGURI MANIKANTA SATWIK,CSE,CSE3,C2,RS23,R404B,2300031668,P,P,P,P,P,P,P,P
36,RISHIK REDDY,CSE,CSE3,C2,RS23,R404B,2300031698,P,P,P,P,P,P,P,P
37,VANNEMREDDY RAM CHARAN,CSE,CSE3,C2,RS23,R404B,2300031709,P,P,P,P,P,P,P,P
38,KOLAGANIVENKATASRIKAR,CSE,CSE3,C2,RS23,R404B,2300031947,P,P,P,P,P,P,P,P
39,NEELISETTY DEEPIKA,CSE,CSE3,C2,RS23,R404B,2300031976,P,P,P,P,P,P,P,P
40,KOLLI SAI ANURAG,CSE,CSE3,C2,RS23,R404B,2300031987,P,P,P,P,P,P,P,P
41,NIKHILENDRA KANIPATI,CSE,CSE4,C2,RS23,R404B,2300032030,A,A,A,A,A,A,P,P
42,DARAPUNENI AKASH,CSE,CSE3,C2,RS23,R404B,2300032056,P,P,P,P,P,P,P,P
43,GADE BINDHU SRI,CSE,CSE3,C2,RS23,R404B,2300032059,P,P,P,P,P,P,P,P
44,CHINTA SHARON,CSE,CSE3,C2,RS23,R404B,2300032140,P,P,P,P,P,P,A,A
45,KODIREKKA POOJITHA,CSE,CSE3,C2,RS23,R404B,2300032171,P,P,P,P,P,P,P,P
46,NARRA LOHIT,CSE,CSE4,C2,RS23,R404B,2300032188,P,P,P,P,P,P,P,P
47,SASHANK BETHAMCHERLA,CSE,CSE3,C2,RS23,R404B,2300032244,P,P,P,P,P,P,P,P
48,PADMANABHUNI VENKATA CHALAM,CSE,CSE3,C2,RS23,R404B,2300032265,P,P,P,P,P,P,P,P
49,CHAPALA UMA MAHESWARA RAO,CSE,CSE3,C2,RS23,R404B,2300032281,P,P,P,P,P,P,P,P
50,SHAIK YASEEN,CSE,CSE3,C2,RS23,R404B,2300032309,P,P,P,P,P,P,P,P
51,SHAIK ANAS BASHA,CSE,CSE4,C2,RS23,R404B,2300032367,P,P,P,P,A,A,P,P
52,YECHURI PINAKA PANI SRI HARSHITH,CSE,CSE3,C2,RS23,R404B,2300032424,P,P,P,P,P,P,P,P
53,BEJAWADA ACHUTH SAI KRISHNA,CSE,CSE3,C2,RS23,R404B,2300032463,P,P,P,P,P,P,P,P
54,BUDDEPU JASWANTH,CSE,CSE4,C2,RS23,R404B,2300032510,P,P,P,P,P,P,P,P
55,BHIMAVARAPU DHATHRI REDDY,CSE,CSE3,C2,RS23,R404B,2300032610,P,P,P,P,P,P,P,P
56,PODILAPU SUJITH SRI SAI,CSE,CSE4,C2,RS23,R404B,2300032618,P,P,P,P,P,P,P,P
57,KAMMELA BHARGAV,CSE,CSE4,C2,RS23,R404B,2300032627,P,P,P,P,P,P,P,P
58,NAMBURU SRAVYA,CSE,CSE3,C2,RS23,R404B,2300032712,P,P,P,P,P,P,P,P
59,VOLISETTY TEJASWIN,CSE,CSE3,C2,RS23,R404B,2300032713,P,P,P,P,A,A,P,P
60,NEELENDHRA ASWATH ETHAMSETTY,CSE,CSE3,C2,RS23,R404B,2300032782,P,P,P,P,P,P,P,P
61,KARNATI SIVA SAI REDDY,CSE,CSE4,C2,RS23,R404B,2300032824,P,P,P,P,P,P,P,P
62,JAYA KISHORE,CSE,CSE3,C2,RS23,R404B,2300032851,P,P,P,P,P,P,P,P
63,BHAVANAM MEGHANA,CSE,CSE3,C2,RS23,R404B,2300032918,P,P,P,P,A,A,P,P
64,SHAIK SALMAN,CSE,CSE3,C2,RS23,R404B,2300032987,P,P,P,P,P,P,P,P
65,REGULA SOMENDHRA KARTHIK,CSE,CSE4,C2,RS23,R404B,2300033142,P,P,P,P,P,P,P,P
66,VADDI VEDA ABHINASH,CSE,CSE3,C2,RS23,R404B,2300033645,P,P,P,P,P,P,P,P
67,KANITHIAJAYNITHIN,CSE,CSE3,C2,RS23,R404B,2300033656,P,P,P,P,P,P,P,P
68,SEGU GOPI TRISHANK,CSE,CSE4,C2,RS23,R404B,2300033704,P,P,P,P,P,P,P,P
69,NALAM VENKATA NAGA VAMSI KRISHNA,CSE,CSE3,C2,RS23,R404B,2300033840,P,P,P,P,P,P,P,P
70,BODDU MANASA,CSE,CSE3,C2,RS23,R404B,2300033841,P,P,P,P,P,P,P,P
71,MARETI SATISH,CSE,CSE3,C2,RS23,R404B,2300033881,P,P,P,P,P,P,P,P
72,THOKA NANDINI,CSE,CSE3,C2,RS23,R404B,2300039025,A,A,A,A,P,P,P,P
73,PRATHIPATI EESWAR,CSE,CSE3,C2,RS23,R404B,2300039047,P,P,P,P,A,A,P,P
74,BANALA MANASA,CSE,CSE3,C2,RS23,R404B,2300039066,P,P,P,P,P,P,P,P
75,DEBBATA MADHAVA CHARYULU,CSE,CSE3,C2,RS23,R404B,2300039087,P,P,P,P,P,P,P,P
76,RAYALA YUVARAJ,CSE,CSE3,C2,RS23,R404B,2300039095,P,P,P,P,P,P,P,P
77,CHINTHAKUNTA RAMAKRISHNA,CSE,CSE3,C2,RS23,R404B,2300039097,P,P,P,P,P,P,P,P
78,KUDIPUDI PRADEEP LOKESH,CSE,CSE3,C2,RS23,R404B,2300039103,P,P,P,P,P,P,P,P
79,HARI DATTI,CSE,CSE3,C2,RS23,R404B,2300039124,P,P,A,A,P,P,P,P
80,UPPALAPATI THANUJA,CSE,CSE3,C2,RS23,R404B,2300039129,P,P,P,P,P,P,P,P
81,MANI KANTA SEERAPU,CSE,CSE3,C2,RS23,R404B,2300039150,P,P,P,P,P,P,P,P
82,PASALA ABHIRAM CHOWDARY,MECH,MECH,C2,RS23,R404B,2300070010,A,A,A,A,A,A,P,P
83,NAGULAPALLI SAI ANANTH,MECH,MECH,C2,RS23,R404B,2300070011,P,P,P,P,P,P,P,P
84,JONNAKUTI SRAVAN KUMAR,MECH,MECH,C2,RS23,R404B,2300070012,P,P,P,P,P,P,P,P
85,PUTTA HARSHA VARDHAN,IOT,IOT,C2,RS23,R404B,2300100003,P,P,P,P,P,P,P,P
86,GOGULA KUSHMITHA,IOT,IOT,C2,RS23,R404B,2300100008,A,A,A,A,A,A,P,P
87,YARKAREDDY THANISHQ REDDY,IOT,IOT,C2,RS23,R404B,2300100012,A,A,A,A,A,A,P,P
88,YAMINI MURALA,IOT,IOT,C2,RS23,R404B,2300100019,P,P,P,P,P,P,P,P
89,BUDIGA BHARGAVI,IOT,IOT,C2,RS23,R404B,2300100022,P,P,P,P,P,P,P,P
90,B. HEMA SRI,IOT,IOT,C2,RS23,R404B,2300100032,P,P,P,P,P,P,P,P
91,K. LUMESWARA APPALARAJU,IOT,IOT,C2,RS23,R404B,2300100035,P,P,P,P,P,P,P,P
92,PAMIDI VAMSI KRISHNA,IOT,IOT,C2,RS23,R404B,2300100038,P,P,P,P,P,P,P,P
93,BUTTAMARAJU YOGENDRA VARMA,IOT,IOT,C2,RS23,R404B,2300100051,P,P,A,A,A,A,P,P
94,POOJITHA SANNAMURI,IOT,IOT,C2,RS23,R404B,2300100060,P,P,P,P,P,P,P,P
95,ALEKHYA VAKADANI,IOT,IOT,C2,RS23,R404B,2300100067,P,P,P,P,P,P,P,P
96,SABIHA SK,IOT,IOT,C2,RS23,R404B,2300100069,P,P,P,P,P,P,P,P
97,KATKAM NIKHIL,IOT,IOT,C2,RS23,R404B,2300100071,P,P,P,P,P,P,P,P
98,M.ARSHA VENKATA SIVA NAGA JYOTHI,IOT,IOT,C2,RS23,R404B,2300100072,P,P,P,P,P,P,P,P
99,BOYA JANAKI NANDAN,CSE,CSE4,C2,RS23,R404B,2300030101,P,P,P,P,P,P,P,P
100,T.KRISHNA KAMAL,CSE,CSE3,C2,RS23,R404B,2300030669,P,P,P,P,P,P,P,P
101,KOSURISAIPRIYANKA,IOT,IOT,C2,RS23,R404B,2300100026,P,P,P,P,P,P,P,P
102,SHAIK NEHA JABEEN,CSE,CSE3,C2,RS23,R404B,2300032211,P,P,P,P,P,P,P,P
1,ADDEPALL S V S DEERAJ,CSE,HTE,C2,CGN23,R405A,2300030013,P,P,P,P,P,P,A,A
2,ALLA DINESH KARTHIK,CSE,HTE,C2,CGN23,R405A,2300030028,P,P,P,P,P,P,P,P
3,AVIRNI SAHASRA CHOWDARY,CSE,HTE,C2,CGN23,R405A,2300030057,P,P,P,P,P,P,P,P
4,B.NIHANTH,CSE,HTR,C2,CGN23,R405A,2300030059,P,P,P,P,P,P,P,P
5,CHEBROLUNUTHANSAI,CSE,HTE,C2,CGN23,R405A,2300030124,P,P,P,P,P,P,P,P
6,KOLLISETI SAI KRISHNA,CSE,HTE,C2,CGN23,R405A,2300030334,A,A,A,A,A,A,A,A
7,KUKKALA SAI HARSHINI,CSE,HTE,C2,CGN23,R405A,2300030367,P,P,P,P,P,P,P,P
8,UJWALA MAVIREDDY,CSE,HTR,C2,CGN23,R405A,2300030418,P,P,P,P,P,P,P,P
9,MUVVALASRUNITH,CSE,HTE,C2,CGN23,R405A,2300030453,P,P,P,P,P,P,P,P
10,NAGABHYRU MEENAAMRUTHA,CSE,HTR,C2,CGN23,R405A,2300030461,P,P,P,P,P,P,P,P
11,TELAGAMSETTI KAVYA,CSE,HTE,C2,CGN23,R405A,2300030673,P,P,P,P,P,P,P,P
12,BOMMU MADHU SREYAN,CSE,HTE,C2,CGN23,R405A,2300030859,P,P,P,P,P,P,P,P
13,DORBALA SAI SUJITHA,CSE,HTR,C2,CGN23,R405A,2300030861,P,P,P,P,P,P,P,P
14,BHASHYA PALANI CHALLAGALI,CSE,HTR,C2,CGN23,R405A,2300030941,A,A,P,P,A,A,A,A
15,KAMADULA BHANU KEERTHANA,CSE,HTR,C2,CGN23,R405A,2300030953,P,P,P,P,P,P,P,P
16,GARIGAPATI SAI NAGA SATHVIK,CSE,HTE,C2,CGN23,R405A,2300031060,P,P,P,P,P,P,P,P
17,MAILA VENKATA SIVA RAKESH REDDY,CSE,HTE,C2,CGN23,R405A,2300031159,P,P,P,P,P,P,P,P
18,GOTTUPULLA SRI RAM GOPALA CHARYULU,CSE,HTE,C2,CGN23,R405A,2300031201,P,P,P,P,P,P,P,P
19,MOHAMMED MUTEE RUKNUDDIN,CSE,HTE,C2,CGN23,R405A,2300031344,P,P,P,P,P,P,A,A
20,KAMMELA AKHIL RAM KUMAR,CSE,HTE,C2,CGN23,R405A,2300031407,P,P,P,P,P,P,P,P
21,NANDIGAM USHASWI,CSE,HTE,C2,CGN23,R405A,2300031874,P,P,P,P,P,P,P,P
22,DULLA VARA VEERA VENKATA MOHIT,CSE,HTE,C2,CGN23,R405A,2300031921,P,P,P,P,P,P,P,P
23,NUKAVARAPU GANESH SAI,CSE,HTE,C2,CGN23,R405A,2300032198,P,P,P,P,P,P,A,A
24,LANKAPALLI SHRAVYA,CSE,HTE,C2,CGN23,R405A,2300032333,P,P,P,P,P,P,P,P
25,TEJASWI SARASWATHI,CSE,HTE,C2,CGN23,R405A,2300032530,P,P,P,P,P,P,P,P
26,VASANTHA NAGA LAKSHMI,CSE,HTE,C2,CGN23,R405A,2300032839,P,P,P,P,P,P,P,P
27,SURE BHAVISHYA,CSE,HTR,C2,CGN23,R405A,2300032963,A,A,A,A,A,A,A,A
28,KILARI VENKATA VYSHNAVI,CSE,HTE,C2,CGN23,R405A,2300033133,A,A,A,A,A,A,A,A
29,NIKHIL REDDY,CSE,HTE,C2,CGN23,R405A,2300033143,P,P,P,P,P,P,P,P
30,KAKUNURI SANKAR REDDY,CSE,HTE,C2,CGN23,R405A,2300033190,P,P,P,P,P,P,A,A
31,THUMMEPALLI RUCHITHA,CSE,HTE,C2,CGN23,R405A,2300033231,P,P,P,P,P,P,P,P
32,ACHYUTHA SANTHOSH,CSE,HTR,C2,CGN23,R405A,2300033350,P,P,P,P,P,P,P,P
33,GOGU SAI VARSHITH,CSE,HTR,C2,CGN23,R405A,2300033414,P,P,P,P,P,P,P,P
34,BHAVYESH ASAPU,CSE,HTE,C2,CGN23,R405A,2300033730,A,A,A,A,A,A,A,A
35,GORIPARTHI VASUDEVA,ECE,HTE,C2,CGN23,R405A,2300040008,P,P,P,P,P,P,P,P
36,VARSHINI KASIREDDY,CSIT,HTE,C2,CGN23,R405A,2300060019,P,P,P,P,P,P,P,P
37,MADDINEEDI SAI RAGHAVA,AIDS,HTE,C2,CGN23,R405A,2300080104,A,A,P,P,P,P,P,P
38,SHAIK ASHFAQ,AIDS,HTR,C2,CGN23,R405A,2300080207,P,P,P,P,P,P,P,P
39,NUGULA THRISHANI,AIDS,HTE,C2,CGN23,R405A,2300080320,P,P,P,P,P,P,P,P
40,CHIPPADA PARDHU SADHVIK,AIDS,HTR,C2,CGN23,R405A,2300080351,P,P,P,P,P,P,P,P
41,MANOHAR KARUBUKTHA,AIDS,HTE,C2,CGN23,R405A,2300080377,P,P,P,P,P,P,P,P
42,SYAMALA BHUVANA SAI,AIDS,HTR,C2,CGN23,R405A,2300080383,P,P,P,P,P,P,P,P
43,YADLAPALLI REVATHI LAKSHMI,AIDS,HTE,C2,CGN23,R405A,2300080395,A,A,A,A,A,A,A,A
44,POLAREDDY AKSHAY REDDY,CSIT,CSIT,C2,CGN23,R405A,2300090002,P,P,P,P,P,P,P,P
45,BADE PRAVALIKA,CSIT,CSIT,C2,CGN23,R405A,2300090004,P,P,P,P,P,P,P,P
46,SRAVANI DIVVELA,CSIT,CSIT,C2,CGN23,R405A,2300090011,P,P,P,P,P,P,P,P
47,DONIPARTHI JAYA SREE,CSIT,CSIT,C2,CGN23,R405A,2300090012,P,P,P,P,P,P,P,P
48,MADA TERRY PUNITH NAIDU,CSIT,CSIT,C2,CGN23,R405A,2300090028,P,P,P,P,P,P,A,A
49,MALLU HARIKA,CSIT,CSIT,C2,CGN23,R405A,2300090030,P,P,P,P,P,P,P,P
50,MULA LAKSHMI MANASA,CSIT,CSIT,C2,CGN23,R405A,2300090031,P,P,P,P,P,P,P,P
51,NANDHAMURI NAGA ANJALI,CSIT,CSIT,C2,CGN23,R405A,2300090033,P,P,P,P,P,P,P,P
52,V. MADHU SAMHITHA,CSIT,CSIT,C2,CGN23,R405A,2300090045,P,P,P,P,P,P,P,P
53,POTHUGUNTLA NAGAJYOTHERMYE,CSIT,CSIT,C2,CGN23,R405A,2300090057,P,P,P,P,P,P,P,P
54,DAKSHITHA PONAKA,CSIT,CSIT,C2,CGN23,R405A,2300090073,P,P,P,P,P,P,P,P
55,ABHIRAMKOTA,CSIT,CSIT,C2,CGN23,R405A,2300090082,P,P,P,P,P,P,P,P
56,K SRI HARSHA VARDHAN,CSIT,CSIT,C2,CGN23,R405A,2300090083,A,A,A,A,A,A,A,A
57,MATTA ANANDITHA,CSIT,CSIT,C2,CGN23,R405A,2300090087,P,P,P,P,P,P,P,P
58,NAMA SAI JAYANTH,CSIT,CSIT,C2,CGN23,R405A,2300090091,P,P,P,P,A,A,P,P
59,MUTYALA HARI,CSIT,HTE,C2,CGN23,R405A,2300090101,P,P,P,P,P,P,P,P
60,PRAVALLIKA GUDIVADA,CSIT,CSIT,C2,CGN23,R405A,2300090127,P,P,P,P,P,P,P,P
61,CHEPURI SAKETH,CSIT,CSIT,C2,CGN23,R405A,2300090132,P,P,P,P,P,P,P,P
62,DASARI GOPI,CSIT,CSIT,C2,CGN23,R405A,2300090137,P,P,P,P,P,P,P,P
63,LAVANYA KOSURU,CSIT,CSIT,C2,CGN23,R405A,2300090142,P,P,P,P,P,P,P,P
64,GOTTIPATI LAKSHMI RAMCHARAN,CSIT,CSIT,C2,CGN23,R405A,2300090145,A,A,A,A,A,A,A,A
65,MONDI AVINASH,CSIT,CSIT,C2,CGN23,R405A,2300090150,P,P,P,P,P,P,P,P
66,MARUTHI RANGA GANESH VARSHACHALAM,CSIT,CSIT,C2,CGN23,R405A,2300090155,P,P,P,P,P,P,A,A
67,VUYYURU SAI KUMAR,CSIT,CSIT,C2,CGN23,R405A,2300090166,P,P,P,P,P,P,P,P
68,RYALI VITHALA KAMESWAR BALAJI,CSIT,CSIT,C2,CGN23,R405A,2300090175,P,P,P,P,P,P,P,P
69,BALARAJU JYOTHI NAGA SRAVANI,CSIT,HTE,C2,CGN23,R405A,2300090216,P,P,P,P,P,P,P,P
70,KUPPI REDDY SYAM KUMAR REDDY,CSIT,CSIT,C2,CGN23,R405A,2300090221,P,P,P,P,P,P,P,P
71,TADIBOINA OM VENKATESH,CSIT,CSIT,C2,CGN23,R405A,2300090240,P,P,P,P,P,P,P,P
72,PENUMUDI MOUNIKA SAI,CSIT,HTR,C2,CGN23,R405A,2300090254,P,P,P,P,P,P,P,P
73,VASAMSETTY KARTHIK,CSIT,CSIT,C2,CGN23,R405A,2300090265,P,P,P,P,P,P,P,P
74,RASAMSETTY HEMASAI,CSIT,CSIT,C2,CGN23,R405A,2300090270,A,A,A,A,A,A,A,A
75,MANASA GANIMISETTY,CSIT,CSIT,C2,CGN23,R405A,2300090271,P,P,P,P,A,A,A,A
76,KARUMANCHI DIVYA,CSIT,CSIT,C2,CGN23,R405A,2300090278,P,P,P,P,P,P,P,P
77,MARAKA CHANDRAHAS,CSIT,CSIT,C2,CGN23,R405A,2300090280,P,P,P,P,P,P,A,A
78,SHAIK BILALUDDIN,CSIT,CSIT,C2,CGN23,R405A,2300090282,P,P,P,P,P,P,P,P
79,VEMPA VARSHITHA,CSIT,CSIT,C2,CGN23,R405A,2300090288,P,P,P,P,P,P,P,P
80,VEMPA TANVI SRI,CSIT,CSIT,C2,CGN23,R405A,2300090289,P,P,P,P,P,P,P,P
81,MANIKANTA VADDE,CSIT,CSIT,C2,CGN23,R405A,2300090291,P,P,P,P,P,P,P,P
82,YASHWANT MNV,CSIT,CSIT,C2,CGN23,R405A,2300090317,P,P,P,P,P,P,P,P
83,ACHUTHA MEENAKSHI,CSIT,CSIT,C2,CGN23,R405A,2300090318,P,P,P,P,P,P,P,P
84,D SNEHITHA,CSIT,CSIT,C2,CGN23,R405A,2300090320,P,P,P,P,P,P,P,P
85,MARADANI BABY SOWMYA SRI,CSIT,CSIT,C2,CGN23,R405A,2300090321,P,P,P,P,P,P,P,P
86,DUDEKULA KASIM SAHEB,CSIT,CSIT,C2,CGN23,R405A,2300090322,P,P,P,P,P,P,P,P
87,KONIDINA SAI SANKAR,CSIT,HTE,C2,CGN23,R405A,2300090325,P,P,P,P,P,P,P,P
88,SANTHIPRIYAA LINGALA,CSIT,CSIT,C2,CGN23,R405A,2300090346,P,P,P,P,P,P,P,P
89,ACHYUTA JASHVANTH SAI,CSIT,CSIT,C2,CGN23,R405A,2300090376,P,P,P,P,P,P,P,P
90,KASIRAJU .GAYATHRI PAVANKALYAN,CSIT,CSIT,C2,CGN23,R405A,2300090379,P,P,P,P,P,P,P,P
91,BANDARU THANUJ,CSIT,CSIT,C2,CGN23,R405A,2300090399,P,P,P,P,P,P,P,P
92,EATHA MEGHANA SRI VYSHNAVI,CSIT,CSIT,C2,CGN23,R405A,2300090400,A,A,A,A,A,A,A,A
93,SIMHADRI SUDHEER,CSE,HTR,C2,CGN23,R405A,2300030638,P,P,P,P,P,P,P,P
94,KOTA DILIP SAI,CSIT,CSIT,C2,CGN23,R405A,2300090027,P,P,P,P,P,P,P,P
95,YARLAGADDA SINDHU,CSIT,CSIT,C2,CGN23,R405A,2300090097,P,P,P,P,P,P,P,P
96,K.POOJA ADITHI,CSIT,CSIT,C2,CGN23,R405A,2300090250,P,P,P,P,P,P,P,P
1,SULEKHA SENTHIL,BT,BT,C2,CGN24,R405B,2300010112,P,P,P,P,P,P,P,P
2,BODI SUMANTH,ECE,ECE,C2,CGN24,R405B,2300040004,P,P,P,P,P,P,P,P
3,BONDI SYAMKUMAR,ECE,ECE,C2,CGN24,R405B,2300040005,A,A,A,A,A,A,A,A
4,SHAIK ZUNAIDH AHMED SHAH,ECE,ECE,C2,CGN24,R405B,2300040026,P,P,P,P,P,P,P,P
5,VAVVERI YENDA,ECE,ECE,C2,CGN24,R405B,2300040032,P,P,P,P,P,P,P,P
6,PASUPULETI MANOGNA,ECE,ECE,C2,CGN24,R405B,2300040039,P,P,P,P,P,P,P,P
7,KOLLI JASWANTH KRISHNA,ECE,ECE,C2,CGN24,R405B,2300040040,P,P,P,P,P,P,P,P
8,KOLLATI PAVAN VENKATESH,ECE,ECE,C2,CGN24,R405B,2300040043,P,P,P,P,P,P,P,P
9,KAKARLA SAI VENKATA KRISHNA,ECE,ECE,C2,CGN24,R405B,2300040048,P,P,A,A,P,P,P,P
10,DARAPUREDDY VENKATA MANI SHANKAR,ECE,ECE,C2,CGN24,R405B,2300040056,P,P,P,P,P,P,P,P
11,NARIKONDA CHETANA VENKATA NAGA SAI,ECE,ECE,C2,CGN24,R405B,2300040060,P,P,P,P,P,P,P,P
12,CHANDURI AKSHAY SRI DUTT,ECE,ECE,C2,CGN24,R405B,2300040062,P,P,P,P,A,A,P,P
13,PACHIPULUSU MANVITHA NAGA VENKATA LAKSHMI,ECE,ECE,C2,CGN24,R405B,2300040068,P,P,P,P,P,P,P,P
14,BHIMISETTY SHANMUKHA SIVA GANESH,ECE,ECE,C2,CGN24,R405B,2300040079,A,A,A,A,A,A,A,A
15,THOTA L N V N PAVAN KUMAR,ECE,ECE,C2,CGN24,R405B,2300040095,P,P,P,P,P,P,P,P
16,SWAMY SETHU SHRUTHI,ECE,ECE,C2,CGN24,R405B,2300040099,P,P,P,P,P,P,P,P
17,KISHORE GORLE,ECE,ECE,C2,CGN24,R405B,2300040103,P,P,P,P,P,P,P,P
18,NANDYALA HEMANTHSAIABHISHEKVARMA,ECE,ECE,C2,CGN24,R405B,2300040113,P,P,P,P,P,P,P,P
19,DURVASULA SRIBALA,ECE,ECE,C2,CGN24,R405B,2300040117,P,P,P,P,P,P,P,P
20,D.SIVA DHANESH,ECE,ECE,C2,CGN24,R405B,2300040119,P,P,P,P,P,P,P,P
21,PAVANI JONNALA,ECE,ECE,C2,CGN24,R405B,2300040123,P,P,P,P,P,P,P,P
22,SAI MADHURI GANDHAM,ECE,ECE,C2,CGN24,R405B,2300040125,P,P,P,P,P,P,P,P
23,SREE KEERTHI BAYANA,ECE,ECE,C2,CGN24,R405B,2300040130,P,P,A,A,A,P,P,P
24,SUROJU JYOTHI KRISHNA KANTH,ECE,ECE,C2,CGN24,R405B,2300040147,P,P,P,P,P,P,P,P
25,DANDU DEEPAK,ECE,ECE,C2,CGN24,R405B,2300040153,A,A,A,A,A,A,A,A
26,VENKATESH PONNAGANTI,ECE,ECE,C2,CGN24,R405B,2300040159,P,P,A,A,P,P,A,A
27,BORRA NAVEENA,ECE,ECE,C2,CGN24,R405B,2300040175,P,P,P,P,P,P,P,P
28,SEERA PRADEEP,ECE,ECE,C2,CGN24,R405B,2300040184,A,A,A,A,A,A,A,A
29,ALAPANA RESHMA REDDY,ECE,ECE,C2,CGN24,R405B,2300040191,P,P,P,P,P,P,P,P
30,SEELAM DINESH,ECE,ECE,C2,CGN24,R405B,2300040196,P,P,P,P,P,P,P,P
31,INUGURI DIMPLE VENKATA SAI DURGA PRANITA SRIJA,ECE,ECE,C2,CGN24,R405B,2300040198,P,P,P,P,P,P,P,P
32,M.AMARNATH,ECE,ECE,C2,CGN24,R405B,2300040204,A,A,A,A,A,A,A,A
33,TIPPUSULTHAN SK,ECE,ECE,C2,CGN24,R405B,2300040217,A,A,A,A,A,A,A,A
34,MAKKE ROHITHA,ECE,ECE,C2,CGN24,R405B,2300040219,P,P,P,P,P,P,P,P
35,EEDALA SIDHARDHA,ECE,ECE,C2,CGN24,R405B,2300040246,P,P,P,P,A,A,P,P
36,KOSURI VENKATA JAI KRISHNA VARUN,ECE,ECE,C2,CGN24,R405B,2300040251,P,P,P,P,P,P,A,A
37,BOMMA JYOTHIR ADITYA SRI GUPTA,ECE,ECE,C2,CGN24,R405B,2300040252,P,P,P,P,P,P,P,P
38,VENNELA RACHEL PACHIGOLLA,ECE,ECE,C2,CGN24,R405B,2300040265,P,P,P,P,P,P,P,P
39,BODDU DOONDY SAI SUNITH,ECE,ECE,C2,CGN24,R405B,2300040269,A,A,A,A,A,A,A,A
40,POTNURU VINODKUMAR,ECE,ECE,C2,CGN24,R405B,2300040280,P,P,P,P,P,P,P,P
41,KONDAPATURU PRUDHVI,ECE,ECE,C2,CGN24,R405B,2300040282,P,P,P,P,P,P,P,P
42,CHINNI.SURYATEJA,ECE,ECE,C2,CGN24,R405B,2300040299,A,A,A,A,A,A,A,A
43,SHAIK REHAMATH,ECE,ECE,C2,CGN24,R405B,2300040302,P,P,P,P,P,P,P,P
44,JAVVADI SAI SANTHOSH PAVAN,ECE,ECE,C2,CGN24,R405B,2300040326,A,A,A,A,A,A,A,A
45,MEGHANA SRI,ECE,ECE,C2,CGN24,R405B,2300040339,A,A,A,A,A,A,A,A
46,JYOTHSNA SUNKARAPALLI,ECE,ECE,C2,CGN24,R405B,2300040351,P,P,P,P,P,P,P,P
47,LOKESH,ECE,ECE,C2,CGN24,R405B,2300040353,P,P,P,P,P,P,P,P
48,KAMATHAMU SRINADH,ECE,ECE,C2,CGN24,R405B,2300040370,P,P,P,P,P,P,P,P
49,KATTOJU KOUSHIK,ECE,ECE,C2,CGN24,R405B,2300040395,P,P,P,P,P,P,P,P
50,D. HARSHA SAI,ECE,ECE,C2,CGN24,R405B,2300040404,P,P,P,P,P,P,P,P
51,GUDEPU BABY SRAVANI,ECE,ECE,C2,CGN24,R405B,2300040427,P,P,P,P,P,P,P,P
52,KARUPARTHY HARSHINI,ECE,ECE,C2,CGN24,R405B,2300040428,P,P,P,P,P,P,P,P
53,L S RITHWIKA.IMANDI,ECE,ECE,C2,CGN24,R405B,2300040434,P,P,P,P,P,P,P,P
54,YATTAPU BHANDHAVI,ECE,ECE,C2,CGN24,R405B,2300040445,P,P,P,P,P,P,P,P
55,PINNAMAREDDY GANESH,ECE,ECE,C2,CGN24,R405B,2300040456,P,P,P,P,P,P,P,P
56,VENKATA ASHOK CHITTIBOMMA,ECE,ECE,C2,CGN24,R405B,2300049002,P,P,P,P,P,P,A,A
57,THALLAM VENKATA SAGAR,ECE,ECE,C2,CGN24,R405B,2300049003,P,P,P,P,P,P,P,P
58,BOJJA SOMA SEKHAR SIDDARDHA,ECE,ECE,C2,CGN24,R405B,2300049004,P,P,P,P,P,P,P,P
59,YENUMALA PAVAN MANIKANTH,ECE,ECE,C2,CGN24,R405B,2300049007,P,P,P,P,P,P,P,P
60,G MANAS SANHITH,ECE,ECE,C2,CGN24,R405B,2300049013,P,P,P,P,P,P,P,P
61,THADIKALA NAGA SUDHARSHAN,ECE,ECE,C2,CGN24,R405B,2300049014,P,P,P,P,P,P,P,P
62,ANNAGOWNI YUVAKIRAN GOWD,ECE,ECE,C2,CGN24,R405B,2300049016,P,P,P,P,P,P,P,P
63,DEVINENI PREM NAG,ECE,ECE,C2,CGN24,R405B,2300049018,P,P,P,P,P,P,P,P
64,DASARI SHANMUKHA VENKATA SAI,ECE,ECE,C2,CGN24,R405B,2300049019,P,P,P,P,P,P,P,P
65,ADITHYA MANNE,ECE,ECE,C2,CGN24,R405B,2300049033,P,P,P,P,P,P,P,P
66,M HEMANTH KUMAR,ECE,ECE,C2,CGN24,R405B,2300049034,P,P,P,P,P,P,P,P
67,G ABHIRAM CHARAN,ECE,ECE,C2,CGN24,R405B,2300049045,P,P,P,P,P,P,P,P
68,GHANTA DAKSHINYA SNEHA,ECE,ECE,C2,CGN24,R405B,2300049048,P,P,P,P,P,P,P,P
69,SINGUPARAPU VENKATA SWAROOP,ECE,ECE,C2,CGN24,R405B,2300049055,P,P,P,P,P,P,P,P
70,NUNE GANESH,ECE,ECE,C2,CGN24,R405B,2300049065,P,P,P,P,P,P,P,P
71,SHIVA SHANIGARAM,ECE,ECE,C2,CGN24,R405B,2300049076,P,P,P,P,P,P,P,P
72,KONALA PARDHU,ECE,ECE,C2,CGN24,R405B,2300049078,P,P,P,P,P,P,P,P
73,BOJJANNAGARI NANDIVARDHAN REDDY,ECE,ECE,C2,CGN24,R405B,2300049094,P,P,P,P,P,P,P,P
74,MEDAVARAPU SAI CHARAN TEJA,ECE,ECE,C2,CGN24,R405B,2300049108,P,P,P,P,P,P,P,P
75,THIRUNAMALA DHROWNITH KUMAR,ECE,ECE,C2,CGN24,R405B,2300049111,P,P,P,P,P,P,P,P
76,ROUTHU DEVICHAND SAI VENKATA SRIRAM,ECE,ECE,C2,CGN24,R405B,2300049126,P,P,P,P,P,P,P,P
77,ARUMILLI GOVARSHITHA,ECE,ECE,C2,CGN24,R405B,2300049132,P,P,P,P,P,P,P,P
78,KONDETI VIGNESH SRI SAI,ECE,ECE,C2,CGN24,R405B,2300049149,P,P,P,P,P,P,P,P
79,BANDI NAVEEN REDDY,ECE,ECE,C2,CGN24,R405B,2300049176,P,P,P,P,P,P,P,P
80,PASUPULETI RAVITEJA,ECE,ECE,C2,CGN24,R405B,2300049180,P,P,P,P,P,P,P,P
81,TAMANAM LEELADHAR,ECE,ECE,C2,CGN24,R405B,2300049221,A,A,A,A,A,A,A,A
82,YERIKALA BHUVANESWARI,EEE,EEE,C2,CGN24,R405B,2300060002,P,P,P,P,P,P,P,P
83,SUMANTHIKA KANCHARLA,EEE,EEE,C2,CGN24,R405B,2300060008,A,A,A,A,A,A,A,A
84,TEJASREE CHILLIMUNTA,EEE,EEE,C2,CGN24,R405B,2300060009,P,P,P,P,P,P,P,P
85,ANANTULA SOWMYA DEVI,EEE,EEE,C2,CGN24,R405B,2300060010,P,P,P,P,P,P,P,P
86,YANDRAPU NEERAJ,EEE,EEE,C2,CGN24,R405B,2300060011,P,P,P,P,P,P,P,P
87,JAVVADHI HEMA SUNDHARA RAO,EEE,EEE,C2,CGN24,R405B,2300060014,P,P,P,P,P,P,P,P
88,KAGITHA JASRITA RUPA,EEE,EEE,C2,CGN24,R405B,2300060016,P,P,P,P,P,P,P,P
89,AKULA NAGA SIDDHARDHA,EEE,EEE,C2,CGN24,R405B,2300060017,P,P,P,P,P,P,P,P
90,MOTRU JOHNSON SUNADH,EEE,EEE,C2,CGN24,R405B,2300060027,P,P,P,P,P,P,P,P
91,CHITHIRALA DURGA PRASAD,EEE,EEE,C2,CGN24,R405B,2300060028,P,P,P,P,P,P,P,P
92,VAKKAPATLA SUBHASHINI,EEE,EEE,C2,CGN24,R405B,2300060029,P,P,P,P,P,P,P,P
93,ATLA SATWIKA,ECE,ECE,C2,CGN24,R405B,2300040386,P,P,P,P,P,P,A,A
94,RAMISETTY VENKATA KOMAL NAIDU,ECE,ECE,C2,CGN24,R405B,2300049030,P,P,P,P,P,P,P,P
95,JAYA VAMSI,ECE,ECE,C2,CGN24,R405B,2300040010,P,P,A,A,P,P,P,P
96,MAMILLA CHANDRASEKHAR,ECE,ECE,C2,CGN24,R405B,2300040220,P,P,A,A,P,P,A,A
1,KAMISETTY VENKATA TANUJA,CSE,CSE2,C2,IS211,R406A,2300030294,P,P,P,P,P,P,P,P
2,KOTHAGUNDLA TIJILESH,CSE,CSE2,C2,IS211,R406A,2300030358,A,A,A,A,A,A,A,A
3,MADHAVI PENMETSA,CSE,CSE2,C2,IS211,R406A,2300030525,P,P,P,P,P,P,P,P
4,PUSULURI HARIKA,CSE,CSE2,C2,IS211,R406A,2300030563,P,P,P,P,P,P,P,P
5,SAKAMURI MEGHANA,CSE,CSE2,C2,IS211,R406A,2300030596,P,P,P,P,P,P,P,P
6,KILARU SRAVYA,CSE,CSE2,C2,IS211,R406A,2300030786,P,P,P,P,P,P,P,P
7,DHEERAJ NALLAMOTU,CSE,CSE4,C2,IS211,R406A,2300030826,P,P,P,P,P,P,P,P
8,BINDEM SUSMITHA SAROJA,CSE,CSE2,C2,IS211,R406A,2300030904,P,P,P,P,P,P,P,P
9,DHANUNJAYA CHARY,CSE,CSE2,C2,IS211,R406A,2300030970,P,P,P,P,P,P,P,P
10,KV SUMA YASASWINI,CSE,CSE2,C2,IS211,R406A,2300031136,P,P,P,P,P,P,P,P
11,UMMADISETTI SAI LAKSHMI CHAITANYA,CSE,CSE2,C2,IS211,R406A,2300031193,P,P,P,P,P,P,P,P
12,SABBAVARAPU BHAVYA HARSHITHA SYAMALA,CSE,CSE2,C2,IS211,R406A,2300031213,P,P,P,P,P,P,P,P
13,SHAIK ILIYAS,CSE,CSE2,C2,IS211,R406A,2300031260,P,P,P,P,P,P,P,P
14,VENKATA NAGALAKSHMI YADDALA,CSE,CSE4,C2,IS211,R406A,2300031299,P,P,P,P,P,P,P,P
15,VEMULAMANDA MUKESH VARMA,CSE,CSE2,C2,IS211,R406A,2300031382,P,P,P,P,P,P,P,P
16,THANUJA ALAPATI,CSE,CSE2,C2,IS211,R406A,2300031493,P,P,P,P,P,P,P,P
17,MADDIRALA RAVI TEJA,CSE,CSE2,C2,IS211,R406A,2300031545,P,P,P,P,P,P,P,P
18,YERUBANDI SAI VARDHAN,CSE,CSE2,C2,IS211,R406A,2300031551,P,P,P,P,P,P,P,P
19,ARAVEETI SHANMUK PRANAY,CSE,CSE2,C2,IS211,R406A,2300031563,P,P,P,P,P,P,P,P
20,BOGGARAPU LAKSHMI SATHVIKA,CSE,CSE2,C2,IS211,R406A,2300031688,P,P,P,P,P,P,P,P
21,TEJASWI GRANDHI,CSE,CSE2,C2,IS211,R406A,2300031689,P,P,P,P,P,P,P,P
22,PRANAV REDDY GALI,CSE,CSE2,C2,IS211,R406A,2300031712,P,P,P,P,P,P,P,P
23,KUMAR SAMRIDH,CSE,CSE2,C2,IS211,R406A,2300031829,P,P,P,P,P,P,P,P
24,YAMPARALA DIVYESH,CSE,CSE4,C2,IS211,R406A,2300031856,P,P,P,P,A,A,A,A
25,KOLAGANI.LAKSHMI SRAVYA,CSE,CSE4,C2,IS211,R406A,2300031869,P,P,P,P,P,P,P,P
26,KILLI SATYA VAGWITHA,CSE,CSE2,C2,IS211,R406A,2300031881,P,P,P,P,P,P,P,P
27,GARLAPATI LAKSHMI PAVANI,CSE,CSE2,C2,IS211,R406A,2300031933,P,P,P,P,P,P,P,P
28,TIPPA RAKESH KUMAR,CSE,CSE2,C2,IS211,R406A,2300032034,P,P,P,P,P,P,P,P
29,KURAPATI NAGA VENKATA MANI BHARATH KUMAR,CSE,CSE2,C2,IS211,R406A,2300032087,P,P,P,P,P,P,P,P
30,SAIHARIKA,CSE,CSE2,C2,IS211,R406A,2300032122,P,P,P,P,P,P,P,P
31,PASUPULETI VARSHITHSAI,CSE,CSE2,C2,IS211,R406A,2300032141,P,P,P,P,P,P,P,P
32,SIGHAKOLLI JAYA LAKSHMI SIVA JYOTHIKA,CSE,CSE2,C2,IS211,R406A,2300032168,A,A,A,A,A,A,A,A
33,AKULA CHANDANA SIVA GANA SRI,CSE,CSE4,C2,IS211,R406A,2300032169,P,P,P,P,P,P,P,P
34,OBULASETTY NAGAPRADEEP,CSE,CSE2,C2,IS211,R406A,2300032180,P,P,P,P,P,P,P,P
35,SHAIK MOHAMMAD PARVEZ,CSE,CSE2,C2,IS211,R406A,2300032184,P,P,P,P,P,P,P,P
36,VUYYURU SUPRAJA,CSE,CSE2,C2,IS211,R406A,2300032289,P,P,P,P,P,P,P,P
37,ARCHAKAM MADHAVAGIRI VENKATA SAI LALITH,CSE,CSE4,C2,IS211,R406A,2300032345,A,A,A,A,A,A,A,A
38,SAMEERA NARAYANASETTI,CSE,CSE2,C2,IS211,R406A,2300032372,P,P,P,P,P,P,P,P
39,SATYANARAYANA BUDAMKAYALA,CSE,CSE2,C2,IS211,R406A,2300032518,P,P,P,P,P,P,P,P
40,NANDURI AKSHAYA NAIDU,CSE,CSE2,C2,IS211,R406A,2300032560,P,P,P,P,P,P,P,P
41,YUTHIKA RAMINENI,CSE,CSE2,C2,IS211,R406A,2300032764,A,A,A,A,A,A,A,A
42,JONNALAGADDA PUJITHA,CSE,CSE2,C2,IS211,R406A,2300032866,A,A,A,A,A,A,A,A
43,POTLAPALLI SRILASYA,CSE,CSE2,C2,IS211,R406A,2300032872,P,P,P,P,P,P,A,A
44,MUSUNURI GANESH BABU,CSE,CSE2,C2,IS211,R406A,2300032875,P,P,P,P,P,P,P,P
45,KAKARALA HARSHITHA,CSE,CSE2,C2,IS211,R406A,2300032904,P,P,P,P,P,P,P,P
46,SAI VARSHITHA,CSE,CSE4,C2,IS211,R406A,2300033129,P,P,P,P,P,P,P,P
47,N MANI KANTA REDDY,CSE,CSE2,C2,IS211,R406A,2300033245,A,A,A,A,A,A,A,A
48,CHIMAKURTHY SAIKUMAR,CSE,CSE4,C2,IS211,R406A,2300033254,P,P,P,P,P,P,P,P
49,RAVI KUMAR NERUSU,CSE,CSE2,C2,IS211,R406A,2300033344,P,P,P,P,P,P,P,P
50,KARTHIK MAGULURI,CSE,CSE2,C2,IS211,R406A,2300033445,P,P,P,P,P,P,P,P
51,JYOTHULA ASVITHA,CSE,CSE4,C2,IS211,R406A,2300033628,P,P,P,P,P,P,P,P
52,KOPPINENI HARINE,CSE,CSE2,C2,IS211,R406A,2300033893,P,P,P,P,P,P,P,P
53,SHAIK ASIF,CSIT,CSIT,C2,IS211,R406A,2300090001,P,P,P,P,P,P,P,P
54,DESU KOUSIK,CSIT,CSIT,C2,IS211,R406A,2300090010,P,P,P,P,P,P,P,P
55,DURBHAKULA HITHESH,CSIT,CSIT,C2,IS211,R406A,2300090013,P,P,P,P,P,P,P,P
56,KARNA SUBHASH REDDY,CSIT,CSIT,C2,IS211,R406A,2300090026,P,P,P,P,P,P,P,P
57,B TANU SATYASRI,CSIT,CSIT,C2,IS211,R406A,2300090055,P,P,P,P,P,P,P,P
58,SARASWATHI GOWTHAM CHANDRA,CSIT,CSIT,C2,IS211,R406A,2300090060,P,P,P,P,P,P,P,P
59,KANDAKATLA BALA VEERA GANESH,CSIT,CSIT,C2,IS211,R406A,2300090065,P,P,P,P,P,P,P,P
60,THATTE SUBRAMANYAM,CSIT,CSIT,C2,IS211,R406A,2300090076,A,A,A,A,A,A,A,A
61,M. SRIYA,CSIT,CSIT,C2,IS211,R406A,2300090085,P,P,P,P,P,P,P,P
62,DEEPAK SAI KAZA,CSE,CSE2,C2,IS211,R406A,2300090094,P,P,P,P,P,P,P,P
63,BANDE KHYATESH,CSIT,CSIT,C2,IS211,R406A,2300090096,P,P,P,P,P,P,P,P
64,DEVIREDDY SAI CHARAN KUMAR REDDY,CSIT,CSIT,C2,IS211,R406A,2300090107,P,P,P,P,P,P,P,P
65,SHIVANISRI KROSURU,CSIT,CSIT,C2,IS211,R406A,2300090119,P,P,P,P,P,P,P,P
66,A. YESU DASU,CSIT,CSIT,C2,IS211,R406A,2300090138,A,A,A,A,P,P,P,P
67,ANUMUKONDA CHATURYA,CSIT,CSIT,C2,IS211,R406A,2300090153,A,A,A,A,A,A,A,A
68,K SOMENDRA,CSIT,CSIT,C2,IS211,R406A,2300090174,P,P,P,P,P,P,P,P
69,SANDEEPREDDY ANNAPUREDDY,CSIT,CSIT,C2,IS211,R406A,2300090180,P,P,P,P,P,P,P,P
70,PANCHUMARTHI MRUDULA,CSIT,CSIT,C2,IS211,R406A,2300090183,A,A,A,A,A,A,A,A
71,ABHIYANT JAIN,CSIT,CSIT,C2,IS211,R406A,2300090193,A,A,A,A,A,A,A,A
72,POOJITHA A.R.,CSIT,CSIT,C2,IS211,R406A,2300090199,A,A,A,A,A,A,A,A
73,M.N.V.S.RAM GOPAL,CSIT,CSIT,C2,IS211,R406A,2300090205,P,P,P,P,P,P,P,P
74,JANDHYALA SAI KAVYA SRI,CSIT,CSIT,C2,IS211,R406A,2300090232,A,A,A,A,A,A,A,A
75,SAI PRANEETH M,CSIT,CSIT,C2,IS211,R406A,2300090233,P,P,P,P,P,P,P,P
76,SIVAKOTI NAGA NISSCHITH,CSIT,CSIT,C2,IS211,R406A,2300090238,P,P,P,P,P,P,P,P
77,PINNINTI SIVARAM,CSIT,CSIT,C2,IS211,R406A,2300090281,P,P,P,P,P,P,P,P
78,PRANITHA PULUSU,CSIT,CSIT,C2,IS211,R406A,2300090285,P,P,P,P,P,P,A,A
79,ABBURI ANITHA,CSIT,CSIT,C2,IS211,R406A,2300090297,P,P,P,P,P,P,P,P
80,VIVEK BOMMIDI,CSIT,CSIT,C2,IS211,R406A,2300090305,P,P,P,P,P,P,P,P
81,P. SAI HARSHA,CSIT,CSIT,C2,IS211,R406A,2300090308,P,P,P,P,A,A,A,A
82,SHUBHRA KUMARI,CSIT,CSIT,C2,IS211,R406A,2300090311,A,A,A,A,A,A,A,A
83,K. NIKILESH,CSIT,CSIT,C2,IS211,R406A,2300090314,P,P,P,P,P,P,P,P
84,ANNAPUREDDY NIKITHA,CSIT,CSIT,C2,IS211,R406A,2300090331,A,A,A,A,A,A,A,A
85,PONUGOTI GOPI REDDY,CSIT,CSIT,C2,IS211,R406A,2300090358,P,P,P,P,P,P,P,P
86,THOTA SAI KARTHIK,CSIT,CSIT,C2,IS211,R406A,2300090365,A,A,P,P,P,P,P,P
87,NALAMALA SASI KIRAN,CSIT,CSIT,C2,IS211,R406A,2300090366,P,P,P,P,P,P,P,P
88,BANDARUHARANI,CSIT,CSIT,C2,IS211,R406A,2300090373,A,A,A,A,A,A,A,A
89,SRINIVASA REDDY P,CSIT,CSIT,C2,IS211,R406A,2300090392,A,A,P,P,P,P,P,P
90,NALLAMOTHU THARTEEK,CSIT,CSIT,C2,IS211,R406A,2300090395,P,P,P,P,P,P,P,P
91,BONTHA KOWSHIK REDDY,CSIT,CSIT,C2,IS211,R406A,2300090401,A,A,P,P,P,P,P,P
92,POLEBOINA MANOJ KUMAR,CSE,CSE4,C2,IS211,R406A,2300030541,P,P,P,P,P,P,P,P
93,GUDIPALLI HEMANTH KUMAR,CSE,CSE2,C2,IS211,R406A,2300032146,P,P,P,P,P,P,P,P
94,SIRIGIRI HARSHAVARDHAN REDDY,CSE,CSE2,C2,IS211,R406A,2300032148,P,P,P,P,P,P,P,P
95,RANGINENI MOUNISHA,CSE,CSE2,C2,IS211,R406A,2300032576,P,P,P,P,P,P,P,P
96,YASHWANTH REDDY T,CSE,CSE2,C2,IS211,R406A,2300033792,P,P,P,P,P,P,P,P
97,JAGADAM SNEHITH,CSE,CSE2,C2,IS211,R406A,2300031582,A,A,A,A,A,A,A,A
98,THOGATAPALLA HARSHA VARDHAN,CSE,CSE2,C2,IS211,R406A,2300032697,P,P,P,P,P,P,P,P
99,TEKUMUDI ASHA SRI SAI KIRANMAI,CSE,CSE4,C2,IS211,R406A,2300032777,A,A,A,A,P,P,P,P
100,OMKAR SOMESH,CSIT,CSIT,C2,IS211,R406A,2300090192,A,A,A,A,A,A,A,A
1,DEVABHAKTHUNI YASWANTH,CSE,HTI,C2,IS202,R406B,2300030162,P,P,P,P,P,P,P,P
2,GADILI_MADHULIKA,CSE,HTE,C2,IS202,R406B,2300030189,P,P,P,P,P,P,P,P
3,GONU SAI VARSHITHA,CSE,HTE,C2,IS202,R406B,2300030217,P,P,P,P,P,P,P,P
4,SARATHCHANDRA,CSE,HTE,C2,IS202,R406B,2300030250,P,P,P,P,A,A,A,A
5,KARUTURI VAISHNAVI,CSE,HTE,C2,IS202,R406B,2300030310,P,P,P,P,P,P,P,P
6,KATRAGADDA KAILASH NATH,CSE,HTI,C2,IS202,R406B,2300030314,P,P,P,P,P,P,P,P
7,MAHAMMADFAIZULHUQ,CSE,HTE,C2,IS202,R406B,2300030397,P,P,P,P,P,P,P,P
8,NALLAMALA VENKATA DHANUSH,CSE,HTE,C2,IS202,R406B,2300030470,P,P,P,P,P,P,P,P
9,PRATYUSH KUMAR PANDEY,CSE,HTE,C2,IS202,R406B,2300030557,P,P,P,P,P,P,P,P
10,PUDI SHANMUKHA SRI SAI,CSE,HTE,C2,IS202,R406B,2300030558,P,P,P,P,P,P,P,P
11,VENU GOPAL SHAIK,CSE,HTE,C2,IS202,R406B,2300030629,P,P,P,P,P,P,P,P
12,SRI VYSHNAVI CHEPURI,CSE,HTE,C2,IS202,R406B,2300030651,P,P,P,P,A,A,A,A
13,THULABANDHU NARASIMHA,CSE,HTI,C2,IS202,R406B,2300030683,P,P,P,P,P,P,P,P
14,MADHUKAR VASAMSETTI,CSE,HTE,C2,IS202,R406B,2300030709,P,P,P,P,P,P,P,P
15,YERRIGARI LIKITHA REDDY,CSE,HTE,C2,IS202,R406B,2300030763,A,A,A,A,A,A,A,A
16,THOTA RAM VARUN,CSE,HTE,C2,IS202,R406B,2300030804,P,P,A,A,P,P,P,P
17,ABHINAV DEWANGAN,CSE,HTE,C2,IS202,R406B,2300030815,P,P,A,A,A,A,A,A
18,HILWANA AKUMALLA,CSE,HTE,C2,IS202,R406B,2300030840,P,P,P,P,P,P,P,P
19,KASIRAJU PAVAN ARUNADITHYA,CSE,HTE,C2,IS202,R406B,2300031037,P,P,P,P,P,P,A,A
20,GANGISETTI VEERA VENKATA SATYA SAI VIVEK,CSE,HTE,C2,IS202,R406B,2300031239,P,P,P,P,P,P,P,P
21,MANDRA KUSHALA REDDY,CSE,HTE,C2,IS202,R406B,2300031270,P,P,P,P,P,P,P,P
22,MOHAMMED SAALIF UDYAWAR,CSE,HTE,C2,IS202,R406B,2300031323,P,P,P,P,P,P,A,A
23,MARNI JYOTHSNA,CSE,HTE,C2,IS202,R406B,2300031418,A,A,A,A,A,A,A,A
24,HIMANSHU KUMAR,CSE,HTE,C2,IS202,R406B,2300031496,P,P,P,P,P,P,P,P
25,KESARAJU LASYA,CSE,HTE,C2,IS202,R406B,2300031656,P,P,P,P,P,P,P,P
26,PRANSHU KUMAR SAHU,CSE,HTE,C2,IS202,R406B,2300031657,A,A,A,A,A,A,A,A
27,GUNDU SRI VENKAT,CSE,HTE,C2,IS202,R406B,2300031666,P,P,P,P,P,P,P,P
28,RUSHIESHWARA REDDY,CSE,HTE,C2,IS202,R406B,2300031836,P,P,P,P,P,P,P,P
29,DASARI NAVYASRI,CSE,HTE,C2,IS202,R406B,2300031897,P,P,P,P,P,P,P,P
30,GADE KIRAN KUMAR,CSE,HTE,C2,IS202,R406B,2300031908,P,P,P,P,P,P,P,P
31,KOTHA SRIYA,CSE,HTE,C2,IS202,R406B,2300032275,P,P,P,P,P,P,P,P
32,LEO STEPHEN MADURI,CSE,HTE,C2,IS202,R406B,2300032384,P,P,P,P,P,P,P,P
33,M GURUSAI CHARAN,CSE,HTI,C2,IS202,R406B,2300032392,P,P,P,P,P,P,P,P
34,GONTLA VENKATA SUHAS,CSE,HTI,C2,IS202,R406B,2300032407,P,P,P,P,P,P,P,P
35,ALLA HEMANTH REDDY,CSE,HTE,C2,IS202,R406B,2300032455,P,P,P,P,P,P,P,P
36,KANDUKURI VENKATA RAMAKRISHNA BHASKAR,CSE,HTE,C2,IS202,R406B,2300032486,P,P,P,P,P,P,P,P
37,GOVINDALURI VINEETHA NAGA LAKSHMI,CSE,HTE,C2,IS202,R406B,2300032501,P,P,P,P,P,P,P,P
38,RISHITHAYADLAPALLI,CSE,HTE,C2,IS202,R406B,2300032597,P,P,P,P,P,P,P,P
39,SOMYA PANDEY,CSE,HTE,C2,IS202,R406B,2300032647,P,P,P,P,P,P,P,P
40,DURGESH KUMAR CHAUDHARI,CSE,HTE,C2,IS202,R406B,2300032812,P,P,A,A,P,P,P,P
41,PENAKATI RENU NEERAJA,CSE,HTE,C2,IS202,R406B,2300032833,P,P,P,P,P,P,P,P
42,ANUMOLU RANADEEP,CSE,HTE,C2,IS202,R406B,2300032922,P,P,P,P,P,P,P,P
43,DEGA ABHILOKESH,CSE,HTE,C2,IS202,R406B,2300032949,P,P,P,P,P,P,P,P
44,GAVIDI ROHIT,CSE,HTE,C2,IS202,R406B,2300032973,A,A,A,A,A,A,A,A
45,TADAVARTHI RISHI RAJA SEKHAR,CSE,HTE,C2,IS202,R406B,2300033059,P,P,P,P,P,P,P,P
46,DIVYESH RAM BOPPANA,CSE,HTE,C2,IS202,R406B,2300033303,P,P,P,P,P,P,A,A
47,GURAJALA LAVANYA,CSE,HTE,C2,IS202,R406B,2300033427,P,P,P,P,P,P,P,P
48,JUTTIGA MAHESH,CSE,HTE,C2,IS202,R406B,2300033493,P,P,P,P,P,P,P,P
49,SRAVIKA CHOWDAVARAPU,CSE,HTI,C2,IS202,R406B,2300033615,P,P,P,P,P,P,P,P
50,NARISETTI HARIHARAN,CSE,HTE,C2,IS202,R406B,2300033648,P,P,P,P,P,P,P,P
51,GAMPANETTI SRI LEKHA,CSE,HTE,C2,IS202,R406B,2300033657,P,P,P,P,P,P,P,P
52,V BALA KARTHIKEYA,CSE,HTE,C2,IS202,R406B,2300033681,P,P,P,P,P,P,P,P
53,ANUBOLU RUPENDRA REDDY,CSE,HTE,C2,IS202,R406B,2300033687,P,P,P,P,P,P,P,P
54,ARYAN RAJ,CSE,HTE,C2,IS202,R406B,2300033767,A,A,A,A,A,A,A,A
55,VIJAYA SAI KALIVARAPU,CSE,HTE,C2,IS202,R406B,2300033794,P,P,P,P,P,P,P,P
56,GAMANIKA CH,CSE,HTE,C2,IS202,R406B,2300033903,P,P,P,P,P,P,P,P
57,ADABALA LAKSHMI VENKATA SAI SRIRAM,ECE,HTE,C2,IS202,R406B,2300040058,P,P,A,A,P,P,P,P
58,KANNAJI VENKATA SIVA KESAVA SANDEEP,ECE,HTE,C2,IS202,R406B,2300040059,P,P,P,P,P,P,P,P
59,VALLABHU D N S SAI KRISHNA,ECE,HTE,C2,IS202,R406B,2300040253,P,P,P,P,P,P,P,P
60,NAGA VAMSI KRISHNA,ECE,HTE,C2,IS202,R406B,2300040255,P,P,P,P,P,P,P,P
61,S.VENKATA.SUMANTH REDDY,ECE,HTE,C2,IS202,R406B,2300040258,P,P,P,P,P,P,P,P
62,USHA AMRUTHA,ECE,HTE,C2,IS202,R406B,2300040336,A,A,A,A,A,A,A,A
63,THOKALA VISRUTH VARDHAN,ECE,HTE,C2,IS202,R406B,2300040338,P,P,P,P,P,P,P,P
64,BONTHU MANI JNANESWAR,ECE,HTE,C2,IS202,R406B,2300040348,P,P,P,P,P,P,P,P
65,CHALLA LOKESH,ECE,HTE,C2,IS202,R406B,2300040382,P,P,P,P,P,P,P,P
66,MANDAVA SAI NAGENDHAR,MECH,HTE,C2,IS202,R406B,2300070013,P,P,P,P,P,P,P,P
67,KONA VENKAT SAI SIVA KUSHMIT,MECH,HTE,C2,IS202,R406B,2300070031,P,P,A,A,A,A,A,A
68,TANDAVA SIVA MUNGANDA,AIDS,HTE,C2,IS202,R406B,2300080039,P,P,P,P,P,P,P,P
69,ALLAM SAI KEERTHAN,AIDS,HTI,C2,IS202,R406B,2300080050,P,P,P,P,A,A,P,P
70,UPPALAPATI YASASWI,AIDS,HTE,C2,IS202,R406B,2300080080,P,P,P,P,P,P,A,A
71,SHAIK SAMEER,AIDS,HTI,C2,IS202,R406B,2300080081,P,P,P,P,P,P,P,P
72,DEVARAKONDA SAI DEEPTHI,AIDS,HTE,C2,IS202,R406B,2300080087,P,P,P,P,P,P,P,P
73,NASAKA BINDHUSRI,AIDS,HTE,C2,IS202,R406B,2300080322,P,P,P,P,P,P,P,P
74,GORANTLA SIVANI,AIDS,HTE,C2,IS202,R406B,2300080323,P,P,A,A,A,A,A,A
75,YEMINENI RAGHUNADH SRI,AIDS,HTE,C2,IS202,R406B,2300080348,P,P,P,P,P,P,P,P
76,VEMULA JAGANNADH AKHIL,AIDS,HTE,C2,IS202,R406B,2300080357,P,P,P,P,P,P,P,P
77,GAVARA PRABHAS RAM,CSIT,HTE,C2,IS202,R406B,2300090015,P,P,P,P,P,P,P,P
78,KAMIREDDY JAHNAVI REDDY,CSIT,HTE,C2,IS202,R406B,2300090020,P,P,P,P,P,P,P,P
79,KANDHI THEEKSHANA,CSIT,HTE,C2,IS202,R406B,2300090022,P,P,P,P,P,P,P,P
80,KILARI SAI NITHEESH CHOWDARY,CSIT,HTE,C2,IS202,R406B,2300090154,P,P,P,P,P,P,P,P
81,SINGALREDDY SAHITHI,CSIT,HTE,C2,IS202,R406B,2300090286,P,P,P,P,P,P,P,P
82,M SHARANYA,CSIT,HTE,C2,IS202,R406B,2300090301,A,A,A,A,A,A,A,A
83,N SWETA,CSIT,HTI,C2,IS202,R406B,2300090304,A,A,A,A,A,A,A,A
84,SAGIRI SNEHA,CSE,HTE,C2,IS202,R406B,2300032976,P,P,P,P,P,P,P,P
85,ROHIT KUMAR,CSE,HTE,C2,IS202,R406B,2300033562,P,P,P,P,P,P,P,P
86,SHAIK FAYSAL HUSSAIN,MECH,HTI,C2,IS202,R406B,2300070014,P,P,P,P,P,P,P,P
87,P AMEEN KHAN,MECH,HTI,C2,IS202,R406B,2300070020,P,P,P,P,P,P,P,P
88,JAMANA RAKESH,CSE,HTE,C2,IS202,R406B,2300030266,P,P,P,P,P,P,P,P
89,HARSHIT YANDAMURI,CSE,HTE,C2,IS202,R406B,2300033421,P,P,A,A,P,P,P,P
1,BOLISETTY NAGA VENKATA TEJESH,CSE,CSE3,C2,RS22,R407A,2300030088,P,P,P,P,A,A,A,A
2,B.DHILEEP,CSE,CSE3,C2,RS22,R407A,2300030099,P,P,P,P,P,P,P,P
3,CHINTALA CHERUVU NAVYA,CSE,CSE3,C2,RS22,R407A,2300030139,P,P,P,P,P,P,P,P
4,GEDELA KISHORE,CSE,CSE3,C2,RS22,R407A,2300030207,P,P,P,P,P,P,P,P
5,GUMMADILA HARISH,CSE,CSE3,C2,RS22,R407A,2300030234,P,P,P,P,P,P,P,P
6,NAGASRI JADDU,CSE,CSE3,C2,RS22,R407A,2300030260,P,P,P,P,P,P,P,P
7,KADIYALA SRUTHI,CSE,CSE3,C2,RS22,R407A,2300030283,P,P,P,P,P,P,P,P
8,MOHAMMAD SHAHID,CSE,CSE3,C2,RS22,R407A,2300030434,P,P,P,P,P,P,P,P
9,MURAKONDA CHARAN TEJ,CSE,CSE3,C2,RS22,R407A,2300030448,P,P,P,P,P,P,P,P
10,PAKKELA GNANA DEEPIKA,CSE,CSE3,C2,RS22,R407A,2300030495,P,P,P,P,P,P,P,P
11,TIKKADA APPALA RAJU,CSE,CSE3,C2,RS22,R407A,2300030684,P,P,P,P,P,P,P,P
12,VARADABOINA CHANDU,CSE,CSE3,C2,RS22,R407A,2300030707,P,P,P,P,P,P,P,P
13,VEERI RAMANJAN,CSE,CSE3,C2,RS22,R407A,2300030789,P,P,P,P,P,P,P,P
14,CHEEPU DILEEP MANI KUMAR,CSE,CSE3,C2,RS22,R407A,2300030944,P,P,P,P,P,P,P,P
15,PONNAMPALLI POOJA PREETHI,CSE,CSE3,C2,RS22,R407A,2300031013,P,P,P,P,P,P,P,P
16,CHUNDURU VENKATA SRI SAI PHANEENDRA,CSE,CSE3,C2,RS22,R407A,2300031360,A,P,P,P,P,P,P,P
17,OBULREDDY VENKATA ANISH REDDY,CSE,CSE3,C2,RS22,R407A,2300031557,P,P,P,P,P,P,P,P
18,ADIVI SATYA SRI KAMARAJU,CSE,CSE3,C2,RS22,R407A,2300031652,P,P,P,P,P,P,P,P
19,LINGAM SIVASCHIKA,CSE,CSE3,C2,RS22,R407A,2300031825,P,P,P,P,P,P,P,P
20,SAI SAMPATH KUMAR,CSE,CSE3,C2,RS22,R407A,2300031846,P,P,P,P,A,A,A,A
21,PALNATI VEERA VENKATA NAGA SAI AAKASH,CSE,CSE3,C2,RS22,R407A,2300031963,P,P,P,P,P,P,P,P
22,AMARNATH,CSE,CSE3,C2,RS22,R407A,2300032015,P,P,P,P,P,P,P,P
23,PUNEETH SRI SAI VARMA,CSE,CSE3,C2,RS22,R407A,2300032077,P,P,P,P,P,P,P,P
24,KOKKILIGADDA TULASI VENKATA DURGA RAO,CSE,CSE3,C2,RS22,R407A,2300032267,A,A,A,A,A,A,A,A
25,JYOTHI KRISHNA ROMPICHARLA,CSE,CSE3,C2,RS22,R407A,2300032278,P,P,P,P,P,P,P,P
26,PEDDINTI NEHA,CSE,CSE3,C2,RS22,R407A,2300032497,P,P,P,P,P,P,P,P
27,CHOHAN PREETHAM VARMA AMIREDDY,CSE,CSE3,C2,RS22,R407A,2300032513,P,P,P,P,P,P,P,P
28,MANTENA YASWANTH VARMA,CSE,CSE3,C2,RS22,R407A,2300032556,P,P,P,P,P,P,P,P
29,BOYILLA LAKSHMI LASYA,CSE,CSE3,C2,RS22,R407A,2300032603,P,P,P,P,P,P,P,P
30,SASI BONAM,CSE,CSE3,C2,RS22,R407A,2300032607,P,P,P,P,P,P,P,P
31,N S N V ABHIRAM,CSE,CSE3,C2,RS22,R407A,2300032714,P,P,P,P,P,P,P,P
32,ASRITHA,CSE,CSE3,C2,RS22,R407A,2300032781,P,P,P,P,P,P,P,P
33,SHAIK MOHAMMAD IRFAN,CSE,CSE3,C2,RS22,R407A,2300032861,P,P,P,P,P,P,P,P
34,ARIGA JYOTHIKA,CSE,CSE3,C2,RS22,R407A,2300032961,P,P,P,P,P,P,P,P
35,GUNNAM CHAITANYA DEEPTHI,CSE,CSE3,C2,RS22,R407A,2300033111,P,P,P,P,P,P,P,P
36,AYESHA SULTHANA SHARIF,CSE,CSE3,C2,RS22,R407A,2300033150,P,P,P,P,P,P,P,P
37,RACHANA KATTA,CSE,CSE3,C2,RS22,R407A,2300033214,P,P,P,P,P,P,P,P
38,CHAKKA LAKSHMI PRIYA,CSE,CSE3,C2,RS22,R407A,2300033266,P,P,P,P,P,P,P,P
39,AKUNDI ABHISHEK,CSE,CSE3,C2,RS22,R407A,2300033466,P,P,P,P,P,P,P,P
40,RUPA PRIYA VASA,CSE,CSE3,C2,RS22,R407A,2300033706,P,P,P,P,A,A,A,A
41,THUMMALACHARALA ARAVIND,CSE,CSE3,C2,RS22,R407A,2300033905,P,P,P,P,A,P,P,P
42,YASWANTH KOTAPATI,CSE,CSE3,C2,RS22,R407A,2300039014,P,P,P,P,P,P,P,P
43,SURYA TEJA GORLE,CSE,CSE3,C2,RS22,R407A,2300039015,P,P,P,P,P,P,P,P
44,MOUNISH SHANKAR SANKU,CSE,CSE3,C2,RS22,R407A,2300039021,P,P,P,P,P,P,P,P
45,VADDADI ANUPAM,CSE,CSE3,C2,RS22,R407A,2300039023,P,P,P,P,P,P,P,P
46,MUNJI HARIKA,CSE,CSE3,C2,RS22,R407A,2300039027,P,P,P,P,P,P,P,P
47,KAGITHA BOBBY,CSE,CSE3,C2,RS22,R407A,2300039038,P,P,P,P,P,P,P,P
48,PULAVARTHI.L.V.N.S.S.ABHINAV,CSE,CSE3,C2,RS22,R407A,2300039044,P,P,P,P,P,P,P,P
49,IRIGELA ADI BHARGAV REDDY,CSE,CSE3,C2,RS22,R407A,2300039068,P,P,P,P,P,P,P,P
50,AREPALLI PRANAVI,CSE,CSE3,C2,RS22,R407A,2300039130,P,P,P,P,P,P,P,P
51,SAURABH YADAV,CSE,CSE3,C2,RS22,R407A,2300039160,P,P,P,P,P,P,P,P
52,AMBATI GNANA DEEPIKA,AIDS,AIDS,C2,RS22,R407A,2300080003,P,P,P,P,P,P,P,P
53,NIKHIL BOLLIMPALLI,AIDS,AIDS,C2,RS22,R407A,2300080007,P,P,P,P,P,P,P,P
54,NAVYASREE_J,AIDS,AIDS,C2,RS22,R407A,2300080019,P,P,P,P,P,P,P,P
55,JAGDEESH PRASAD KOTA,AIDS,AIDS,C2,RS22,R407A,2300080024,P,P,P,P,P,P,P,P
56,NANDAMSHANMUKESH,AIDS,AIDS,C2,RS22,R407A,2300080029,P,P,P,P,A,A,P,P
57,TEJASWITHA,AIDS,AIDS,C2,RS22,R407A,2300080051,P,P,P,P,P,P,P,P
58,YAKKALA JYOTHIKA MAHALAKSHMI,AIDS,AIDS,C2,RS22,R407A,2300080063,P,P,P,P,P,P,P,P
59,GUBBA PRADEEPA SAI NAGA MOULIKA,AIDS,AIDS,C2,RS22,R407A,2300080066,P,P,P,P,P,P,P,P
60,M VISHNUVARDDANREDDY,AIDS,AIDS,C2,RS22,R407A,2300080097,P,P,P,P,P,P,P,P
61,MANEESH REDDY,AIDS,AIDS,C2,RS22,R407A,2300080105,P,P,P,P,P,P,P,P
62,CHILUVERU MITHILESH RAJA KRISHNA,AIDS,AIDS,C2,RS22,R407A,2300080107,A,A,A,A,A,A,A,A
63,VAKA SRIYA,AIDS,AIDS,C2,RS22,R407A,2300080111,P,P,P,P,P,P,P,P
64,GORENTLA VAMSHI KRISHNA,AIDS,AIDS,C2,RS22,R407A,2300080124,P,P,P,P,A,A,P,P
65,KANIKICHERLA GNAPIKA,AIDS,AIDS,C2,RS22,R407A,2300080138,P,P,P,P,P,P,P,P
66,SHAIK DILSHAN IRFAN,AIDS,AIDS,C2,RS22,R407A,2300080184,P,P,P,P,P,P,P,P
67,SHAIK MOHAMMAD ASHRAF,AIDS,AIDS,C2,RS22,R407A,2300080194,P,P,P,P,A,A,P,P
68,KAZA GUNA SEKHAR,AIDS,AIDS,C2,RS22,R407A,2300080205,P,P,P,P,P,P,P,P
69,PEDAMALLI VARSHA,AIDS,AIDS,C2,RS22,R407A,2300080209,A,A,A,A,A,A,A,A
70,BOYANAPALLI NITHISH,AIDS,AIDS,C2,RS22,R407A,2300080215,A,A,A,A,A,A,A,A
71,NUTHIGATTU SAMYUKTHA,AIDS,AIDS,C2,RS22,R407A,2300080237,P,P,P,P,P,P,P,P
72,RAMISETTY VEERA VENKATA NAGA SIVA SAI,AIDS,AIDS,C2,RS22,R407A,2300080240,P,P,P,P,P,P,P,P
73,NEHASRI MUSUNURU,AIDS,AIDS,C2,RS22,R407A,2300080259,P,P,P,P,P,P,P,P
74,SIDDARTHA BODIGUTTA,AIDS,AIDS,C2,RS22,R407A,2300080265,P,P,P,P,P,P,P,P
75,THARSHITHA MUMMANENI,AIDS,AIDS,C2,RS22,R407A,2300080296,P,P,P,P,P,P,P,P
76,DUDEKULA CHANDINI,AIDS,AIDS,C2,RS22,R407A,2300080306,P,P,P,P,P,P,P,P
77,AKSHAY PAKALAPATI,AIDS,AIDS,C2,RS22,R407A,2300080316,P,P,P,P,P,P,P,P
78,DESU.SAIPRIYANKA,AIDS,AIDS,C2,RS22,R407A,2300080329,P,P,P,P,P,P,P,P
79,G. SRIVALLI,AIDS,AIDS,C2,RS22,R407A,2300080340,P,P,P,P,P,P,P,P
80,POLAMREDDY GOWTHAM REDDY,AIDS,AIDS,C2,RS22,R407A,2300080345,A,A,A,A,P,P,P,P
81,RAVIPUDI LOKESWAR,AIDS,AIDS,C2,RS22,R407A,2300080350,P,P,P,P,P,P,P,P
82,AMARA SRI HARSHA,AIDS,AIDS,C2,RS22,R407A,2300080353,P,P,P,P,P,P,P,P
83,A_KARTHIK,AIDS,AIDS,C2,RS22,R407A,2300080359,P,P,P,P,P,A,P,P
84,MINAMANOORI JAHNAVI,AIDS,AIDS,C2,RS22,R407A,2300080397,P,P,P,P,P,P,P,P
85,GANIREDDI JOHN AMARYA,AIDS,AIDS,C2,RS22,R407A,2300080403,P,P,P,P,P,P,P,P
86,NIMMALA SAI KUMAR,AIDS,AIDS,C2,RS22,R407A,2300089003,P,P,P,P,P,P,P,P
87,TADISETTY PAVAN KUMAR,AIDS,AIDS,C2,RS22,R407A,2300089010,P,P,P,P,P,P,P,P
88,HARSHAVARDHAN KANCHARLAPALLI,AIDS,AIDS,C2,RS22,R407A,2300089011,P,P,P,P,P,P,P,P
89,MAHADEVA PURNA AJAY KUMAR,AIDS,AIDS,C2,RS22,R407A,2300089014,P,P,P,P,P,P,P,P
90,PALAGANI NAGA RAMAKRISHNA,AIDS,AIDS,C2,RS22,R407A,2300089017,P,P,P,P,P,P,P,P
91,CHALLA NAGA PRASAD,AIDS,AIDS,C2,RS22,R407A,2300089035,A,A,A,A,A,A,A,A
92,MEDAPATI BHASKARA VENKATA RAJEEV REDDY,AIDS,AIDS,C2,RS22,R407A,2300089039,P,P,P,P,P,P,P,P
93,SONTEM SAI AMARNADH,AIDS,AIDS,C2,RS22,R407A,2300089046,P,P,P,P,P,P,P,P
94,SANA YASWANTH RAJ MOULI,AIDS,AIDS,C2,RS22,R407A,2300089050,A,A,A,A,A,A,A,A
95,ILAM AKHIL,CSE,CSE3,C2,RS22,R407A,2300033560,P,P,P,P,P,P,P,P
96,PEDDAPELLI VAMSHI,AIDS,AIDS,C2,RS22,R407A,2300080074,P,P,P,P,P,P,P,P
97,NERUSU NUTANA SAI NIVEDITHA,CSE,CSE3,C2,RS22,R407A,2300032298,P,P,P,P,P,P,P,P
1,ANDHAVARAPU LOHITH,CSE,CSE2,C2,IS203,R407B,2300030033,P,P,P,P,P,P,P,P
2,G SAJITH,CSE,CSE2,C2,IS203,R407B,2300030226,P,P,P,P,P,P,P,P
3,IMANDI THANUJA,CSE,CSE2,C2,IS203,R407B,2300030252,P,P,P,P,P,P,P,P
4,K. ROHIT SRI SAI,CSE,CSE2,C2,IS203,R407B,2300030309,P,P,P,P,P,P,P,P
5,KUNUKU SRI DATTA SAI,CSE,CSE2,C2,IS203,R407B,2300030373,P,P,P,P,P,P,P,P
6,PALAGATI SUSHANTH,CSE,CSE2,C2,IS203,R407B,2300030498,P,P,P,P,P,P,P,P
7,PATCHIGOLA BHARGAV,CSE,CSE2,C2,IS203,R407B,2300030517,A,A,A,A,A,A,A,A
8,P_THIRUMALSIDDU,CSE,CSE2,C2,IS203,R407B,2300030518,P,P,P,P,P,P,P,P
9,PENUMURU YASHITHA SAI,CSE,CSE2,C2,IS203,R407B,2300030531,P,P,P,P,P,P,P,P
10,PINNIKA AKSHAYA,CSE,CSE2,C2,IS203,R407B,2300030538,P,P,P,P,P,P,P,P
11,R NIHARIKA BAI,CSE,CSE2,C2,IS203,R407B,2300030567,P,P,P,P,P,P,P,P
12,RAVURI LIKHITHA CHOWDARY,CSE,CSE2,C2,IS203,R407B,2300030583,P,P,P,P,P,P,P,P
13,RISHI KUMAR MANDAL,CSE,CSE2,C2,IS203,R407B,2300030586,A,A,A,A,A,A,A,A
14,SHAIK GALIB SHAHEED,CSE,CSE2,C2,IS203,R407B,2300030619,P,P,P,P,P,P,P,P
15,SHAIK. NAGOORVALI,CSE,CSE2,C2,IS203,R407B,2300030633,P,P,P,P,P,P,P,P
16,SHREYA SANTOSH SANTOSH SHINDE,CSE,CSE2,C2,IS203,R407B,2300030635,P,P,P,P,P,P,P,P
17,TADI NITHIN KUMAR REDDY,CSE,CSE2,C2,IS203,R407B,2300030662,P,P,P,P,P,P,P,P
18,THOTA PRANITHA SREE,CSE,CSE2,C2,IS203,R407B,2300030680,A,A,A,A,A,A,A,A
19,VADDE MANOHITHA,CSE,CSE2,C2,IS203,R407B,2300030697,P,P,P,P,P,P,P,P
20,VAKA CHANDU,CSE,CSE2,C2,IS203,R407B,2300030701,P,P,P,P,P,P,P,P
21,DASARI JAYANTH,CSE,CSE2,C2,IS203,R407B,2300030785,A,A,A,A,A,A,A,A
22,BALUSU RASHMIKA,CSE,CSE2,C2,IS203,R407B,2300030792,P,P,P,P,P,P,P,P
23,SIMHADRI GOPIDESI,CSE,CSE2,C2,IS203,R407B,2300030817,P,P,P,P,P,P,P,P
24,SAI JYOTHIKA,CSE,CSE2,C2,IS203,R407B,2300030943,P,P,P,P,P,P,P,P
25,V. ESHWAR KUMAR,CSE,CSE2,C2,IS203,R407B,2300030978,P,P,P,P,P,P,P,P
26,BHIMISETTY MAHESH ADITHYA,CSE,CSE2,C2,IS203,R407B,2300030983,P,P,P,P,P,P,P,P
27,DASARI THIRU NAGA PALLAVI,CSE,CSE2,C2,IS203,R407B,2300030986,P,P,P,P,P,P,P,P
28,KODURU PUNEETH KUMAR REDDY,CSE,CSE2,C2,IS203,R407B,2300030998,P,P,P,P,P,P,P,P
29,NALAMATI LAKSHMI SOWJANYA,CSE,CSE2,C2,IS203,R407B,2300031001,P,P,P,P,P,P,P,P
30,BHANU BALAJI E,CSE,CSE2,C2,IS203,R407B,2300031031,P,P,P,P,P,P,P,P
31,ELURU PREM PRANEETH BALAJI,CSE,CSE2,C2,IS203,R407B,2300031032,P,P,P,P,A,A,A,A
32,BODDU SRI SIVA LAXMI DEEPTHI,CSE,CSE2,C2,IS203,R407B,2300031081,P,P,P,P,P,P,P,P
33,THATAVARTHY LAKSHMI RAVI TEJA,CSE,CSE2,C2,IS203,R407B,2300031103,P,P,P,P,P,P,P,P
34,GUDIMETTA HEMA RANGA HRISHITHA,CSE,CSE2,C2,IS203,R407B,2300031116,P,P,P,P,P,P,P,P
35,GS NITIHIN HARI,CSE,CSE2,C2,IS203,R407B,2300031131,P,P,P,P,P,P,P,P
36,CHUNDURI VENKATA HARSHINI BHAVANI,CSE,CSE2,C2,IS203,R407B,2300031184,P,P,P,P,P,P,P,P
37,ALLURI NAGA VENKATA SAI NIHIT VARMA,CSE,CSE2,C2,IS203,R407B,2300031197,P,P,P,P,P,P,P,P
38,BHUMIREDDY SUKUMAR REDDY,CSE,CSE2,C2,IS203,R407B,2300031255,A,A,A,A,A,A,A,A
39,KANCHARLA TRIBHUVAN LAKSHMI BALAJI,CSE,CSE2,C2,IS203,R407B,2300031279,P,P,P,P,P,P,P,P
40,GUDUPALLI AASHRITH,CSE,CSE2,C2,IS203,R407B,2300031300,P,P,P,P,P,P,P,P
41,SHAIK MANSOOR SALEEM,CSE,CSE2,C2,IS203,R407B,2300031342,P,P,P,P,P,P,P,P
42,SAHASRAKSHEE ANUPOJU,CSE,CSE2,C2,IS203,R407B,2300031349,P,P,P,P,P,P,P,P
43,CHANDOLU GANESH,CSE,CSE2,C2,IS203,R407B,2300031355,P,P,P,P,P,P,P,P
44,YENUGU HANIRVESH,CSE,CSE2,C2,IS203,R407B,2300031396,P,P,P,P,P,P,P,P
45,RAYIDI VAISHNAVI,CSE,CSE2,C2,IS203,R407B,2300031397,P,P,P,P,P,P,P,P
46,VIDYASREE,CSE,CSE2,C2,IS203,R407B,2300031399,P,P,P,P,P,P,P,P
47,MARAM DHAKESH VEERA VENKATA SESHA SAI,CSE,CSE2,C2,IS203,R407B,2300031411,P,P,P,P,P,P,P,P
48,PRAVEEN KUMAR REDDY PAPASANI,CSE,CSE2,C2,IS203,R407B,2300031429,P,P,P,P,P,P,P,P
49,RAVULA CHANDRA SAI KRISHNA VAMSI,CSE,CSE2,C2,IS203,R407B,2300031471,P,P,P,P,P,P,P,P
50,VINDHU KONDAVEETI,CSE,CSE2,C2,IS203,R407B,2300031484,P,P,P,P,P,P,P,P
51,LAHARI MANDAPATI,CSE,CSE2,C2,IS203,R407B,2300031618,P,P,P,P,P,P,P,P
52,YELURI VENKATA SRIJA,CSE,CSE2,C2,IS203,R407B,2300031650,P,P,P,P,P,P,P,P
53,DONDAPATI GAYATRI,CSE,CSE2,C2,IS203,R407B,2300031741,P,P,P,P,P,P,P,P
54,MARAM KIRAN,CSE,CSE2,C2,IS203,R407B,2300031769,P,P,P,P,P,P,P,P
55,KOTHA. VENKATA NAGA SAI MANASA,CSE,CSE2,C2,IS203,R407B,2300031798,P,P,P,P,P,P,P,P
56,KANUGO SAI SHANMUKHA RAO,CSE,CSE2,C2,IS203,R407B,2300031818,P,P,P,P,P,P,P,P
57,ANUMOLU NAGESWARA RAO,CSE,CSE2,C2,IS203,R407B,2300031904,A,A,A,A,A,A,A,A
58,PALLEMPATI SRI SEETHA MAHALAKSHMI,CSE,CSE2,C2,IS203,R407B,2300031923,P,P,P,P,P,P,P,P
59,MOHAN KRISHNA BANDELA,CSE,CSE2,C2,IS203,R407B,2300031965,P,P,P,P,P,P,P,P
60,HANU PRANATHI,CSE,CSE2,C2,IS203,R407B,2300031996,P,P,P,P,P,P,P,P
61,JOGI. VINAY KUMAR,CSE,CSE2,C2,IS203,R407B,2300031999,P,P,P,P,P,P,P,P
62,K.JYOTHISWAROOP,CSE,CSE2,C2,IS203,R407B,2300032033,P,P,P,P,P,P,P,P
63,LAKKU VENKATA SANTHOSH REDDY,CSE,CSE2,C2,IS203,R407B,2300032039,P,P,P,P,P,P,P,P
64,ATINA KISHORE,CSE,CSE2,C2,IS203,R407B,2300032060,P,P,P,P,A,A,A,A
65,LUCKY KUMAR GORAI,CSE,CSE2,C2,IS203,R407B,2300032082,P,P,P,P,P,P,P,P
66,NOORBHASHA REEHANA,CSE,CSE2,C2,IS203,R407B,2300032084,A,A,A,A,A,A,A,A
67,DHANUSHKA PALASA,CSE,CSE2,C2,IS203,R407B,2300032085,P,P,P,P,P,P,P,P
68,KATURI NEERAJA DEVI,CSE,CSE2,C2,IS203,R407B,2300032091,P,P,P,P,P,P,P,P
69,BEVARA KAVYA,CSE,CSE2,C2,IS203,R407B,2300032138,P,P,P,P,P,P,P,P
70,BANDLA SANDHYA,CSE,CSE2,C2,IS203,R407B,2300032243,P,P,P,P,P,P,P,P
71,ASTAKALA SACHITH,CSE,CSE2,C2,IS203,R407B,2300032370,P,P,P,P,P,P,P,P
72,KOTA RAGHURAM NAIDU,CSE,CSE2,C2,IS203,R407B,2300032375,P,P,A,A,A,A,A,A
73,KAVALA VENKATA SUBRAHMANYAM,CSE,CSE2,C2,IS203,R407B,2300032378,P,P,P,P,P,P,P,P
74,SHAIK SHAIDA,CSE,CSE2,C2,IS203,R407B,2300032387,P,P,P,P,P,P,P,P
75,E LAVANYA,CSE,CSE2,C2,IS203,R407B,2300032394,P,P,P,P,P,P,P,P
76,AKHIL MAREPALLI,CSE,CSE2,C2,IS203,R407B,2300032442,P,P,P,P,P,P,P,P
77,KATARI TANUHYA,CSE,CSE2,C2,IS203,R407B,2300032541,P,P,P,P,P,P,A,A
78,SAI SAHASRA,CSE,CSE2,C2,IS203,R407B,2300032550,P,P,A,A,P,P,P,P
79,KOMMINENI RUPAK SAI VENKAT CHOWDARY,CSE,CSE2,C2,IS203,R407B,2300032577,P,P,P,P,P,P,P,P
80,MERNEEDI TANVITH BHEEMA SURYA RAJ,CSE,CSE2,C2,IS203,R407B,2300032604,P,P,P,P,P,P,P,P
81,GOGULA DEVAKIRAN,CSE,CSE2,C2,IS203,R407B,2300032629,P,P,P,P,P,P,P,P
82,BANDARU NIKHIL,CSE,CSE2,C2,IS203,R407B,2300032672,P,P,P,P,P,P,P,P
83,MOTATI VENKATA VASANTH KUMAR REDDY,CSE,CSE2,C2,IS203,R407B,2300032674,P,P,P,P,A,A,A,A
84,ADIRALA THENEESHA,CSE,CSE2,C2,IS203,R407B,2300032727,P,P,P,P,P,P,P,P
85,PAPPULA PHANINDRA VENKATT SACHIN,CSE,CSE2,C2,IS203,R407B,2300032772,P,P,P,P,P,P,P,P
86,VEMULAPALLI SAI GANESH,CSE,CSE2,C2,IS203,R407B,2300032818,P,P,P,P,P,P,P,P
87,KOUSHIK PRANAV,CSE,CSE2,C2,IS203,R407B,2300032855,P,P,P,P,P,P,P,P
88,DAMMALAPATI MOHAN SIVA SANKAR,CSE,CSE2,C2,IS203,R407B,2300032886,P,P,P,P,P,P,P,P
89,NAGULAPATI PAVANI,CSE,CSE2,C2,IS203,R407B,2300032920,P,P,P,P,P,P,P,P
90,DASARI JAHNAVI,CSE,CSE2,C2,IS203,R407B,2300032946,A,A,A,A,A,A,A,A
91,PALAPARTHI SIVA,CSE,CSE2,C2,IS203,R407B,2300032952,P,P,P,P,P,P,P,P
92,VENNA HIMASRI,CSE,CSE2,C2,IS203,R407B,2300032954,P,P,P,P,P,P,P,P
93,KOTHA RENUKA,CSE,CSE2,C2,IS203,R407B,2300032965,P,P,P,P,P,P,P,P
94,AKKINENI SATHVIKA,CSE,CSE2,C2,IS203,R407B,2300031318,P,P,P,P,A,A,P,P
95,VARUGU SIVA RAMA VAMSI KRISHNA,CSE,CSE2,C2,IS203,R407B,2300032222,P,P,P,P,P,P,P,P
1,OMKAR ADDEPALLI,CSE,CSE2,C2,SI21,R504A,2300030012,P,P,P,P,P,P,P,P
2,BADISA VENKATA SUMANTH,CSE,CSE1,C2,SI21,R504A,2300030061,P,P,P,P,P,P,P,P
3,BOYAPATI THANMAI SREE,CSE,HTE,C2,SI21,R504A,2300030103,P,P,P,P,P,P,P,P
4,GOURISHETTI RUTHVIK,CSE,HTE,C2,SI21,R504A,2300030223,P,P,P,P,P,P,P,P
5,IRUKULAPATI JEEVANA,CSE,CSE2,C2,SI21,R504A,2300030256,P,P,P,P,P,P,P,P
6,KASTURI SASANK,CSE,CSE1,C2,SI21,R504A,2300030311,P,P,P,P,P,P,P,P
7,LEEMAN KOMMU,CSE,CSE1,C2,SI21,R504A,2300030341,P,P,P,P,P,P,P,P
8,MONINGI TARUN,CSE,CSE2,C2,SI21,R504A,2300030441,P,P,P,P,A,A,A,P
9,VENKATA MOHAN ESWAR PUVVADA,CSE,CSE1,C2,SI21,R504A,2300030566,P,P,P,P,P,P,P,P
10,S BALAJI RAO,CSE,HTE,C2,SI21,R504A,2300030589,P,P,P,P,P,P,P,P
11,SATHI RAJA SEKHAR REDDY,CSE,HTR,C2,SI21,R504A,2300030604,P,P,P,P,P,P,P,P
12,YASODA MALAVYA,CSE,CSE3,C2,SI21,R504A,2300030751,P,P,P,P,P,P,P,P
13,YECHINA SIJNU,CSE,CSE2,C2,SI21,R504A,2300030753,P,P,P,P,P,P,P,P
14,GHATTAMNENI NIKHIL,CSE,HTI,C2,SI21,R504A,2300030869,P,P,P,P,P,P,P,P
15,CHIRLA SATYA DELEEP REDDY,CSE,HTR,C2,SI21,R504A,2300030945,P,P,P,P,P,P,P,P
16,DUGGARAJU SHANMUKHA SARMA,CSE,CSE3,C2,SI21,R504A,2300030947,P,P,P,P,P,P,P,P
17,B NAGA NITEESH KUMAR,CSE,CSE3,C2,SI21,R504A,2300031025,P,P,P,P,P,P,P,P
18,MANCHA RANJITH GANESH KUMAR,CSE,CSE1,C2,SI21,R504A,2300031041,P,P,P,P,P,P,P,P
19,N BALA SIVA GANESH REDDY,CSE,CSE2,C2,SI21,R504A,2300031065,P,P,P,P,P,P,P,P
20,NUTHAKKI NAGA VENKATA MANIKANTA,CSE,CSE1,C2,SI21,R504A,2300031142,P,P,P,P,P,P,P,P
21,CHITTURI RUPESH SIVA MANI KANTA,CSE,CSE1,C2,SI21,R504A,2300031153,P,P,P,P,P,P,P,P
22,KANAJAM JOHN SUDHAKAR,CSE,CSE3,C2,SI21,R504A,2300031272,P,P,P,P,P,P,P,P
23,VIJAYARAJU KOLA,CSE,CSE2,C2,SI21,R504A,2300031302,P,P,P,P,P,P,P,P
24,TANUSHREE RATHORE,CSE,CSE1,C2,SI21,R504A,2300031303,P,P,P,P,P,P,P,P
25,M. AJIT PATRA,CSE,HTE,C2,SI21,R504A,2300031377,P,P,P,P,P,P,P,P
26,DEEPIKA REDDY,CSE,HTE,C2,SI21,R504A,2300031389,P,P,P,P,P,P,P,P
27,MOUPIYA SAHOO,CSE,CSE1,C2,SI21,R504A,2300031445,P,P,P,P,P,P,P,P
28,SRAVAN REDDY SAMULA,CSE,CSE2,C2,SI21,R504A,2300031446,P,P,P,P,P,P,P,P
29,MD SAMEER AHMED,CSE,HTR,C2,SI21,R504A,2300031449,P,P,P,P,P,P,P,P
30,VENKATA SUNIL KUMAR BODDU,CSE,CSE1,C2,SI21,R504A,2300031457,P,P,P,P,P,P,P,P
31,BANDARU CHARAN,CSE,CSE1,C2,SI21,R504A,2300031487,P,P,P,P,P,P,P,P
32,SOUMIKA DEVARAKONDA,CSE,HTE,C2,SI21,R504A,2300031525,P,P,P,P,P,P,P,P
33,THIRUVEEDULA CHANDRA SEKHAR,CSE,HTE,C2,SI21,R504A,2300031542,P,P,P,P,P,P,P,P
34,NIKHIL VENKAT KOLLI,CSE,CSE4,C2,SI21,R504A,2300031584,P,P,P,P,P,P,P,P
35,BALUSANI AKHIL,CSE,HTR,C2,SI21,R504A,2300031607,P,P,P,P,P,P,P,P
36,SURTHI SAMBHAV,CSE,HTE,C2,SI21,R504A,2300031622,P,P,P,P,P,P,P,P
37,TULASI HARSHA VARDHAN,CSE,HTE,C2,SI21,R504A,2300031826,P,P,P,P,P,P,P,P
38,PUJITHA BADE,CSE,CSE1,C2,SI21,R504A,2300031860,P,P,P,P,P,P,P,P
39,KARYAMPUDI BHAVANA,CSE,CSE1,C2,SI21,R504A,2300031918,P,P,P,P,P,P,P,P
40,SUTEJ TANNERU,CSE,CSE1,C2,SI21,R504A,2300031934,P,P,P,P,P,P,P,P
41,CHARAN TEJA RATHIKINDI,CSE,HTE,C2,SI21,R504A,2300031964,P,P,P,P,P,P,P,P
42,MANDAVA LAKSHMI NARAYANA,CSE,CSE3,C2,SI21,R504A,2300031974,P,P,P,P,P,P,P,P
43,VANKADARU DHONI VENKATA SAI DURGA PRANEETH,CSE,CSE1,C2,SI21,R504A,2300032006,A,A,A,A,A,A,A,A
44,SAI RUCHITHA VEMULA,CSE,HTE,C2,SI21,R504A,2300032021,P,P,P,P,P,P,P,P
45,SAI SASHANK GANTI,CSE,CSE2,C2,SI21,R504A,2300032098,P,P,P,P,P,P,P,P
46,KALLURI YASWANTH,CSE,CSE1,C2,SI21,R504A,2300032238,P,P,P,P,P,P,P,P
47,VADLANI BHAVYA,CSE,CSE4,C2,SI21,R504A,2300032288,P,P,P,P,P,P,P,P
48,KATAM SAI SADWIIK,CSE,HTE,C2,SI21,R504A,2300032291,P,P,P,P,P,P,P,P
49,MANTRAVADI SUHAAS,CSE,CSE1,C2,SI21,R504A,2300032339,P,P,P,P,P,P,P,P
50,V JAYASIMHA,CSE,CSE1,C2,SI21,R504A,2300032389,P,P,P,P,P,P,P,P
51,KORADA GOWTHAM SAI,CSE,HTE,C2,SI21,R504A,2300032467,P,P,P,P,P,P,P,P
52,PATHURI PADMINI,CSE,CSE1,C2,SI21,R504A,2300032488,P,P,P,P,P,P,P,P
53,VALLABHANENI YASASWI,CSE,HTE,C2,SI21,R504A,2300032494,P,A,A,A,P,P,P,P
54,MUKKAMALLA PARDHASARADHI REDDY,CSE,HTE,C2,SI21,R504A,2300032590,P,P,P,P,P,P,P,P
55,SOMISETTY SAI LOKESH,CSE,CSE1,C2,SI21,R504A,2300032652,P,P,P,P,P,P,P,P
56,ETYALA RAHUL,CSE,HTE,C2,SI21,R504A,2300032656,P,A,A,A,P,P,P,P
57,KADIYAM DIGGI KASTURI NAGABHUSHAN,CSE,CSE4,C2,SI21,R504A,2300032715,P,A,A,A,P,P,P,P
58,HASWANTH CHINNI,CSE,HTE,C2,SI21,R504A,2300032751,P,P,P,P,P,P,P,P
59,MOKAM REDDY ANVESH YADAV,CSE,CSE3,C2,SI21,R504A,2300032813,P,P,P,P,A,A,A,A
60,SUTHAPALLI CHAKRADHAR,CSE,CSE1,C2,SI21,R504A,2300032850,P,P,P,P,P,P,P,P
61,VYSYARAJU VARUN SAI,CSE,CSE1,C2,SI21,R504A,2300032877,P,P,P,P,P,P,P,P
62,NILESH KANTAMANI,CSE,HTE,C2,SI21,R504A,2300032932,P,P,P,P,P,P,P,P
63,MANNAVA SIVA CHANDRA GANESH,CSE,CSE4,C2,SI21,R504A,2300033072,P,P,P,P,P,P,P,P
64,BHANUPRAKASHYANAMALA,CSE,CSE1,C2,SI21,R504A,2300033209,P,P,P,P,P,P,P,P
65,SRI VARDHAN ADIKI,CSE,HTE,C2,SI21,R504A,2300033389,P,P,P,P,P,P,P,P
66,MOKSHITHA POPURI,CSE,CSE1,C2,SI21,R504A,2300033406,P,P,P,P,P,P,P,P
67,AKSHAY KALANGI,CSE,HTE,C2,SI21,R504A,2300033464,P,P,P,P,P,P,P,P
68,ARGHAJIT DEB,CSE,HTI,C2,SI21,R504A,2300033516,P,P,P,P,A,A,P,P
69,IRFAN HUSSAIN,CSE,CSE2,C2,SI21,R504A,2300033585,P,P,P,P,P,P,P,P
70,PIYUSH KUMAR,CSE,CSE2,C2,SI21,R504A,2300033594,P,P,P,P,P,P,P,P
71,PAPPULA NANDINI,CSE,CSE2,C2,SI21,R504A,2300033770,P,P,P,P,P,P,P,P
72,VOONA SHIVA SANKAR,CSE,CSE2,C2,SI21,R504A,2300033785,P,P,P,P,P,P,P,P
73,PENTAPATI VIJAY SRIKAR,CSE,CSE1,C2,SI21,R504A,2300033802,P,P,P,P,P,P,P,P
74,KODALI PAVANI,CSE,HTE,C2,SI21,R504A,2300033843,P,P,P,P,P,P,P,P
75,MOHIT KUMAR PUPPALA,CSE,CSE3,C2,SI21,R504A,2300039029,P,P,P,P,P,P,P,P
76,PENTAKOTA SAMBA SIVA RAO,CSE,CSE3,C2,SI21,R504A,2300039064,P,P,P,P,P,P,P,P
77,KAMANDULA KIRAN NAGA HEMANTH KUMAR,CSE,CSE3,C2,SI21,R504A,2300039096,P,P,P,P,P,P,P,P
78,NAVANEETH KRISHNA PARASA,CSE,CSE3,C2,SI21,R504A,2300039105,P,P,P,P,P,P,P,P
79,BUDIGI NARENDRA,CSE,CSE3,C2,SI21,R504A,2300039131,P,P,P,P,P,P,P,P
80,CHENNA NAGESH,CSE,CSE3,C2,SI21,R504A,2300039141,P,P,P,P,P,P,P,P
81,MANGALURU PREMSAI,ECE,HTE,C2,SI21,R504A,2300040293,P,P,P,P,P,P,P,P
82,PEPAKAYALA REVANTH SWAROOP,MECH,MECH,C2,SI21,R504A,2300070009,P,P,P,P,P,P,P,P
83,BODDETI VARAHA SUDHEER,AIDS,AIDS,C2,SI21,R504A,2300080005,P,P,P,P,P,P,P,P
84,SHAIK KHASIM KHALEEL BASHA,AIDS,HTE,C2,SI21,R504A,2300080095,P,P,P,P,P,P,P,P
85,SUDHARSHAN REEDY NELATURI,AIDS,AIDS,C2,SI21,R504A,2300080114,P,P,P,P,P,P,P,P
86,POLISETTI HRITHIKA,AIDS,AIDS,C2,SI21,R504A,2300080139,P,P,P,P,P,P,P,P
87,KADIMETLA JAGADEESWAR REDDY,AIDS,AIDS,C2,SI21,R504A,2300080179,P,P,P,P,A,A,P,P
88,KAKARLA THANISHKA,AIDS,AIDS,C2,SI21,R504A,2300080191,P,P,P,P,P,P,P,P
89,YUDHIR MYNENI,AIDS,AIDS,C2,SI21,R504A,2300080214,P,P,P,P,A,A,A,A
90,NITTALA S P L HARI PRIYA,AIDS,AIDS,C2,SI21,R504A,2300080233,P,P,P,P,P,P,P,P
91,VANGIREDDYGARI VARUN KUMAR REDDY,AIDS,AIDS,C2,SI21,R504A,2300089018,P,P,P,P,P,P,P,P
92,SUNKARA SOMA SEKHAR,AIDS,AIDS,C2,SI21,R504A,2300089037,P,P,P,P,P,P,P,P
93,CHENNUPALLI LAXMI VARSHITHA,CSIT,HTR,C2,SI21,R504A,2300090064,P,P,P,P,P,P,P,P
94,NAITIK-DUBEY,CSIT,HTI,C2,SI21,R504A,2300090164,P,P,P,P,P,P,P,P
95,RAHUL KUMAR,CSIT,HTE,C2,SI21,R504A,2300090198,P,P,P,P,P,P,P,P
96,GEETHA SRI KOTA,CSIT,CSIT,C2,SI21,R504A,2300090284,P,P,P,P,P,P,P,P
97,HARSHWARDHAN RAJ,CSIT,HTI,C2,SI21,R504A,2300090312,P,P,P,P,P,P,P,P
98,KANAGALA HARSHA VARDHAN,CSIT,CSIT,C2,SI21,R504A,2300090332,P,P,P,P,P,P,P,P
99,KANUGONDA VYSHNAVI REDDY,CSIT,CSIT,C2,SI21,R504A,2300090390,P,P,P,P,P,P,P,P
100,ETLA JASHWANTH,IOT,IOT,C2,SI21,R504A,2300100017,P,P,P,P,P,P,P,P
101,CHINTAMANEDI CHETAN SIVA JAGANNADH,CSE,CSE2,C2,SI21,R504A,2300031840,P,P,P,P,P,P,P,P
102,BOJJANNAVARI YATHEESH REDDY,CSE,CSE3,C2,SI21,R504A,2300039059,P,P,P,P,P,P,P,P
1,BATTHULAEKALAVYA,CSE,CSE3,C2,GK23,R504B,2300030075,P,P,P,P,P,P,P,P
2,B.HESHMITHA REDDY,CSE,CSE3,C2,GK23,R504B,2300030094,P,P,P,P,P,P,A,A
3,CHANDU VENKATA SAI PHANI GOPI,CSE,CSE3,C2,GK23,R504B,2300030117,P,P,P,P,P,P,P,P
4,NIHITH CHAVALAM,CSE,CSE3,C2,GK23,R504B,2300030123,P,P,P,P,P,P,P,P
5,CHEPURI. DURGA GAYATRI,CSE,CSE3,C2,GK23,R504B,2300030128,P,P,P,P,P,P,P,P
6,GADUPUDI AMARA NAGESWARI,CSE,CSE3,C2,GK23,R504B,2300030190,P,P,P,P,P,P,P,P
7,NIHAR JANAPALA,CSE,CSE3,C2,GK23,R504B,2300030268,A,A,A,A,P,P,P,P
8,SAIPRANATHI,CSE,CSE3,C2,GK23,R504B,2300030400,P,P,P,P,P,P,P,P
9,MOGGA DAVIDU RAJU,CSE,CSE3,C2,GK23,R504B,2300030428,A,A,A,A,A,A,A,A
10,SHAIK RIZVANA,CSE,CSE3,C2,GK23,R504B,2300030624,P,P,P,P,P,P,P,P
11,KHUSHIYA SHAIK,CSE,CSE3,C2,GK23,R504B,2300030632,P,P,P,P,P,P,P,P
12,SINDIRI ARAYAN,CSE,CSE3,C2,GK23,R504B,2300030639,P,P,P,P,P,P,P,P
13,YATHAPU SUNAINA,CSE,CSE3,C2,GK23,R504B,2300030752,P,P,P,P,P,P,P,P
14,TADIPARTHI AKASH,CSE,CSE3,C2,GK23,R504B,2300030836,P,P,P,P,P,P,P,P
15,GARIKIPATI. SATYA KEERTHIKA,CSE,CSE3,C2,GK23,R504B,2300030988,P,P,P,P,A,A,A,A
16,GOLLLANAPALLI HRUDAY BHARADWAJ,CSE,CSE3,C2,GK23,R504B,2300031089,A,A,A,A,P,P,P,P
17,SAI JAYA DEEP REDDY,CSE,CSE3,C2,GK23,R504B,2300031146,P,P,P,P,P,P,P,P
18,SANAPAREDDY SREE LIKHITH REDDY,CSE,CSE3,C2,GK23,R504B,2300031148,P,P,P,P,P,P,P,P
19,PRAGADA LEKHYA GOGULA SATYA LAKSHMI,CSE,CSE3,C2,GK23,R504B,2300031207,P,P,P,P,P,P,P,P
20,MINNIKANTI V N S DEVIKA SIVANI,CSE,CSE3,C2,GK23,R504B,2300031242,P,P,P,P,P,P,P,P
21,PEDDAMALLU SRIKANTH,CSE,CSE3,C2,GK23,R504B,2300031251,P,P,P,P,P,P,P,P
22,N.AKHILA,CSE,CSE3,C2,GK23,R504B,2300031309,P,P,P,P,P,P,P,P
23,VAJINEPALLI SRI KRISHNA SAI BHARGAV,CSE,CSE3,C2,GK23,R504B,2300031354,P,P,P,P,A,A,A,A
24,RACHAMALLA MOHAN SAI,CSE,CSE3,C2,GK23,R504B,2300031416,P,P,P,P,A,A,P,P
25,CHITTIPROLU VENKATA SAI,CSE,CSE3,C2,GK23,R504B,2300031434,P,P,P,P,P,P,P,P
26,BALI VIJAYA VARDHAN NAIDU,CSE,CSE3,C2,GK23,R504B,2300031489,A,A,A,A,A,A,A,A
27,KALLURI MOKSHAGNA SAI TEJA,CSE,CSE3,C2,GK23,R504B,2300031586,P,P,P,P,P,P,P,P
28,SINGULURI RAGHU MARUTHI SAI SIDDHU GANESH,CSE,CSE3,C2,GK23,R504B,2300031587,P,P,P,P,A,A,A,A
29,RAHUL CHALLAGULLA,CSE,CSE3,C2,GK23,R504B,2300031598,A,A,A,A,P,P,P,P
30,CHETHANA SREE,CSE,CSE3,C2,GK23,R504B,2300031639,P,P,P,P,P,P,P,P
31,NEELAPU POOJITHA,CSE,CSE3,C2,GK23,R504B,2300031653,P,P,P,P,P,P,P,P
32,SHAIK ASIF,CSE,CSE3,C2,GK23,R504B,2300031663,P,P,P,P,P,P,P,P
33,KANDAGADDALA PENCHALA ARJUN,CSE,CSE3,C2,GK23,R504B,2300031687,P,P,P,P,P,P,P,P
34,PUJARI MANJU SWASTHIK,CSE,CSE3,C2,GK23,R504B,2300031812,P,P,P,P,P,P,A,A
35,BOLLINENI PREM SAI,CSE,CSE3,C2,GK23,R504B,2300031822,P,P,P,P,P,P,P,P
36,JAMPANI YUVA NAGA MEGHANA,CSE,CSE3,C2,GK23,R504B,2300031866,A,A,A,A,P,P,P,P
37,KEERTHI MEDURI,CSE,CSE3,C2,GK23,R504B,2300031903,P,P,P,P,A,A,A,A
38,MADDULA CHANDRA HARSHITHA,CSE,CSE3,C2,GK23,R504B,2300031949,P,P,P,P,P,P,P,P
39,JOLLA NIHARIKA,CSE,CSE3,C2,GK23,R504B,2300031950,A,A,A,A,A,A,A,A
40,PYLA MURALI,CSE,CSE3,C2,GK23,R504B,2300031972,P,P,P,P,P,P,P,P
41,SETTY JASWANTH,CSE,CSE3,C2,GK23,R504B,2300032023,P,P,P,P,P,P,P,P
42,DATLA VIGNESH VARMA,CSE,CSE3,C2,GK23,R504B,2300032042,P,P,P,P,P,P,P,P
43,KANAPARTHI SHEMA GANDHI,CSE,CSE3,C2,GK23,R504B,2300032067,P,P,P,P,P,P,P,P
44,JALLEPALLI LAKSHMI VASUDHA,CSE,CSE3,C2,GK23,R504B,2300032096,A,A,A,A,A,A,A,A
45,MENNI SRINIVAS CHOWDARY,CSE,CSE3,C2,GK23,R504B,2300032128,P,P,P,P,P,P,P,P
46,THOTA GOKULA KRISHNA,CSE,CSE3,C2,GK23,R504B,2300032228,P,P,P,P,P,P,P,P
47,YASHWITHA KASANENI,CSE,CSE3,C2,GK23,R504B,2300032242,P,P,P,P,P,P,P,P
48,KARI MIDHUN,CSE,CSE3,C2,GK23,R504B,2300032456,P,P,P,P,P,P,P,P
49,SHAIK SAZIDA,CSE,CSE3,C2,GK23,R504B,2300032458,P,P,P,P,P,P,P,P
50,INTI HANITHA SAI GAYATHRI,CSE,CSE3,C2,GK23,R504B,2300032512,P,P,P,P,P,P,P,P
51,JAGANNADHA SWAMY,CSE,CSE3,C2,GK23,R504B,2300032537,P,P,P,P,P,P,P,P
52,KAKANI NAGA PRAJWAL,CSE,CSE3,C2,GK23,R504B,2300032557,P,P,P,P,P,P,P,P
53,SEELAM VARA LAKSHMI PRASANNA,CSE,CSE3,C2,GK23,R504B,2300032561,P,P,P,P,P,P,P,P
54,S.NITHYA SANTHOSHI,CSE,CSE3,C2,GK23,R504B,2300032565,P,P,P,P,P,P,P,P
55,GOTETI SAI SIDDHARDHA,CSE,CSE3,C2,GK23,R504B,2300032578,P,P,P,P,P,P,P,P
56,KRISHNA SRI SATHI,CSE,CSE3,C2,GK23,R504B,2300032600,P,P,P,P,P,P,P,P
57,KOKKILA BINDUSREE,CSE,CSE3,C2,GK23,R504B,2300032632,P,P,P,P,P,P,P,P
58,AKSHAYA SIMHADRI,CSE,CSE3,C2,GK23,R504B,2300032753,P,P,P,P,P,P,P,P
59,BALABOMMALA KALYANKUMAR,CSE,CSE3,C2,GK23,R504B,2300032820,P,P,P,P,P,P,P,P
60,SRI KARTHIK PENDEM,CSE,CSE3,C2,GK23,R504B,2300032924,P,P,P,P,P,P,P,P
61,PADMANABHUNI V G T SESHA SRI SAI,CSE,CSE3,C2,GK23,R504B,2300033016,P,P,P,P,P,P,P,P
62,NALLA CHANDRASEKHAR NAIDU,CSE,CSE3,C2,GK23,R504B,2300033089,P,P,P,P,A,A,A,A
63,VEMURI LAKSHMI MANJULA,CSE,CSE3,C2,GK23,R504B,2300033164,P,P,P,P,P,P,P,P
64,KAVYA SRI DURGA.G,CSE,CSE3,C2,GK23,R504B,2300033223,A,A,A,A,P,P,P,P
65,VOBILISHETTI SHARANYA,CSE,CSE3,C2,GK23,R504B,2300033234,P,P,P,P,A,A,P,P
66,DHANUSH NELLAMBAKAM,CSE,CSE3,C2,GK23,R504B,2300033333,P,P,P,P,P,P,P,P
67,DODLA RANGA SAI,CSE,CSE3,C2,GK23,R504B,2300033437,P,P,P,P,P,P,P,P
68,VELPULAMANASA,CSE,CSE3,C2,GK23,R504B,2300033465,P,P,P,P,P,P,P,P
69,TELA DAMAYANTH,CSE,CSE3,C2,GK23,R504B,2300033500,A,A,A,A,A,A,A,A
70,KALAKOTA KARTHIK REDDY,CSE,CSE3,C2,GK23,R504B,2300033590,P,P,P,P,P,P,P,P
71,TELAGANI MAHESH,CSE,CSE3,C2,GK23,R504B,2300033602,P,P,P,P,P,P,P,P
72,SHAIK KARISHMA,CSE,CSE3,C2,GK23,R504B,2300033610,A,A,A,A,A,A,A,A
73,BORIGORLA HARISH,CSE,CSE3,C2,GK23,R504B,2300033614,P,P,P,P,A,A,P,P
74,VENDIDANDI RISHIK REDDY,CSE,CSE3,C2,GK23,R504B,2300033638,P,P,P,P,P,P,P,P
75,VADDADIDINESHKUMAR,CSE,CSE3,C2,GK23,R504B,2300033665,P,P,P,P,P,P,P,P
76,DOSAPATI KUMAR,CSE,CSE3,C2,GK23,R504B,2300033697,P,P,A,A,P,P,P,P
77,KANCHARANA LAAHIRI TEJA,CSE,CSE3,C2,GK23,R504B,2300033731,A,A,A,A,A,A,A,A
78,CHAKRIKA VEGI,CSE,CSE4,C2,GK23,R504B,2300033820,P,P,A,A,A,A,A,A
79,POLIMERA JOSHITH REDDY,CSE,CSE3,C2,GK23,R504B,2300033897,P,P,P,P,P,P,P,P
80,CHOPPPAVARAPU JOSYA SANJANA,CSE,CSE3,C2,GK23,R504B,2300039050,P,P,P,P,P,P,P,P
81,BETHA JAYANTH KUMAR,CSE,CSE3,C2,GK23,R504B,2300039077,P,P,P,P,P,P,P,P
82,SENAPATHI PRAVEEN,CSE,CSE3,C2,GK23,R504B,2300039100,P,P,P,P,P,P,P,P
83,GAJULA KARTHIKEYA,CSE,CSE3,C2,GK23,R504B,2300039136,P,P,P,P,P,P,P,P
84,SANDEEP NADELLA,CSE,CSE3,C2,GK23,R504B,2300031336,P,P,P,P,P,P,P,P
85,NEELAMKESAVA,CSE,CSE3,C2,GK23,R504B,2300032972,P,P,P,P,A,A,A,A
86,KARASANI GANESH SAI KIRAN REDDY,CSE,CSE3,C2,GK23,R504B,2300031156,P,P,P,P,A,A,P,P
87,RACHAGUNDLA SUBRAMANYA HEMANTH,CSE,CSE3,C2,GK23,R504B,2300031795,P,P,P,P,P,P,P,P
88,SRIMEGHANA,CSE,CSE3,C2,GK23,R504B,2300032410,P,P,P,P,P,P,P,P
89,PENDURTHI HEMENDRA BRAHMAJI,CSE,CSE3,C2,GK23,R504B,2300033779,P,P,P,P,A,A,P,P
90,SAI KRISHNA BANDI,CSE,CSE3,C2,GK23,R504B,2300030069,P,P,P,P,P,P,P,P
91,AMAAN SHAIK,CSE,CSE3,C2,GK23,R504B,2300030618,P,P,P,P,P,P,P,P
92,GAGAN SRI CHANDRA VARMA,CSE,CSE3,C2,GK23,R504B,2300031188,P,P,P,P,P,P,P,P
93,NALLAM SAI PRIYANKA,CSE,CSE3,C2,GK23,R504B,2300031819,P,P,P,P,P,P,P,P
94,DUVVURU SAI HARSHITHA,CSE,CSE3,C2,GK23,R504B,2300032480,P,P,P,P,P,P,P,P
95,VENKATA MADHURIMA SAKAMURI,CSE,CSE3,C2,GK23,R504B,2300032562,P,P,P,P,P,P,P,P
96,NIMMALA SIDDU SATWIK,CSE,CSE3,C2,GK23,R504B,2300033291,P,P,P,P,P,P,P,P
1,ALAVALA VEDA SAMHITHA,CSE,CSE2,C1,CGN11,R505A,2300030027,P,P,P,P,P,P,P,P
2,ANNAMNENI GOWTHAM,CSE,CSE2,C1,CGN11,R505A,2300030039,P,P,P,P,P,P,P,P
3,ARUMALLA JAHNAVI,CSE,CSE2,C1,CGN11,R505A,2300030046,P,P,P,P,P,P,P,P
4,CHINNARI LASYA,CSE,CSE2,C1,CGN11,R505A,2300030138,P,P,P,P,P,P,P,P
5,KAVYA SRI DASETTY,CSE,CSE2,C1,CGN11,R505A,2300030159,P,P,P,P,P,P,P,P
6,DUDDUKURU SANHITHA,CSE,CSE2,C1,CGN11,R505A,2300030173,P,P,P,P,P,P,P,P
7,GOLU KUMAR,CSE,CSE2,C1,CGN11,R505A,2300030215,P,P,P,P,P,P,P,P
8,GORIJAVOLU MANOGNA,CSE,CSE2,C1,CGN11,R505A,2300030220,P,P,P,P,P,P,P,P
9,GUDE.BHUVANA,CSE,CSE2,C1,CGN11,R505A,2300030227,P,P,P,P,P,P,P,P
10,JANAGAM NAGA PARDHIV,CSE,CSE2,C1,CGN11,R505A,2300030267,P,P,P,P,P,P,P,P
11,KOPPARTHI HEMAVARDHAN,CSE,CSE2,C1,CGN11,R505A,2300030348,P,P,P,P,P,P,P,P
12,KOTHA SRIRAM PRASAD,CSE,CSE2,C1,CGN11,R505A,2300030356,P,P,P,P,P,P,P,P
13,KOTNI PRADIPTI,CSE,CSE2,C1,CGN11,R505A,2300030361,A,A,A,A,P,P,P,P
14,KURASALA SASI VARDHAN NARASIMHA MURTHY,CSE,CSE2,C1,CGN11,R505A,2300030374,P,P,P,P,P,P,P,P
15,MEKALA AKHIL,CSE,CSE2,C1,CGN11,R505A,2300030422,P,P,P,P,P,P,A,A
16,MICHANAGATLA VISHNU,CSE,CSE2,C1,CGN11,R505A,2300030425,P,P,P,P,P,P,P,P
17,NALLA BHAVITHA,CSE,CSE2,C1,CGN11,R505A,2300030469,P,P,P,P,P,P,A,A
18,JOSHIRAM PANCHIREDDI,CSE,CSE2,C1,CGN11,R505A,2300030507,P,P,P,P,P,P,P,P
19,RAMAKRISHNA PAREPALLI,CSE,CSE2,C1,CGN11,R505A,2300030512,P,P,P,P,P,P,P,P
20,PEDDAKOTLA PRUDHVI,CSE,CSE2,C1,CGN11,R505A,2300030521,P,P,P,P,P,P,P,P
21,BHARGAVI REDDAM,CSE,CSE2,C1,CGN11,R505A,2300030568,P,P,P,P,P,P,P,P
22,SHAIK ABBAS,CSE,CSE2,C1,CGN11,R505A,2300030610,P,P,P,P,P,P,A,A
23,TAMMINA ROHIT KUMAR,CSE,CSE2,C1,CGN11,R505A,2300030667,A,A,A,A,A,A,A,A
24,NALLI ROSHAN,CSE,CSE2,C1,CGN11,R505A,2300030773,P,P,P,P,P,P,P,P
25,GUNJI SOWMYA,CSE,CSE2,C1,CGN11,R505A,2300030775,P,P,P,P,P,P,P,P
26,JANNU SAI RAM,CSE,CSE2,C1,CGN11,R505A,2300030777,P,P,P,P,P,P,P,P
27,MALLADI SANJAY,CSE,CSE2,C1,CGN11,R505A,2300030787,P,P,P,P,P,P,P,P
28,AKSHITHA KARANAM,CSE,CSE2,C1,CGN11,R505A,2300030807,P,P,P,P,P,P,P,P
29,SEELAM DEDEEPYA,CSE,CSE2,C1,CGN11,R505A,2300030813,P,P,P,P,P,P,P,P
30,NALLANI LOKAKALYAN,CSE,CSE2,C1,CGN11,R505A,2300030853,P,P,P,P,P,P,P,P
31,EEDHA KOWSHIK REDDY,CSE,CSE2,C1,CGN11,R505A,2300030862,P,P,P,P,P,P,P,P
32,POLEPALLIPRAMODINI,CSE,CSE2,C1,CGN11,R505A,2300030871,P,P,P,P,P,P,P,P
33,GOGULA NAGA MAHESWAR REDDY,CSE,CSE2,C1,CGN11,R505A,2300030990,P,P,P,P,P,P,P,P
34,BOMMIDI VENKATA SAI AMARNADH,CSE,CSE2,C1,CGN11,R505A,2300031107,P,P,P,P,P,P,P,P
35,ARIKATLA GEETHA TEJASWINI REDDY,CSE,CSE2,C1,CGN11,R505A,2300031170,P,P,P,P,P,P,P,P
36,K SRI GEETHAMRUTHA VARSHINI,CSE,CSE2,C1,CGN11,R505A,2300031172,P,P,P,P,P,P,P,P
37,KONAGALLAA VEERA NAGA SATYANARAYANA,CSE,CSE2,C1,CGN11,R505A,2300031203,A,A,A,A,P,P,A,A
38,NARDHALA SRIHASA,CSE,CSE2,C1,CGN11,R505A,2300031351,P,P,P,P,P,P,P,P
39,BHUDETI D V V SIVARAMPRASAD,CSE,CSE2,C1,CGN11,R505A,2300031408,P,P,P,P,P,P,P,P
40,MADDINENI SAI VENKATA SIVA KRISHNA,CSE,CSE2,C1,CGN11,R505A,2300031531,P,P,P,P,P,P,P,P
41,MOTAKATLA SASHANK REDDY,CSE,CSE2,C1,CGN11,R505A,2300031661,P,P,P,P,P,P,P,P
42,DHARMALA BHARGAV REDDY,CSE,CSE2,C1,CGN11,R505A,2300031767,P,P,P,P,P,P,P,P
43,NANDINILAKSHMI,CSE,CSE2,C1,CGN11,R505A,2300031777,P,P,P,P,P,P,P,P
44,GANIKAPUDI DEEVEN KUMAR,CSE,CSE2,C1,CGN11,R505A,2300031792,P,P,P,P,P,P,P,P
45,CHILAKA NAGA VAISHNAVI,CSE,CSE2,C1,CGN11,R505A,2300031804,P,P,P,P,P,P,P,P
46,CHOPPERLA KAILASH SATYA SAI,CSE,CSE2,C1,CGN11,R505A,2300031814,A,A,A,A,P,P,A,A
47,GUDURU VEENA RAGHAVI,CSE,CSE2,C1,CGN11,R505A,2300031932,P,P,P,P,P,P,P,P
48,SRI NITHYA,CSE,CSE2,C1,CGN11,R505A,2300032000,P,P,P,P,P,P,P,P
49,NARAMANENI RISHITHA,CSE,CSE2,C1,CGN11,R505A,2300032052,P,P,P,P,P,P,P,P
50,VEERESH JADAVA,CSE,CSE2,C1,CGN11,R505A,2300032078,P,P,P,P,P,P,P,P
51,DONTHIREDDY PHANINDRA REDDY,CSE,CSE2,C1,CGN11,R505A,2300032080,P,P,P,P,P,P,P,P
52,KOTAMRAJU LAKSHMI NAGA HIMA MADHURI,CSE,CSE2,C1,CGN11,R505A,2300032134,P,P,P,P,A,A,A,A
53,SHAIK HUSSAIN VALI,CSE,CSE2,C1,CGN11,R505A,2300032145,P,P,P,P,P,P,P,P
54,BANDI ROHITH MANI TEJA,CSE,CSE2,C1,CGN11,R505A,2300032152,P,P,P,P,P,P,P,P
55,ANJU SRI SYAMALA,CSE,CSE2,C1,CGN11,R505A,2300032212,P,P,P,P,P,P,P,P
56,DATLA KAUSHIK VARMA,CSE,CSE2,C1,CGN11,R505A,2300032232,P,P,P,P,P,P,P,P
57,VULLIGADDALA GOWTHAM,CSE,CSE2,C1,CGN11,R505A,2300032235,P,P,P,P,P,P,P,P
58,YENUGU SRINIVAS THARUN,CSE,CSE2,C1,CGN11,R505A,2300032258,P,P,P,P,P,P,P,P
59,YOGENDRA NADH AREPALLI,CSE,CSE2,C1,CGN11,R505A,2300032284,P,P,P,P,P,P,P,P
60,THUGUTLA RADHIKA,CSE,CSE2,C1,CGN11,R505A,2300032297,P,P,P,P,P,P,P,P
61,BANDLAMUDI GANESH BABU,CSE,CSE2,C1,CGN11,R505A,2300032316,P,P,P,P,P,P,P,P
62,PAVANI.G,CSE,CSE2,C1,CGN11,R505A,2300032383,P,P,P,P,P,P,P,P
63,JEEVAN SAI KUMAR.BOTLA,CSE,CSE2,C1,CGN11,R505A,2300032393,P,P,P,P,P,P,P,P
64,RAVILLA HARINISRI,CSE,CSE2,C1,CGN11,R505A,2300032430,P,P,P,P,A,A,A,A
65,ANISHITHA GARAGA,CSE,CSE2,C1,CGN11,R505A,2300032606,A,A,A,A,A,A,A,A
66,BADIGA AASHRITHA,CSE,CSE2,C1,CGN11,R505A,2300032615,P,P,P,P,P,P,P,P
67,PALLE VENKATA SRINIVASA REDDY,CSE,CSE2,C1,CGN11,R505A,2300032622,P,P,P,P,P,P,P,P
68,RISHITHA VELLANKI,CSE,CSE2,C1,CGN11,R505A,2300032639,P,P,P,P,P,P,P,P
69,SANIYA PATRI,CSE,CSE2,C1,CGN11,R505A,2300032657,P,P,P,P,P,P,P,P
70,ARJA MANISH,CSE,CSE2,C1,CGN11,R505A,2300032668,P,P,P,P,P,P,P,P
71,P SATYA SRI CHAITANYA,CSE,CSE2,C1,CGN11,R505A,2300032798,P,P,P,P,P,P,P,P
72,RAVI KRISHNA REDDY KARRI,CSE,CSE2,C1,CGN11,R505A,2300032817,P,P,P,P,P,P,P,P
73,SAI HARSHITHA PUVVADA,CSE,CSE2,C1,CGN11,R505A,2300032838,P,P,P,P,A,A,A,A
74,MULE SAI SATVIK REDDY,CSE,CSE2,C1,CGN11,R505A,2300032844,P,P,P,P,P,P,P,P
75,CHALLAPALLI LAHARI,CSE,CSE2,C1,CGN11,R505A,2300032900,P,P,P,P,P,P,P,P
76,LAKKONDA LEELASRI,CSE,CSE2,C1,CGN11,R505A,2300032914,P,P,P,P,P,P,P,P
77,KAKUMANU VENKATA LAKSHMI SIVA BALA NAGA SAI,CSE,CSE2,C1,CGN11,R505A,2300032999,P,P,P,P,P,P,P,P
78,KOLISETTY LOKENDRA VAMSI SUJITH GUPTHA,CSE,CSE2,C1,CGN11,R505A,2300033005,P,P,P,P,P,P,P,P
79,THUPAKULA BHARGAVA SAI KRISHNA,CSE,CSE2,C1,CGN11,R505A,2300033034,A,A,A,A,A,A,A,A
80,SRI HIMA VARSHA DAYANA,CSE,CSE2,C1,CGN11,R505A,2300033187,P,P,P,P,P,P,P,P
81,MICHANAGATLAJASWANTH,CSE,CSE2,C1,CGN11,R505A,2300033197,P,P,P,P,P,P,P,P
82,G.GEETHANJALI,CSE,CSE2,C1,CGN11,R505A,2300033270,P,P,P,P,P,P,P,P
83,GADDAMADUGU SUJITH,CSE,CSE2,C1,CGN11,R505A,2300033318,A,A,A,A,A,A,A,A
84,GARREPELLY DHRUVA,CSE,CSE2,C1,CGN11,R505A,2300033356,P,P,P,P,P,P,P,P
85,RAVILLA NITHYA SRI,CSE,CSE2,C1,CGN11,R505A,2300033368,P,P,P,P,P,P,P,P
86,VADLAMUDI SHALINI,CSE,CSE2,C1,CGN11,R505A,2300033384,P,P,P,P,P,P,P,P
87,PALLAVI PINNINTI,CSE,CSE2,C1,CGN11,R505A,2300033405,P,P,P,P,P,P,P,P
88,NAREDLA PALLAVI,CSE,CSE2,C1,CGN11,R505A,2300033430,P,P,P,P,P,P,P,P
89,PRAVALLIKA GUBBA,CSE,CSE2,C1,CGN11,R505A,2300033432,P,P,P,P,P,P,P,P
90,CHETAN KALAGARLA,CSE,CSE2,C1,CGN11,R505A,2300033450,P,P,P,P,P,P,P,P
91,BUDIGI DHEERAJ,CSE,CSE2,C1,CGN11,R505A,2300033467,P,P,P,P,P,P,P,P
92,HARINI BOPPUDI,CSE,CSE2,C1,CGN11,R505A,2300033486,P,P,P,P,P,P,P,P
93,SHAIK SAJID,CSE,CSE2,C1,CGN11,R505A,2300033564,P,P,P,P,P,P,P,P
94,P THARUN,CSE,CSE2,C1,CGN11,R505A,2300033575,P,P,P,P,P,P,P,P
95,SARWASIDDI KARTHIKEYA,CSE,CSE2,C1,CGN11,R505A,2300033579,A,A,A,A,A,A,A,A
96,TAMMINANA PRANEETH,CSE,CSE2,C1,CGN11,R505A,2300033661,P,P,P,P,P,P,P,P
97,MAPATI LALIT KRISHNA,CSE,CSE2,C1,CGN11,R505A,2300033683,P,P,P,P,P,P,P,P
98,KADAPA ABHISHEK REDDY,CSE,CSE2,C1,CGN11,R505A,2300033766,P,P,P,P,P,P,P,P
99,SHAIK JALAL BABU SOHEL,CSE,CSE2,C1,CGN11,R505A,2300033768,P,P,P,P,P,P,P,P
100,G DINDESWARA SEETARAMA SAI,CSE,CSE2,C1,CGN11,R505A,2300033895,P,P,P,P,P,P,P,P
101,KURMA KRISHNA KISHORE,CSE,CSE2,C1,CGN11,R505A,2300032412,P,P,P,P,A,A,A,A
102,ALAPATI VIKAS,CSE,CSE2,C1,CGN11,R505A,2300033507,P,P,P,P,P,P,P,P
103,ANAMALA TEJESH,CSE,CSE2,C1,CGN11,R505A,2300030031,P,P,P,P,P,P,P,P
104,CHANDU CHALLA,CSE,CSE2,C1,CGN11,R505A,2300031597,P,P,P,P,P,P,P,P
105,MUGADA SANJAY KUMAR,CSE,CSE2,C1,CGN11,R505A,2300033626,P,P,P,P,P,P,P,P
106,PATCHAMATLA DURGA NAGA VENKAT ASWITH VARMA,CSE,CSE2,C1,CGN11,R505A,2300031783,P,P,P,P,P,P,P,P
107,V LOKESH REDDY,CSE,CSE2,C1,CGN11,R505A,2300032958,P,P,P,P,P,P,P,P
108,DAMPURU SREE POOJA,CSE,CSE2,C1,CGN11,R505A,2300033353,A,A,A,A,P,P,A,A
1,BODDU HARSHA VARDHAN,CSE,HTE,C1,GK11,R505B,2300030086,A,A,A,A,A,A,A,A
2,CHARANYA GADE,CSE,HTR,C1,GK11,R505B,2300030188,P,P,P,P,P,P,P,P
3,ANANTHA GOWTHAM GUNDE,CSE,HTE,C1,GK11,R505B,2300030236,A,A,A,A,A,A,A,A
4,NITHYA SRI INDURU,CSE,HTE,C1,GK11,R505B,2300030254,P,P,P,P,P,P,A,A
5,KALYANAM NARENDRA,CSE,HTE,C1,GK11,R505B,2300030292,P,P,P,P,P,P,P,P
6,LADE DHATRINATH,CSE,HTE,C1,GK11,R505B,2300030375,A,A,A,A,A,A,A,A
7,MAJJIGA VENKATA ASHIKA REDDY,CSE,HTE,C1,GK11,R505B,2300030398,P,P,P,P,P,P,P,P
8,MALLAREDDI BALA KRISHNA,CSE,HTE,C1,GK11,R505B,2300030399,P,P,A,A,P,P,P,P
9,THULASI REDDY MANCHURI,CSE,HTE,C1,GK11,R505B,2300030402,P,P,P,P,P,P,P,P
10,MARELLA SOMA SEKHAR,CSE,HTE,C1,GK11,R505B,2300030411,P,P,P,P,A,A,A,A
11,MOKA HEMANTH KUMAR,CSE,HTE,C1,GK11,R505B,2300030439,P,P,P,P,P,P,A,A
12,NARLA ARAVIND,CSE,HTE,C1,GK11,R505B,2300030478,P,P,P,P,P,P,P,P
13,PONDURU KOMALI,CSE,HTR,C1,GK11,R505B,2300030544,P,P,P,P,P,P,P,P
15,SHAIK AFREEN,CSE,HTE,C1,GK11,R505B,2300030613,P,P,P,P,P,P,P,P
16,RESHITHATALLURI,CSE,HTR,C1,GK11,R505B,2300030666,P,P,P,P,P,P,P,P
17,THALLURI JASWANTH,CSE,HTE,C1,GK11,R505B,2300030674,P,P,P,P,P,P,P,P
18,UZMA NAZIA,CSE,HTE,C1,GK11,R505B,2300030694,P,P,P,P,P,P,P,P
19,VEERARAPU SRI POOJITHA,CSE,HTI,C1,GK11,R505B,2300030717,P,P,A,A,A,A,A,A
20,VIROTHI POORNA CHANDRA,CSE,HTE,C1,GK11,R505B,2300030733,A,A,A,A,A,A,A,A
21,KUSURI KARTHIK,CSE,HTR,C1,GK11,R505B,2300030799,P,P,P,P,P,P,P,P
22,MEDA LOHITH PAVAN KUMAR,CSE,HTE,C1,GK11,R505B,2300030921,P,P,P,P,P,P,P,P
23,BANNUR HARSHAVARDHAN REDDY,CSE,HTI,C1,GK11,R505B,2300031024,P,P,P,P,A,A,A,A
24,SOMISETTY TIRUMALA VINAY KUMAR,CSE,HTE,C1,GK11,R505B,2300031124,P,P,P,P,P,P,P,P
25,GOKAVARAPU SRI MANI SAI ABHINAV,CSE,HTE,C1,GK11,R505B,2300031133,P,P,P,P,P,P,P,P
26,N. MOHITH KUMAR,CSE,HTE,C1,GK11,R505B,2300031357,P,P,P,P,P,P,P,P
27,BUSHA KOUSHIK REDDY,CSE,HTI,C1,GK11,R505B,2300031368,P,P,P,P,P,P,P,P
28,ESLAVATH VINEETH NAIK,CSE,HTE,C1,GK11,R505B,2300031417,P,P,P,P,P,P,P,P
29,PACHARU LAKSHMI KANTH,CSE,HTR,C1,GK11,R505B,2300031442,P,P,P,P,P,P,P,P
30,JAYANITH BATHULA,CSE,HTE,C1,GK11,R505B,2300031535,P,P,P,P,P,P,P,P
31,JIMMALA SIDHARTHA REDDY,CSE,HTR,C1,GK11,R505B,2300031546,P,P,P,P,P,P,P,P
32,BYSANISANDEEPKUMAR,CSE,HTE,C1,GK11,R505B,2300031548,P,P,P,P,P,P,P,P
33,ANIL AMBATI,CSE,HTE,C1,GK11,R505B,2300031781,P,P,P,P,P,P,P,P
34,TEJA ILLA,CSE,HTE,C1,GK11,R505B,2300031868,P,P,P,P,P,P,P,P
35,TATA SIDDHARTH,CSE,HTR,C1,GK11,R505B,2300031877,P,P,P,P,P,P,P,P
36,ALIMILLA ABHINANDAN,CSE,HTE,C1,GK11,R505B,2300031943,P,P,P,P,P,P,P,P
37,GUNTAKA SOWMYASRI,CSE,HTE,C1,GK11,R505B,2300032019,P,P,P,P,A,A,P,P
38,A C SASMITA,CSE,HTE,C1,GK11,R505B,2300032029,P,P,P,P,P,P,P,P
39,VEMPATI BALA RUPANJALI,CSE,HTI,C1,GK11,R505B,2300032185,P,P,P,P,P,P,P,P
40,SAM CHERIAN MATHEW,CSE,HTE,C1,GK11,R505B,2300032271,P,P,P,P,P,P,P,P
41,KANDRA VENKATESH,CSE,HTE,C1,GK11,R505B,2300032324,P,P,P,P,P,P,P,P
42,KARTHIKEYA VELIVELA,CSE,HTE,C1,GK11,R505B,2300032330,P,P,P,P,P,P,P,P
43,DEVAPRIYA RAM CHARAN SAI,CSE,HTE,C1,GK11,R505B,2300032364,P,P,P,P,P,P,P,P
44,UDAY RAHUL,CSE,HTE,C1,GK11,R505B,2300032388,P,P,P,P,P,P,P,P
45,BEESU CHARAN SAI,CSE,HTE,C1,GK11,R505B,2300032454,P,P,P,P,P,P,P,P
46,SREEKAR SREEPADA,CSE,HTR,C1,GK11,R505B,2300032481,P,P,P,P,P,P,P,P
47,SAI LAKSHMI BATTA,CSE,HTR,C1,GK11,R505B,2300032555,P,P,P,P,P,P,P,P
48,BHARGAV SAI DHIRAVATHU,CSE,HTE,C1,GK11,R505B,2300032558,P,P,P,P,P,P,P,P
49,NANDAMURI NUTANA,CSE,HTE,C1,GK11,R505B,2300032708,P,P,P,P,P,P,P,P
50,KATIKINENI THANVEER RAYANAM,CSE,HTR,C1,GK11,R505B,2300032789,A,A,A,A,A,A,A,A
51,NEHA SRUSTI SREE,CSE,HTE,C1,GK11,R505B,2300032816,A,A,A,A,A,A,A,A
52,INDUPALLI SIVA RAGHAVA,CSE,HTI,C1,GK11,R505B,2300032843,P,P,P,P,P,P,P,P
53,TALARIMANOHAR,CSE,HTI,C1,GK11,R505B,2300032955,P,P,P,P,P,P,P,P
54,DIVI YASWANTHI,CSE,HTE,C1,GK11,R505B,2300032962,P,P,P,P,P,P,P,P
55,KOPPISETTI HARSHA,CSE,HTE,C1,GK11,R505B,2300033026,P,P,P,P,P,P,P,P
56,ANNAPUREDDY RUSHINDER REDDY,CSE,HTE,C1,GK11,R505B,2300033078,P,P,P,P,P,P,P,P
57,MANJUNADH PRANAVSAI,CSE,HTE,C1,GK11,R505B,2300033112,P,P,P,P,P,P,A,A
58,MAHANTI SHYAM KUMAR,CSE,HTE,C1,GK11,R505B,2300033304,P,P,P,P,P,P,P,P
59,GANGAVARAPU BHARGAV,CSE,HTE,C1,GK11,R505B,2300033319,P,P,P,P,P,P,P,P
60,MATAM LEELADHAR,CSE,HTI,C1,GK11,R505B,2300033325,P,P,P,P,P,P,A,A
61,TAMMINENI VINEESHA,CSE,HTR,C1,GK11,R505B,2300033329,A,A,A,A,A,A,A,A
62,MUPPA BHARGAVA RAM,CSE,HTE,C1,GK11,R505B,2300033362,P,P,P,P,P,P,P,P
63,PALASA SAI ABHINAV,CSE,HTE,C1,GK11,R505B,2300033365,P,P,P,P,P,P,P,P
64,HARINI MEDIKONDURU,CSE,HTI,C1,GK11,R505B,2300033374,P,P,P,P,P,P,P,P
65,OHEMAANUSHA,CSE,HTR,C1,GK11,R505B,2300033402,P,P,P,P,P,P,P,P
66,BEZAWADA AMRUTHA,CSE,HTI,C1,GK11,R505B,2300033446,P,P,P,P,P,P,P,P
67,PRIYANKA KUMARI,CSE,HTI,C1,GK11,R505B,2300033474,P,P,P,P,A,A,A,A
68,VARUN SHARMA,CSE,HTE,C1,GK11,R505B,2300033535,P,P,P,P,P,P,P,P
69,PAVAN V,CSE,HTE,C1,GK11,R505B,2300033576,P,P,P,P,P,P,P,P
70,PALISETTI UDAY SHANKAR,CSE,HTE,C1,GK11,R505B,2300033639,P,P,P,P,P,P,P,P
71,ASUPALLE BHUVANA CHNADRA REDDY,CSE,HTR,C1,GK11,R505B,2300033774,P,P,P,P,P,P,P,P
72,MALLIDI VENKATA MANOJ REDDY,CSE,HTE,C1,GK11,R505B,2300033780,P,P,P,P,P,P,P,P
73,JAHNAVI NUSUM,CSE,HTR,C1,GK11,R505B,2300033809,P,P,P,P,P,P,P,P
74,DOSAPALLI KALYAN,CSE,HTE,C1,GK11,R505B,2300033906,P,P,P,P,P,P,P,P
75,SRUTHI SAHASRA,ECE,HTE,C1,GK11,R505B,2300040029,P,P,P,P,P,P,P,P
76,BATHALA TEJA,ECE,HTE,C1,GK11,R505B,2300040087,A,A,A,A,A,A,A,A
77,K ANUSHA,ECE,HTR,C1,GK11,R505B,2300040091,P,P,P,P,P,P,P,P
78,PULI GEETHIKA,ECE,HTE,C1,GK11,R505B,2300040132,P,P,P,P,P,P,P,P
79,SANIKOMMU MANASA,ECE,HTI,C1,GK11,R505B,2300040140,P,P,P,P,P,P,P,P
80,D KAVYA,ECE,HTR,C1,GK11,R505B,2300040236,A,A,A,A,A,A,A,A
81,KATIKI BABY NAGA SAI JASMITHA,ECE,HTE,C1,GK11,R505B,2300040239,P,P,P,P,P,P,P,P
82,VAMSI KARUMANCHI,ECE,HTI,C1,GK11,R505B,2300040242,P,P,P,P,P,P,A,A
83,MULLANGI POOJITH RAHUL,ECE,HTE,C1,GK11,R505B,2300040276,P,P,P,P,P,P,P,P
84,PABBATHI JUHI HIMA VARSHA,ECE,HTI,C1,GK11,R505B,2300040331,P,P,P,P,P,P,P,P
85,RAYUDU ABHISHEK,ECE,HTE,C1,GK11,R505B,2300040374,P,P,P,P,P,P,P,P
86,GUNTAKA AMRUTHA,ECE,HTI,C1,GK11,R505B,2300040375,P,P,P,P,P,P,P,P
87,C HARTHIK,AIDS,HTE,C1,GK11,R505B,2300080208,P,P,P,P,P,P,A,A
88,KUNAMNENI EEKSHITHA,AIDS,HTR,C1,GK11,R505B,2300080255,P,P,P,P,P,P,P,P
89,SALIPELA BHAVYANJALI,AIDS,HTR,C1,GK11,R505B,2300080361,P,P,P,P,P,P,P,P
90,SAI TEJA BASAVA,CSIT,HTE,C1,GK11,R505B,2300090005,P,P,P,P,P,P,P,P
91,JAGINI PRANEETHA,CSIT,HTI,C1,GK11,R505B,2300090144,P,P,P,P,P,P,P,P
92,RENDLA PAVITHRA,CSIT,HTE,C1,GK11,R505B,2300090355,P,P,A,A,P,P,P,P
93,KANUGONDA KEDHARNATH REDDY,CSIT,HTE,C1,GK11,R505B,2300090396,P,P,P,P,P,P,P,P
94,VALLAPANENI VENKATA PRAVEEN,CSE,HTE,C1,GK11,R505B,2300031074,P,P,A,A,A,A,P,P
95,BILLA BALA SATYA PHANEENDRA,ECE,HTE,C1,GK11,R505B,2300040402,P,P,P,P,P,P,P,P
1,AMIRNENI NEEHARIKA,CSE,CSE1,C1,RS11,R506A,2300030030,P,P,P,P,P,P,P,P
2,ANKATHA SIDDARTHA,CSE,CSE2,C1,RS11,R506A,2300030035,P,P,P,P,P,P,P,P
3,CHATRATHI ABHIRAM,CSE,CSE1,C1,RS11,R506A,2300030120,P,P,P,P,P,P,P,P
4,RUSHITHA CHEKURI,CSE,CSE2,C1,RS11,R506A,2300030125,P,P,P,P,P,P,P,P
5,DUMPA TRIVENI,CSE,CSE1,C1,RS11,R506A,2300030176,P,P,P,P,P,P,P,P
6,GADDE CAVIN SAM PATRICK,CSE,CSE2,C1,RS11,R506A,2300030187,P,P,P,P,P,P,P,P
7,GUDURU HEMA HARSHITHA,CSE,CSE1,C1,RS11,R506A,2300030231,P,P,P,P,P,P,P,P
8,HARITHA VELAGAPUDI,CSE,CSE2,C1,RS11,R506A,2300030248,P,P,P,P,P,P,P,P
9,VISHNU VAMSI JANNU,CSE,CSE2,C1,RS11,R506A,2300030270,P,P,P,P,P,P,P,P
10,K BHANU KAMAL,CSE,CSE2,C1,RS11,R506A,2300030287,P,P,P,P,P,P,P,P
11,KODAVATI ROHITH,CSE,CSE2,C1,RS11,R506A,2300030327,P,P,P,P,P,P,P,P
12,KOLLI RISHITHA,CSE,CSE1,C1,RS11,R506A,2300030332,P,P,P,P,P,P,P,P
13,MUDRABOINA SANTHOSH KUMAR,CSE,CSE2,C1,RS11,R506A,2300030387,P,P,P,P,P,P,P,P
14,MORUSU JYOSHNA,CSE,CSE1,C1,RS11,R506A,2300030443,P,P,P,P,P,P,P,P
15,NAKKA TRILOKESH,CSE,CSE2,C1,RS11,R506A,2300030466,P,P,P,P,P,P,P,P
16,NARAMANENI SPOORTHY,CSE,CSE1,C1,RS11,R506A,2300030477,P,P,P,P,P,P,P,P
17,P. LAKSHMI PRASANNA,CSE,CSE1,C1,RS11,R506A,2300030488,P,P,P,P,P,P,P,P
18,PAPOLU BHANU HARSHINI,CSE,CSE2,C1,RS11,R506A,2300030510,P,P,P,P,P,P,P,P
19,SADDALA SAI DEEPIKA,CSE,CSE1,C1,RS11,R506A,2300030592,P,P,P,P,P,P,P,P
20,SHAIK ABDUL AZEEZ,CSE,CSE2,C1,RS11,R506A,2300030611,P,P,P,P,A,A,A,A
21,SINGIRIKONDA SAI MAHIMA,CSE,CSE1,C1,RS11,R506A,2300030641,A,A,A,A,A,A,A,A
22,NISHITHA SIRAPU,CSE,CSE1,C1,RS11,R506A,2300030642,P,P,P,P,P,P,P,P
23,THOTA JAI SAI SANKAR,CSE,CSE2,C1,RS11,R506A,2300030677,A,A,A,A,A,A,A,A
24,VADDAMANI PALLAVI,CSE,CSE1,C1,RS11,R506A,2300030696,P,P,P,P,P,P,P,P
25,RUTWEEK BHAGWAN VAIDYA,CSE,CSE1,C1,RS11,R506A,2300030699,P,P,P,P,P,P,P,P
26,KALLI RANJIT,CSE,CSE2,C1,RS11,R506A,2300030772,P,P,P,P,P,P,P,P
27,JAKKULA VAMSI,CSE,CSE1,C1,RS11,R506A,2300030776,P,P,A,A,A,A,A,A
28,MOHAMMAD MUSHTHAQUDDIN,CSE,CSE1,C1,RS11,R506A,2300030908,P,P,P,P,P,P,P,P
29,VINNAKOTA SAI SHANMUKH,CSE,CSE1,C1,RS11,R506A,2300030914,P,P,P,P,P,P,P,P
30,PESHIMAM ASHAR MOHAMMED,CSE,CSE1,C1,RS11,R506A,2300030935,P,P,P,P,P,P,P,P
31,ISRATH YASIN AHAMAD SHAIK,CSE,CSE2,C1,RS11,R506A,2300030973,P,P,P,P,P,P,P,P
32,VARIKUTI LAKSHMI SATYA SRI,CSE,CSE2,C1,RS11,R506A,2300031053,P,P,P,P,P,P,P,P
33,YAKKANTI SAI HAVINASH REDDY,CSE,CSE2,C1,RS11,R506A,2300031076,P,P,P,P,P,P,P,P
34,RAJULA KUNDAN SAI KALYAN REDDY,CSE,CSE2,C1,RS11,R506A,2300031122,P,P,P,P,P,P,P,P
35,VAYUGUNDLA VENKATA SIVA AASRITH,CSE,CSE1,C1,RS11,R506A,2300031167,P,P,P,P,P,P,P,P
36,CHINTHALAPUDI PHANI KRISHNA VISHAL,CSE,CSE1,C1,RS11,R506A,2300031183,P,P,P,P,P,P,P,P
37,PATHAPATI SUBBU KAMAKSHI JYOTHSNA,CSE,CSE1,C1,RS11,R506A,2300031190,P,P,P,P,P,P,P,P
38,AJJUGUTTU SAI RAM REDDY,CSE,CSE2,C1,RS11,R506A,2300031252,P,P,P,P,P,P,P,P
39,PALACHARLA SIVA GANESH,CSE,CSE2,C1,RS11,R506A,2300031308,A,A,A,A,A,A,A,A
40,GOWRI LOHITH REDDY,CSE,CSE2,C1,RS11,R506A,2300031345,P,P,P,P,P,P,P,P
41,SHAIK ABDUL KHADAR ZILANI,CSE,CSE1,C1,RS11,R506A,2300031356,P,P,P,P,P,P,P,P
42,MADDINENI NAGA CHAITANYA KRISHNA,CSE,CSE2,C1,RS11,R506A,2300031371,P,P,P,P,P,P,P,P
43,NITHIN KUMAR KOPPISETTI,CSE,CSE2,C1,RS11,R506A,2300031401,P,P,P,P,P,P,P,P
44,KELAM SRI DIVYA HARSHITHA,CSE,CSE1,C1,RS11,R506A,2300031423,P,P,P,P,P,P,P,P
45,MANDADI RAJESH ROSHAN,CSE,CSE2,C1,RS11,R506A,2300031524,P,P,P,P,P,P,P,P
46,VADLAPATLA KRISHNA MOHAN,CSE,CSE2,C1,RS11,R506A,2300031540,A,A,A,A,A,A,A,A
47,MARGANI DHEERAJ NAGA SAI SUBHASH,CSE,CSE2,C1,RS11,R506A,2300031575,P,P,P,P,P,P,P,P
48,BALLA KODANDA VENKATA SURYATEJA,CSE,CSE1,C1,RS11,R506A,2300031579,P,P,P,P,P,P,P,P
49,SANTOSH DANDANGI,CSE,CSE2,C1,RS11,R506A,2300031694,P,P,P,P,P,P,P,P
50,TALLA SATYA KALYAN SRI TEJA,CSE,CSE1,C1,RS11,R506A,2300031765,P,P,P,P,P,P,P,P
51,VINJARAPU VENKATA SATYA SAI LALITH PRASAD,CSE,CSE1,C1,RS11,R506A,2300031817,P,P,P,P,P,P,P,P
52,VUDUMULA SATHWIKA REDDY,CSE,CSE2,C1,RS11,R506A,2300031912,P,P,P,P,P,P,P,P
53,NAGA SRI HARSHA,CSE,CSE2,C1,RS11,R506A,2300031935,P,P,P,P,P,P,P,P
54,KOULURI MITHIN,CSE,CSE2,C1,RS11,R506A,2300031977,P,P,P,P,P,P,A,A
55,MUDIGONDASUHAS,CSE,CSE2,C1,RS11,R506A,2300032038,P,P,P,P,P,P,P,P
56,YANNAM DURGA BHAVANI,CSE,CSE1,C1,RS11,R506A,2300032092,P,P,P,P,P,P,P,P
57,YARAMAREDDY VINUTHNA,CSE,CSE1,C1,RS11,R506A,2300032182,P,P,P,P,P,P,P,P
58,SAIMEGHANA,CSE,CSE2,C1,RS11,R506A,2300032218,P,P,P,P,P,P,P,P
59,MEKA CHANDU,CSE,CSE1,C1,RS11,R506A,2300032272,P,P,P,P,P,P,P,P
60,GUDEPU LAKSHMI RAJA RAM,CSE,CSE1,C1,RS11,R506A,2300032377,P,P,P,P,P,P,P,P
61,NAGARAJU LAKSHMI GAYATHRI,CSE,CSE2,C1,RS11,R506A,2300032400,P,P,P,P,P,P,P,P
62,VELPURI LAKSHMI KIRAN,CSE,CSE2,C1,RS11,R506A,2300032406,P,P,P,P,P,P,P,P
63,DASARI SIVA NAGA DILEEP KUMAR,CSE,CSE2,C1,RS11,R506A,2300032414,P,P,P,P,P,P,P,P
64,HASRITHA DEVALLA,CSE,CSE2,C1,RS11,R506A,2300032465,A,A,A,A,A,A,A,A
65,BURADA SATYA SATVIKA,CSE,CSE2,C1,RS11,R506A,2300032533,A,A,A,A,A,A,A,A
66,VIGNESH PULIPATI,CSE,CSE1,C1,RS11,R506A,2300032549,P,P,P,P,A,A,P,P
67,POTHAMSETTI VENKATA NAGA MANISHA,CSE,CSE2,C1,RS11,R506A,2300032585,P,P,P,P,P,P,P,P
68,ANUSHA CHALLAPALLI,CSE,CSE1,C1,RS11,R506A,2300032634,P,P,P,P,P,P,P,P
69,JANNU VISHNU PRIYANKA,CSE,CSE1,C1,RS11,R506A,2300032742,P,P,P,P,P,P,P,P
70,BIKKINA SRI VARSHINI,CSE,CSE2,C1,RS11,R506A,2300032750,P,P,P,P,P,P,P,P
71,GUJJULA JYOTHI SAI VENKATA VYSHNAVI,CSE,CSE1,C1,RS11,R506A,2300032768,P,P,P,P,P,P,P,P
72,SHAIK MOHAMMAD MUAAZ,CSE,CSE2,C1,RS11,R506A,2300032858,P,P,P,P,P,P,P,P
73,KADALI THANOJ KUMAR,CSE,CSE2,C1,RS11,R506A,2300032859,P,P,P,P,P,P,P,P
74,B.KESHAVA NAIDU,CSE,CSE2,C1,RS11,R506A,2300032899,P,P,P,P,P,P,P,P
75,VENGALA MOUNIKA,CSE,CSE1,C1,RS11,R506A,2300032943,P,P,P,P,P,P,P,P
76,NALI NANDINI,CSE,CSE2,C1,RS11,R506A,2300032967,P,P,P,P,P,P,P,P
77,SUSHMAPODILI,CSE,CSE2,C1,RS11,R506A,2300032968,P,P,P,P,P,P,P,P
78,SABBAVARAPU YESWANTH SIVA KUMAR,CSE,CSE1,C1,RS11,R506A,2300033027,P,P,P,P,P,P,P,P
79,BANDA BHAVYASRI LAKSHMI MAYUKHA,CSE,CSE2,C1,RS11,R506A,2300033029,P,P,P,P,P,P,P,P
80,CHAPPIDI LOWKHYA NANDINI REDDY,CSE,CSE2,C1,RS11,R506A,2300033036,P,P,P,P,P,P,P,P
81,K.CHAITANYA KUMAR REDDY,CSE,CSE2,C1,RS11,R506A,2300033066,P,P,P,P,P,P,P,P
82,MARAMSETTY SAI AISHWARYA,CSE,CSE1,C1,RS11,R506A,2300033118,P,P,P,P,P,P,P,P
83,SHAIK MANDURU NILOUFER,CSE,CSE1,C1,RS11,R506A,2300033216,P,P,P,P,A,A,A,A
84,CHINTHAGUNTA AASRITHA,CSE,CSE1,C1,RS11,R506A,2300033219,P,P,P,P,P,P,P,P
85,PAIDIMARRY VARUN SAI,CSE,CSE1,C1,RS11,R506A,2300033246,P,P,P,P,P,P,P,P
86,KOTHAGUNDLA HARSHITHA,CSE,CSE1,C1,RS11,R506A,2300033251,P,P,P,P,P,P,P,P
87,KAVYASREE PARASELLI,CSE,CSE1,C1,RS11,R506A,2300033337,P,P,P,P,P,P,P,P
88,MACHARAM PRANEETH,CSE,CSE1,C1,RS11,R506A,2300033361,P,P,P,P,P,P,P,P
89,MUPPALA YUVARAJU,CSE,CSE2,C1,RS11,R506A,2300033400,P,P,P,P,P,P,A,A
90,RAGHURAM ADDANKI,CSE,CSE2,C1,RS11,R506A,2300033413,P,P,P,P,P,P,P,P
91,ANE SAI SPOORTHY,CSE,CSE1,C1,RS11,R506A,2300033416,P,P,P,P,P,P,P,P
92,PALADUGU AAKASH,CSE,CSE2,C1,RS11,R506A,2300033462,P,P,P,P,P,P,P,P
93,CHANDU AKHIL,CSE,CSE2,C1,RS11,R506A,2300033509,P,P,P,P,P,P,P,P
94,SAKALA NEERAJ,CSE,CSE1,C1,RS11,R506A,2300033528,P,P,P,P,P,P,P,P
95,KOTLA GOPICHAND,CSE,CSE1,C1,RS11,R506A,2300033555,P,P,P,P,P,P,P,P
96,KOLLI JAYANTH ESWAR,CSE,CSE2,C1,RS11,R506A,2300033578,P,P,A,A,A,A,A,A
97,NANDYALA SAI SOWMYA,CSE,CSE1,C1,RS11,R506A,2300033675,P,P,P,P,P,P,P,P
98,JUPUDIGURUVARDHANACHARY,CSE,CSE2,C1,RS11,R506A,2300033691,P,P,P,P,P,P,P,P
99,BANDLAMUDI SARANYA,CSE,CSE2,C1,RS11,R506A,2300033888,P,P,P,P,P,P,P,P
100,GONNABATTULA VENKATA SAI SHASHANK,CSE,CSE1,C1,RS11,R506A,2300032429,P,P,P,P,P,P,P,P
1,ADUSUMALLI MANASVI,CSE,CSE2,C2,SI22,R506B,2300030001,P,P,P,P,P,P,P,P
2,ANKITH CHOWDARY,CSE,CSE2,C2,SI22,R506B,2300030038,P,P,P,P,P,P,P,P
3,ARYAN YALAVARTHI,CSE,HTE,C2,SI22,R506B,2300030049,P,P,P,P,P,P,P,P
4,DASARI HARI CHARAN,CSE,CSE1,C2,SI22,R506B,2300030157,P,P,P,P,P,P,P,P
5,DOLA AVINASH,CSE,HTE,C2,SI22,R506B,2300030169,P,P,P,P,P,P,P,P
6,DUGGEMPUDI THANUJ REDDY,CSE,HTE,C2,SI22,R506B,2300030174,P,P,P,P,P,P,P,P
7,JAVVAJI JYOTHI KEERTHANA,CSE,HTE,C2,SI22,R506B,2300030278,P,P,P,P,P,P,P,P
8,JEENEPALLY ADISESHU,CSE,HTE,C2,SI22,R506B,2300030279,P,P,P,P,P,P,P,P
9,KAKA MOULI BRAHMA,CSE,CSE1,C2,SI22,R506B,2300030284,P,P,P,P,P,P,P,P
10,KOTHAGUNDLA NOKESH,CSE,CSE2,C2,SI22,R506B,2300030357,P,P,P,P,P,P,P,P
11,MARADA MANIKANTA,CSE,HTE,C2,SI22,R506B,2300030407,P,P,P,P,P,P,P,P
12,MOHAMMED ABDUL REHMAN,CSE,CSE3,C2,SI22,R506B,2300030436,P,P,P,P,P,P,P,P
13,NEKKANTI SAI VIGHNESH,CSE,CSE2,C2,SI22,R506B,2300030455,P,P,P,P,P,P,P,P
14,POREDDY SIDDARTHA REDDY,CSE,CSE3,C2,SI22,R506B,2300030547,P,P,P,P,P,P,P,P
15,ADITYA REDDY,CSE,CSE2,C2,SI22,R506B,2300030551,P,P,P,P,P,P,P,P
16,SHAIK ABDULHAFEEZ,CSE,CSE2,C2,SI22,R506B,2300030612,P,P,P,P,P,P,P,P
17,SINGIREDDY VARUN REDDY,CSE,CSE2,C2,SI22,R506B,2300030640,P,P,P,P,P,P,P,P
18,VANGAVOLU SAI KEERTHI,CSE,CSE2,C2,SI22,R506B,2300030706,P,P,P,P,P,P,P,P
19,MUNI VENKATA ROHITH VEMA,CSE,HTE,C2,SI22,R506B,2300030722,P,P,P,P,P,P,P,P
20,YENUMULA MEGAN REDDY,CSE,CSE3,C2,SI22,R506B,2300030760,P,P,P,P,P,P,P,P
21,KUMMARI SHIVARAM,CSE,HTI,C2,SI22,R506B,2300030810,P,P,P,P,P,P,P,P
22,BODDHAPU HAREENDRA,CSE,HTR,C2,SI22,R506B,2300030857,P,P,P,P,P,P,P,P
23,VAMSI KRISHNA NAGUMOTU,CSE,CSE1,C2,SI22,R506B,2300030922,P,P,P,P,P,P,P,P
24,MONISHA LAKSHMI MADDI,CSE,CSE2,C2,SI22,R506B,2300030930,P,P,P,P,P,P,P,P
25,ANCHURI YOGA NARSI REDDY,CSE,CSE4,C2,SI22,R506B,2300030939,P,P,P,P,P,P,P,P
26,BOBBILI SIVA RAMA KRISHNA,CSE,CSE1,C2,SI22,R506B,2300030984,P,P,P,P,P,P,P,P
27,GUDIPATI LAYAVARDHAN REDDY,CSE,HTE,C2,SI22,R506B,2300031034,P,P,P,P,P,P,P,P
28,VENNAPUREDDY RISHITHA REDDY,CSE,HTE,C2,SI22,R506B,2300031055,P,P,P,P,P,P,P,P
29,ADDEPALLI NAGA SAI CHAITANYA,CSE,CSE1,C2,SI22,R506B,2300031057,P,P,P,P,P,P,P,P
30,CHITTAMURU VENKATA S YASWANTH KUMAR,CSE,HTR,C2,SI22,R506B,2300031198,P,P,P,P,P,P,P,P
31,KAKARLA LEELA PENCHALA SAI KRISHNA,CSE,CSE1,C2,SI22,R506B,2300031202,P,P,P,P,P,P,P,P
32,PENUMARTHI GOVINDA SAI HARSHAVARDHAN,CSE,CSE1,C2,SI22,R506B,2300031220,P,P,P,P,P,P,P,P
33,KONJETI GNANA VENKATA NAGA GOPI PRASANTH,CSE,CSE1,C2,SI22,R506B,2300031235,P,P,P,P,P,P,P,P
34,BHOJANAPALLI NAGA VENKATA DURGA OM JNAANESH,CSE,CSE3,C2,SI22,R506B,2300031244,P,P,P,P,P,P,P,P
35,JOSHETHA MAHESWARI POLIREDDY,CSE,HTE,C2,SI22,R506B,2300031264,P,P,P,P,P,P,P,P
36,BOMMIDI SREE PRANATHI,CSE,CSE2,C2,SI22,R506B,2300031339,P,P,P,P,P,P,P,P
37,SINGALURI VENKATA SAI RAM,CSE,CSE4,C2,SI22,R506B,2300031437,P,P,P,P,P,P,P,P
38,GOWTHAM ADAPA,CSE,CSE2,C2,SI22,R506B,2300031448,P,P,P,P,P,P,P,P
39,DEVABHAKTHUNI BHAVANI,CSE,CSE1,C2,SI22,R506B,2300031461,P,P,P,P,P,P,P,P
40,KOTTE YASWANTH SAI,CSE,CSE1,C2,SI22,R506B,2300031475,P,P,P,P,P,P,P,P
41,KALAGARLA GOVARDHINI SRIHITHA,CSE,CSE1,C2,SI22,R506B,2300031485,P,P,P,P,P,P,P,P
42,BACHAMPALLY SAIPRANEETH,CSE,HTE,C2,SI22,R506B,2300031549,P,P,P,P,P,P,P,P
43,ABHISHEK MAMIDI,CSE,CSE2,C2,SI22,R506B,2300031571,P,P,P,P,P,P,P,P
44,BURLA LAKSHMI PRASANNA,CSE,CSE1,C2,SI22,R506B,2300031726,P,P,P,P,P,P,P,P
45,NAGA SAHITHYA,CSE,CSE1,C2,SI22,R506B,2300031892,P,P,P,P,P,P,P,P
46,JAGAN MOHAN REDDY VEDURU,CSE,CSE2,C2,SI22,R506B,2300031899,P,P,P,P,P,P,P,P
47,TALLURI JAYA SANKAR HARSHIT,CSE,HTI,C2,SI22,R506B,2300031945,P,P,P,P,P,P,P,P
48,PASUMARTHI SAI MANIKANTA,CSE,CSE1,C2,SI22,R506B,2300031961,P,P,P,P,P,P,A,A
49,YAKKATI JYOTHINADH,CSE,CSE1,C2,SI22,R506B,2300031967,P,P,P,P,P,P,P,P
50,GORLE JYOTHI PAVAN PRAKASH,CSE,CSE1,C2,SI22,R506B,2300031973,P,P,P,P,P,P,P,P
51,KUSAM KOMAL VISHNU VENKATA REDDY,CSE,CSE1,C2,SI22,R506B,2300032086,P,P,P,P,P,P,P,P
52,SUNKARA HIMANISH SRI SAI,CSE,CSE2,C2,SI22,R506B,2300032090,P,P,P,P,P,P,P,P
53,SHAIK ABDUL RAQEEB,CSE,CSE1,C2,SI22,R506B,2300032292,P,P,P,P,A,A,A,A
54,MANASA TAMMANA,CSE,CSE2,C2,SI22,R506B,2300032299,P,P,P,P,P,P,P,P
55,M. TARUN SIVA KUMAR,CSE,HTI,C2,SI22,R506B,2300032334,P,P,P,P,P,P,P,P
56,GANGAVARAPU SRAVANTHI,CSE,HTE,C2,SI22,R506B,2300032420,P,P,P,P,A,A,P,P
57,VEDULLA VASAVI PAVITRA HANUMA SRI,CSE,CSE1,C2,SI22,R506B,2300032448,P,P,P,P,P,P,P,P
58,B SAHITHYA,CSE,CSE1,C2,SI22,R506B,2300032509,P,P,P,P,P,P,P,P
59,VARIKUTI JAGAN MOHAN REDDY,CSE,HTE,C2,SI22,R506B,2300032523,P,P,P,P,P,P,P,P
60,NUNE SRI DURGA,CSE,HTE,C2,SI22,R506B,2300032568,P,P,P,P,P,P,P,P
61,PRUDHVI RAJ YENUMULA,CSE,CSE2,C2,SI22,R506B,2300032654,P,P,P,P,P,P,P,P
62,SURUBHOTLA SRI RAM SAKETH,CSE,CSE1,C2,SI22,R506B,2300032669,P,P,P,P,A,A,P,P
63,DEEPAN CHANDRASEKARAN,CSE,CSE3,C2,SI22,R506B,2300032731,P,P,P,P,P,P,P,P
64,VANGIPURAPU JAYANTH SRI SAI,CSE,CSE1,C2,SI22,R506B,2300032760,P,P,P,P,P,P,P,P
65,REETHIKA MUPPIDI,CSE,CSE1,C2,SI22,R506B,2300032779,P,P,P,P,P,P,P,P
66,CHAKKA KAVYA VENKATA NAGA SATYA HARSHITHA,CSE,CSE2,C2,SI22,R506B,2300033001,P,P,P,P,P,P,P,P
67,BARLA VENKATA VIGNESH SREE CHARAN,CSE,CSE1,C2,SI22,R506B,2300033010,P,P,P,P,P,P,P,P
68,J UMESH CHANDRA,CSE,CSE1,C2,SI22,R506B,2300033105,P,P,P,P,P,P,P,P
69,MULAGADA VENKATA HEMANTH,CSE,CSE3,C2,SI22,R506B,2300033113,P,P,P,P,P,P,P,P
70,KATHARI GIRISH KUMAR,CSE,CSE2,C2,SI22,R506B,2300033271,P,P,P,P,P,P,P,P
71,NIHARIKA KAKI,CSE,HTE,C2,SI22,R506B,2300033494,P,P,P,P,P,P,P,P
72,ILU JESHWANTH,CSE,CSE4,C2,SI22,R506B,2300033541,P,P,P,P,P,P,P,P
73,HASRITHA RAYAVARAM,CSE,HTR,C2,SI22,R506B,2300033608,P,P,P,P,P,P,P,P
74,NAVULURU V S M BALA YASASWI,CSE,HTI,C2,SI22,R506B,2300033733,P,P,P,P,P,P,P,P
75,RESHMA PAAVANI MANCHEM,CSE,CSE1,C2,SI22,R506B,2300033811,P,P,P,P,P,P,P,P
76,ROHITH PARVATHANENI,CSE,CSE1,C2,SI22,R506B,2300033870,P,P,P,P,P,P,P,P
77,BATTULA MOHAN PRIYA VARDHAN REDDY,CSE,HTE,C2,SI22,R506B,2300033900,P,P,P,P,P,P,P,P
78,THATAVARTHI KEERTI CHANDAN,CSE,HTE,C2,SI22,R506B,2300033901,P,P,P,P,A,A,P,P
79,MAYAKUNTLA LAKSHMI VIJAYA,CSE,CSE3,C2,SI22,R506B,2300039013,P,P,P,P,P,P,P,P
80,PRAPULKRISHNA SHAIK,CSE,HTI,C2,SI22,R506B,2300039099,P,P,P,P,P,P,P,P
81,RUSHENDRA NAIDU YERRAMSETTI,CSE,CSE3,C2,SI22,R506B,2300039104,P,P,P,P,P,P,P,P
82,GALLA NANDA SIVA SRINIVAS,CSE,CSE3,C2,SI22,R506B,2300039112,P,P,P,P,P,P,P,P
83,SHAIK VALIYA BABJI,CSE,CSE3,C2,SI22,R506B,2300039117,P,P,P,P,P,P,P,P
84,POTLA AKSHAYA SRI,CSE,CSE3,C2,SI22,R506B,2300039122,P,P,P,P,P,P,P,P
85,THOTA RISHI KUMAR,CSE,CSE3,C2,SI22,R506B,2300039134,P,P,P,P,P,P,P,P
86,MUNNANGI LAKSHMI NARASIMHA REDDY,CSE,CSE3,C2,SI22,R506B,2300039139,P,P,P,P,P,P,P,P
87,BHANU ANDE,CSE,CSE3,C2,SI22,R506B,2300039147,P,P,P,P,P,P,P,P
88,AKI NAGA VENKATA SRI NOWSHIDH,ECE,ECE,C2,SI22,R506B,2300040050,P,P,P,P,P,P,P,P
89,MARLA NANDAKISHOR REDDY,ECE,ECE,C2,SI22,R506B,2300040177,P,P,P,P,P,P,P,P
90,CHEEMAKURTHI VENKATA SAI LAKSHMI GAYATHRI,ECE,ECE,C2,SI22,R506B,2300040430,P,P,P,P,P,P,P,P
91,MEDA SIVA SAI RAGHAVENDRA PRASAD,ECE,ECE,C2,SI22,R506B,2300049001,P,P,P,P,P,P,P,P
92,G.RAGASUJITH,ECE,ECE,C2,SI22,R506B,2300049144,P,P,P,P,P,P,P,P
93,M SAI PAAVAN KUMAR REDDY,EEE,EEE,C2,SI22,R506B,2300060005,P,P,P,P,P,P,P,P
94,DRONAVALLI ANUHYA,AIDS,HTR,C2,SI22,R506B,2300080091,P,P,P,P,P,P,P,P
95,PANYAM HIMA BINDU,AIDS,AIDS,C2,SI22,R506B,2300080113,A,A,A,A,A,A,A,A
96,KAVYA PULIPATI,AIDS,AIDS,C2,SI22,R506B,2300080152,P,P,P,P,P,P,P,P
97,POORNIMA DATLA,AIDS,HTE,C2,SI22,R506B,2300080217,P,P,P,P,P,P,P,P
98,ANDHAVARAPU SURYA PRAKASH,AIDS,AIDS,C2,SI22,R506B,2300080245,P,P,P,P,P,P,P,P
99,VUPPALAPATTI SURYA THEJA,AIDS,AIDS,C2,SI22,R506B,2300080283,P,P,P,P,P,P,P,P
100,TAPPA KAMAL HUSSAIN,AIDS,AIDS,C2,SI22,R506B,2300080299,P,P,P,P,P,P,P,P
101,PALAGIRI RUDRA CHARAN,AIDS,AIDS,C2,SI22,R506B,2300080342,P,P,P,P,P,P,P,P
102,PADALA TEJASRI REDDY,CSIT,HTR,C2,SI22,R506B,2300090249,P,P,P,P,P,P,P,P
103,SHAIK SHAHID AMEER,CSIT,CSIT,C2,SI22,R506B,2300090402,A,A,A,A,A,A,A,A
104,MADASU DATTA SRI SAI CHARAN,CSE,CSE3,C2,SI22,R506B,2300031632,P,P,P,P,P,P,P,P
105,ADIGOPULA BALADITHYA,ECE,HTI,C2,SI22,R506B,2300040086,P,P,P,P,P,P,A,A
106,SANKU PRASANTH,CSE,CSE2,C2,SI22,R506B,2300033499,P,P,P,P,P,P,P,P
1,ALAMURI RUSHIL MURARI,CSE,CSE3,C1,CGN13,R507A,2300030023,P,P,P,P,P,P,P,P
2,CH.V.DHEERAJ,CSE,CSE3,C1,CGN13,R507A,2300030109,P,P,P,P,P,P,P,P
3,DEEKSHITHA CHAPA,CSE,CSE3,C1,CGN13,R507A,2300030118,P,P,P,P,P,P,P,P
4,CHIKKAM SIVA RAMA VINAY,CSE,CSE3,C1,CGN13,R507A,2300030134,A,A,A,A,P,P,A,A
5,E.SNEHA,CSE,CSE3,C1,CGN13,R507A,2300030179,P,P,P,P,P,P,P,P
6,GETTEM SIRI,CSE,CSE3,C1,CGN13,R507A,2300030208,P,P,P,P,P,P,P,P
7,POOJITH REDDY GUNTAKA,CSE,CSE3,C1,CGN13,R507A,2300030240,P,P,P,P,P,P,P,P
8,GURRAM JEEVAN SURYA,CSE,CSE3,C1,CGN13,R507A,2300030246,P,P,P,P,P,P,P,P
9,J. VEDA SAMHITH REDDY,CSE,CSE3,C1,CGN13,R507A,2300030259,P,P,P,P,P,P,P,P
10,JAHNAVI DEVI,CSE,CSE3,C1,CGN13,R507A,2300030261,P,P,P,P,P,P,P,P
11,MOGILISETTY JYOTHIKA,CSE,CSE3,C1,CGN13,R507A,2300030430,P,P,P,P,P,P,P,P
12,NANDIVELUGU KARTHIVANI,CSE,CSE3,C1,CGN13,R507A,2300030475,P,P,P,P,P,P,P,P
13,SOUDAGAR MEHEK TEHSEEN,CSE,CSE3,C1,CGN13,R507A,2300030648,P,P,P,P,P,P,P,P
14,AKSHAYA SUNKAVALLI,CSE,CSE3,C1,CGN13,R507A,2300030655,P,P,P,P,P,P,P,P
15,MANIKANTH THIKKISETTTY,CSE,CSE3,C1,CGN13,R507A,2300030676,P,P,P,P,P,P,P,P
16,VELPULA DURGA PRASAD,CSE,CSE3,C1,CGN13,R507A,2300030721,P,P,P,P,P,P,P,P
17,VEMALAPAVANI,CSE,CSE3,C1,CGN13,R507A,2300030723,P,P,P,P,P,P,P,P
18,YARREDDU SRI LAKSHMI,CSE,CSE3,C1,CGN13,R507A,2300030750,P,P,P,P,P,P,P,P
19,KADIYAM SIRISHA,CSE,CSE3,C1,CGN13,R507A,2300030806,P,P,P,P,P,P,P,P
20,BALLA POOJITH RAJ,CSE,CSE3,C1,CGN13,R507A,2300030816,P,P,P,P,P,P,P,P
21,PONNALURI LAKSHMI SARANYA,CSE,CSE3,C1,CGN13,R507A,2300030968,P,P,P,P,P,P,P,P
22,KISHAN REDDY YARRAPANENI,CSE,CSE3,C1,CGN13,R507A,2300030979,P,P,P,P,P,P,P,P
23,KARIBANDI AKSHAYA ANURADHA,CSE,CSE3,C1,CGN13,R507A,2300030995,P,P,P,P,P,P,P,P
24,HEMA CHANDRA REDDY,CSE,CSE3,C1,CGN13,R507A,2300031120,P,P,P,P,P,P,P,P
25,ALEKHAYA SUCHANDRIKA DEVI,CSE,CSE3,C1,CGN13,R507A,2300031209,P,P,P,P,P,P,P,P
26,VEMURI VENKATA NAGA SAI SRI HARSHAD,CSE,CSE3,C1,CGN13,R507A,2300031215,P,P,P,P,P,P,P,P
27,KOPPISETTY PURNA SRI DANESWARI BHAVYA,CSE,CSE3,C1,CGN13,R507A,2300031218,A,A,A,A,A,A,A,A
28,KONDAPALLI GOPAL CHOWDARY,CSE,CSE3,C1,CGN13,R507A,2300031315,P,P,P,P,P,P,P,P
29,PALANATI KUSHAL,CSE,CSE3,C1,CGN13,R507A,2300031426,P,P,P,P,P,P,P,P
30,KOTA SADGUNA RAO,CSE,CSE3,C1,CGN13,R507A,2300031431,P,P,P,P,P,P,P,P
31,AKHIL GAIKWAD,CSE,CSE3,C1,CGN13,R507A,2300031529,P,P,P,P,P,P,P,P
32,PINNAMANENI ROHITH VENKATA SAI,CSE,CSE3,C1,CGN13,R507A,2300031556,P,P,P,P,P,P,P,P
33,ONGOLU SRI KRISHNA,CSE,CSE3,C1,CGN13,R507A,2300031620,P,P,P,P,P,P,P,P
34,SATTENAPALLI PAVAN KUMAR,CSE,CSE3,C1,CGN13,R507A,2300031670,P,P,P,P,P,P,P,P
35,SANKURATRI MOHANA SAI SRI PRANATHI,CSE,CSE3,C1,CGN13,R507A,2300031730,P,P,P,P,P,P,P,P
36,BANDARU SAI VENKAT RAM,CSE,CSE3,C1,CGN13,R507A,2300031764,P,P,P,P,P,P,P,P
37,BOPPANA NAGA SAI VENKATA DINISH,CSE,CSE3,C1,CGN13,R507A,2300031805,P,P,P,P,P,P,P,P
38,SOMALANKA SIVA NAGA VENKATA TRINATH,CSE,CSE3,C1,CGN13,R507A,2300031926,P,P,P,P,P,P,P,P
39,DHANEKULA SUNIL KUMAR,CSE,CSE3,C1,CGN13,R507A,2300032016,P,P,P,P,P,P,P,P
40,KONDA NANDINI REDDY,CSE,CSE3,C1,CGN13,R507A,2300032022,P,P,P,P,P,P,P,P
41,KONAKALLA HARIKA,CSE,CSE3,C1,CGN13,R507A,2300032105,P,P,P,P,P,P,P,P
42,SEREDDY LOKESH,CSE,CSE3,C1,CGN13,R507A,2300032164,P,P,P,P,P,P,P,P
43,YALAPALLI TRIPURANDHESWARI,CSE,CSE3,C1,CGN13,R507A,2300032170,P,P,P,P,P,P,P,P
44,RAM_LOKESH_MALEPATI,CSE,CSE3,C1,CGN13,R507A,2300032273,A,A,P,P,P,P,P,P
45,LALITH PAVAN CHEEDELLA,CSE,CSE3,C1,CGN13,R507A,2300032418,P,P,P,P,P,P,P,P
46,VEERAPANENI VAMSI KRISHNA,CSE,CSE3,C1,CGN13,R507A,2300032421,P,P,P,P,P,P,A,A
47,V SAINADH REDDY,CSE,CSE3,C1,CGN13,R507A,2300032496,P,P,P,P,P,P,P,P
48,HEMANTHSAI GUBBALA,CSE,CSE3,C1,CGN13,R507A,2300032508,P,P,P,P,P,P,P,P
49,VARIKUTI HARI PRATHAP REDDY,CSE,CSE3,C1,CGN13,R507A,2300032522,A,A,A,A,A,A,A,A
50,VIJAYKUMARGOPU,CSE,CSE3,C1,CGN13,R507A,2300032526,P,P,P,P,P,P,P,P
51,V. JYOTHI SWAROOP,CSE,CSE3,C1,CGN13,R507A,2300032529,P,P,P,P,P,P,P,P
52,KAKARLAPUDI KOUSHIL VARMA,CSE,CSE3,C1,CGN13,R507A,2300032614,P,P,P,P,P,P,P,P
53,BUTTI PURUSHOTHAM REDDY,CSE,CSE3,C1,CGN13,R507A,2300032653,P,P,P,P,P,P,P,P
54,SHAIK SAMIYA,CSE,CSE3,C1,CGN13,R507A,2300032675,P,P,P,P,P,P,P,P
55,MEESALA NAGESWARA SATHVIK,CSE,CSE3,C1,CGN13,R507A,2300032686,P,P,P,P,P,P,P,P
56,LAKSHMI NIKHITA ALLA,CSE,CSE3,C1,CGN13,R507A,2300032688,P,P,P,P,P,P,P,P
57,VENKATA SAI RAMISETTY,CSE,CSE3,C1,CGN13,R507A,2300032707,P,P,P,P,P,P,P,P
58,YASWANTH SRI SAI CHAVALA,CSE,CSE3,C1,CGN13,R507A,2300032745,P,P,P,P,P,P,P,P
59,MANASWINI VAKKANTHULA,CSE,CSE3,C1,CGN13,R507A,2300032756,P,P,P,P,P,P,P,P
60,PUTLURU UDAY KUMAR REDDY,CSE,CSE3,C1,CGN13,R507A,2300032807,P,P,P,P,P,P,P,P
61,PADALA SRI GOPI PRASANTH,CSE,CSE3,C1,CGN13,R507A,2300032815,P,P,P,P,P,P,P,P
62,SURAPANENI NANDHINI SAI,CSE,CSE3,C1,CGN13,R507A,2300032821,P,P,P,P,P,P,P,P
63,SHAIK ASDAQ KHUNDMEER,CSE,CSE3,C1,CGN13,R507A,2300032830,A,A,A,A,A,A,A,A
64,SHAIK NAGULMEERA,CSE,CSE3,C1,CGN13,R507A,2300032913,P,P,P,P,P,P,P,P
65,BANDI PAVAN KUMAR,CSE,CSE3,C1,CGN13,R507A,2300032915,P,P,P,P,P,P,P,P
66,MALLAMPALLI HARI SRINIVASA RAO,CSE,CSE3,C1,CGN13,R507A,2300033031,P,P,P,P,P,P,P,P
67,SIVASHANKARREDDY,CSE,CSE3,C1,CGN13,R507A,2300033046,P,P,P,P,P,P,P,P
68,CH.SRAVAN SAI BALAJI,CSE,CSE3,C1,CGN13,R507A,2300033057,A,A,A,A,A,A,A,A
69,THOTAKURA JITHENDRA KRISHNA,CSE,CSE3,C1,CGN13,R507A,2300033073,P,P,P,P,P,P,P,P
70,KONGITALA JASWANTH DONGE,CSE,CSE3,C1,CGN13,R507A,2300033106,P,P,P,P,P,P,P,P
71,KOTHA AMUKTHA MALYADA,CSE,CSE3,C1,CGN13,R507A,2300033192,A,A,A,A,A,A,A,A
72,INDUKURI SRI RUSHITHA,CSE,CSE3,C1,CGN13,R507A,2300033206,A,A,A,A,A,A,A,A
73,NANDIREDDY SRAVANTHI,CSE,CSE3,C1,CGN13,R507A,2300033267,P,P,P,P,P,P,P,P
74,SATHYA NAIDU,CSE,CSE3,C1,CGN13,R507A,2300033302,P,P,P,P,P,P,P,P
75,REVANTH,CSE,CSE3,C1,CGN13,R507A,2300033354,P,P,P,P,P,P,P,P
76,KURUMALLA SAMEERA,CSE,CSE3,C1,CGN13,R507A,2300033396,P,P,P,P,P,P,P,P
77,MALLEM PATI SAI RAM,CSE,CSE3,C1,CGN13,R507A,2300033398,P,P,P,P,P,P,P,P
78,NANDIGAMA THAMAN,CSE,CSE3,C1,CGN13,R507A,2300033401,P,P,P,P,P,P,P,P
79,BHAVAGNA MADALA,CSE,CSE3,C1,CGN13,R507A,2300033472,P,P,P,P,P,P,P,P
80,MOUNIKA PUPPALA,CSE,CSE3,C1,CGN13,R507A,2300033496,P,P,P,P,P,P,P,P
81,THANUSHA GALI,CSE,CSE3,C1,CGN13,R507A,2300033510,P,P,P,P,P,P,P,P
82,MEKALA VISHNU,CSE,CSE3,C1,CGN13,R507A,2300033511,P,P,P,P,P,P,P,P
83,RAHUL KARANAM,CSE,CSE3,C1,CGN13,R507A,2300033521,P,P,P,P,P,P,P,P
84,ARE LIKHITHA,CSE,CSE3,C1,CGN13,R507A,2300033542,P,P,P,P,P,P,P,P
85,LODE ADITYA,CSE,CSE3,C1,CGN13,R507A,2300033566,A,A,A,A,A,A,A,P
86,GANGURI SREE HARSHNI,CSE,CSE3,C1,CGN13,R507A,2300033700,P,P,P,P,P,P,P,P
87,BHANU PRAKASH MANDADAPU,CSE,CSE3,C1,CGN13,R507A,2300033778,A,A,A,A,A,A,A,P
88,KARRI UDAY SHASHANK,CSE,CSE3,C1,CGN13,R507A,2300033796,A,A,A,A,A,A,A,P
89,HARSHITHAMAREEDU,CSE,CSE3,C1,CGN13,R507A,2300033806,P,P,P,P,P,P,P,P
90,BADUGU LIKHITHA,CSE,CSE3,C1,CGN13,R507A,2300039012,P,P,P,P,P,P,P,P
91,JONNALAGADDA.NAVYA,CSE,CSE3,C1,CGN13,R507A,2300039035,P,P,P,P,P,P,P,P
92,MANDAVA HARSHIT BABU,CSE,CSE3,C1,CGN13,R507A,2300039041,P,P,P,P,P,P,P,P
93,KUNCHAM SIVA,CSE,CSE3,C1,CGN13,R507A,2300039048,P,P,P,P,P,P,P,P
94,MEKA NAGA SRIHARI,CSE,CSE3,C1,CGN13,R507A,2300039049,P,P,P,P,P,P,P,P
95,KESAMSETTY SAILOKESH,CSE,CSE3,C1,CGN13,R507A,2300039060,P,P,P,P,P,P,P,P
96,VALLABHUDASU YAMINI,CSE,CSE3,C1,CGN13,R507A,2300039143,P,P,P,P,P,P,P,P
97,ROHID BAIG,CSE,CSE3,C1,CGN13,R507A,2300039146,P,P,P,P,P,P,P,P
98,MUNNANGI HARI HARA NADH,CSE,CSE3,C1,CGN13,R507A,2300039148,P,P,P,P,P,P,P,P
99,BANDI SAI,CSE,CSE3,C1,CGN13,R507A,2300039159,P,P,P,P,P,P,P,P
100,GANGINENI DEEPIKA,CSE,CSE3,C1,CGN13,R507A,2300033355,P,P,P,P,P,P,P,P
101,GADDE LIKHITA SREE,CSE,CSE3,C1,CGN13,R507A,2300032909,P,P,P,P,P,P,A,A
102,PALLA AKASH,CSE,CSE3,C1,CGN13,R507A,2300033878,P,P,P,P,P,P,P,P
103,VADLAMUDI VENKATA AASRITHA,CSE,CSE3,C1,CGN13,R507A,2300030698,P,P,P,P,P,P,P,P
1,AVANIGADDA NAVADEEP,CSE,CSE2,C2,GK22,R507B,2300030055,P,P,P,P,P,P,P,P
2,B.PINAKA PANI,CSE,CSE2,C2,GK22,R507B,2300030068,P,P,P,P,P,P,P,P
3,CHILUKURI MOKSHA SRI,CSE,CSE2,C2,GK22,R507B,2300030135,P,P,P,P,P,P,P,P
4,VARSHITH SAI CHITTA,CSE,CSE2,C2,GK22,R507B,2300030143,P,P,P,P,P,P,P,P
5,JANNU JAYAVARDHINI,CSE,CSE2,C2,GK22,R507B,2300030271,P,P,P,P,P,P,P,P
6,KAMMA GIRIDHAR,CSE,CSE2,C2,GK22,R507B,2300030295,P,P,P,P,P,P,A,A
7,KOLLA LEKHAN,CSE,CSE2,C2,GK22,R507B,2300030330,P,P,P,P,A,A,A,A
8,KONDETI MANASA,CSE,CSE2,C2,GK22,R507B,2300030342,P,P,P,P,P,P,P,P
9,KONJETI SRIMANNARAYANA,CSE,CSE2,C2,GK22,R507B,2300030346,P,P,P,P,P,P,P,P
10,KUNA SAHANA,CSE,CSE2,C2,GK22,R507B,2300030369,P,P,P,P,P,P,P,P
11,SIVA SANKAR LOYA,CSE,CSE2,C2,GK22,R507B,2300030384,P,P,P,P,P,P,P,P
12,MATHI_VAIBHAV SRIPRADA,CSE,CSE2,C2,GK22,R507B,2300030415,P,P,P,P,P,P,P,P
13,MUPPA AKKHASH,CSE,CSE2,C2,GK22,R507B,2300030446,P,P,P,P,P,P,P,P
14,P VIJAYA RAM,CSE,CSE2,C2,GK22,R507B,2300030486,P,P,P,P,P,P,A,A
15,PADALA JAYA VANDANA,CSE,CSE2,C2,GK22,R507B,2300030491,P,P,P,P,P,P,P,P
16,PADALA KAVYA,CSE,CSE2,C2,GK22,R507B,2300030492,P,P,P,P,P,P,P,P
17,ANIRUDH PALUKURI,CSE,CSE2,C2,GK22,R507B,2300030504,P,P,P,P,P,P,P,P
18,POTNURU AKSHAY KUMAR,CSE,CSE2,C2,GK22,R507B,2300030553,P,P,P,P,P,P,P,P
19,SALI.SHALINI,CSE,CSE2,C2,GK22,R507B,2300030598,P,P,P,P,P,P,P,P
20,HARSHITHA TALLAPANENI,CSE,CSE2,C2,GK22,R507B,2300030665,P,P,P,P,P,P,P,P
21,GNANAMBHIKA VENNAMPALLI,CSE,CSE2,C2,GK22,R507B,2300030727,P,P,P,P,P,P,P,P
22,VYAMAJALA NIHARIKA,CSE,CSE2,C2,GK22,R507B,2300030736,P,P,P,P,P,P,A,A
23,CHAVA AASRITHA,CSE,CSE2,C2,GK22,R507B,2300030793,P,P,P,P,P,P,P,P
24,SRUJANA NANDURI,CSE,CSE2,C2,GK22,R507B,2300030814,P,P,P,P,P,P,P,P
25,NEMALIPURI RAJESH,CSE,CSE2,C2,GK22,R507B,2300030827,P,P,P,P,P,P,P,P
26,LADE KRISHNA DATTA,CSE,CSE2,C2,GK22,R507B,2300030864,P,P,P,P,P,P,A,A
27,KAMAKSHI DEVI,CSE,CSE2,C2,GK22,R507B,2300030895,P,P,P,P,P,P,P,P
28,GRANDHI SATYA SRUJANA SRI,CSE,CSE2,C2,GK22,R507B,2300030949,P,P,P,P,P,P,A,A
29,HEMASUDHA PRIYADARSINI JANNAVULA,CSE,CSE2,C2,GK22,R507B,2300030951,P,P,P,P,P,P,A,A
30,T. VENKATESWARA RAO,CSE,CSE2,C2,GK22,R507B,2300030975,P,P,P,P,P,P,P,P
31,DONTHIREDDY SOUJANYA REDDY,CSE,CSE2,C2,GK22,R507B,2300031028,P,P,P,P,P,P,P,P
32,M.VENKATA SIVA CHAITANYA KUMAR,CSE,CSE2,C2,GK22,R507B,2300031231,P,P,P,P,P,P,P,P
33,ALLAM MOKSHITH,CSE,CSE2,C2,GK22,R507B,2300031254,P,P,P,P,P,P,P,P
34,CH JESWANTH VARUN,CSE,CSE2,C2,GK22,R507B,2300031256,P,P,P,P,P,P,P,P
35,MAREEDU PRASANNA KUMAR,CSE,CSE2,C2,GK22,R507B,2300031262,P,P,P,P,P,P,P,P
36,AKHIL SIVA SAI,CSE,CSE2,C2,GK22,R507B,2300031317,P,P,P,P,P,P,P,P
37,SIGIRISETTY SUBHA SNEHA,CSE,CSE2,C2,GK22,R507B,2300031380,P,P,P,P,P,P,P,P
38,VEMPATI DURGA VENKAT,CSE,CSE2,C2,GK22,R507B,2300031422,P,P,P,P,P,P,P,P
39,NADIRA FERHAD,CSE,CSE2,C2,GK22,R507B,2300031441,P,P,P,P,P,P,P,P
40,SANKURATHRI SAKETH,CSE,CSE2,C2,GK22,R507B,2300031460,P,P,P,P,A,A,A,A
41,ATLURI NEEHA SAI SRI,CSE,CSE2,C2,GK22,R507B,2300031527,P,P,P,P,P,P,P,P
42,HARSHITH NALLAPANENI,CSE,CSE2,C2,GK22,R507B,2300031592,P,P,P,P,P,P,A,A
43,KODI BHAVANA,CSE,CSE2,C2,GK22,R507B,2300031631,P,P,P,P,P,P,P,P
44,JAKKA HARSHINI,CSE,CSE2,C2,GK22,R507B,2300031640,A,A,A,A,A,A,A,A
45,PULIVARTHI BASAVA BHARGAV,CSE,CSE2,C2,GK22,R507B,2300031645,P,P,P,P,P,P,P,P
46,SUBHASH VEMULAMADA,CSE,CSE2,C2,GK22,R507B,2300031655,P,P,P,P,P,P,A,A
47,KUSAL KUMAR PAKALAPATI,CSE,CSE2,C2,GK22,R507B,2300031738,P,P,P,P,P,P,P,P
48,JOSHIKA VALLABHANENI,CSE,CSE2,C2,GK22,R507B,2300031746,P,P,P,P,P,P,P,P
49,MADHABATTULA SANJAY KUMAR,CSE,CSE2,C2,GK22,R507B,2300031758,P,P,P,P,P,P,P,P
50,DIVYA CHAND CHILLA,CSE,CSE2,C2,GK22,R507B,2300031893,P,P,P,P,P,P,P,P
51,K.POORNA VIGHNESH,CSE,CSE2,C2,GK22,R507B,2300031894,P,P,P,P,P,P,A,A
52,RUDRU VENKATESH,CSE,CSE2,C2,GK22,R507B,2300031896,P,P,P,P,P,P,P,P
53,THADDI CHAKRADHAR,CSE,CSE2,C2,GK22,R507B,2300031905,P,P,P,P,P,P,A,A
54,NALLAGATLA CHARITARDHA,CSE,CSE2,C2,GK22,R507B,2300031985,P,P,P,P,P,P,P,P
55,THOTA PRIYANKA,CSE,CSE2,C2,GK22,R507B,2300031991,P,P,P,P,P,P,P,P
56,KANCHETI.REVANTHNADH CHOWDARY,CSE,CSE2,C2,GK22,R507B,2300031995,A,A,A,A,A,A,A,A
57,SHAIK MUKTHAR BASHA,CSE,CSE2,C2,GK22,R507B,2300032055,P,P,P,P,P,P,A,A
58,BALUSUPALLI LIKITHA,CSE,CSE2,C2,GK22,R507B,2300032061,P,P,P,P,P,P,P,P
59,BANDI ASHOK,CSE,CSE2,C2,GK22,R507B,2300032190,P,P,P,P,P,P,A,A
60,PAKALAPATI SRAVANI SAI,CSE,CSE2,C2,GK22,R507B,2300032196,P,P,P,P,P,P,P,P
61,NAGAM TEJA NARAYANA REDDY,CSE,CSE2,C2,GK22,R507B,2300032255,P,P,P,P,P,P,A,A
62,MOHAMMAD KHWAJA MOINNUDDIN,CSE,CSE2,C2,GK22,R507B,2300032276,P,P,P,P,P,P,A,A
63,MADALA ISHITA SAI,CSE,CSE2,C2,GK22,R507B,2300032303,P,P,P,P,P,P,P,P
64,YAGANTI DEEPAK SACHIN SAI CHOWDARY,CSE,CSE2,C2,GK22,R507B,2300032331,P,P,P,P,P,P,A,A
65,MEGHAVARSHINI PRATHAPANI,CSE,CSE2,C2,GK22,R507B,2300032341,P,P,P,P,P,P,P,P
66,KAKUMANU DINESH NAGA GOWTHAM KRISHNA,CSE,CSE2,C2,GK22,R507B,2300032348,P,P,P,P,P,P,P,P
67,SAI USHA GAYATHRI CHALLAPALLI,CSE,CSE2,C2,GK22,R507B,2300032398,P,P,P,P,P,P,P,P
68,BRAHMANDAM HARI CHANDANA,CSE,CSE2,C2,GK22,R507B,2300032493,P,P,P,P,P,P,A,A
69,KALAGOTLA ASWITHA,CSE,CSE2,C2,GK22,R507B,2300032499,P,P,A,A,P,P,P,P
70,MOVVA SRIHIMA,CSE,CSE2,C2,GK22,R507B,2300032517,P,P,P,P,P,P,P,P
71,NALABOTHU DEEKSHITHA,CSE,CSE2,C2,GK22,R507B,2300032584,P,P,P,P,P,P,P,P
72,DONTHIREDDY HIMASISIRA,CSE,CSE2,C2,GK22,R507B,2300032673,P,P,P,P,P,P,P,P
73,JAGARLAMUDI SUSHMACHOWDARY,CSE,CSE2,C2,GK22,R507B,2300032693,A,A,A,A,A,A,A,A
74,BADINA.VENKATA DURGA ARAVINDH,CSE,CSE2,C2,GK22,R507B,2300032774,A,A,A,A,A,A,A,A
75,THIRIVIDHI GAYATRI LAKSHMI,CSE,CSE2,C2,GK22,R507B,2300032791,P,P,P,P,P,P,A,A
76,VINODH KUMAR GIRISH GAUTAM,CSE,CSE2,C2,GK22,R507B,2300032804,P,P,P,P,P,P,P,P
77,GANDHAM SWATHI SREE,CSE,CSE2,C2,GK22,R507B,2300032867,P,P,P,P,P,P,P,P
78,GATTU PHANI KUMAR,CSE,CSE2,C2,GK22,R507B,2300032905,P,P,P,P,P,P,P,P
79,SATYALA GANGADHAR,CSE,CSE2,C2,GK22,R507B,2300033048,P,P,P,P,P,P,A,A
80,KATTIBOYINA ANAND KUMAR,CSE,CSE2,C2,GK22,R507B,2300033168,P,P,P,P,P,P,P,P
81,SUVALLIKA ADUSUMILLI,CSE,CSE2,C2,GK22,R507B,2300033230,P,P,P,P,P,P,P,P
82,GUJJULA DHANUSH REDDY,CSE,CSE2,C2,GK22,R507B,2300033238,P,P,P,P,A,A,A,A
83,SAI APOORVA KAKUMANU,CSE,CSE2,C2,GK22,R507B,2300033260,A,A,A,A,A,A,A,A
84,KUNDURTHI SUCHARITHA,CSE,CSE2,C2,GK22,R507B,2300033286,P,P,P,P,P,P,P,P
85,HARIKA LANKALAPALLI,CSE,CSE2,C2,GK22,R507B,2300033321,P,P,P,P,P,P,P,P
86,PABBATHI BALAJI,CSE,CSE2,C2,GK22,R507B,2300033454,P,P,P,P,P,P,P,P
87,MORTHA AKHIL,CSE,CSE2,C2,GK22,R507B,2300033525,P,P,P,P,P,P,P,P
88,MUGHAL NAFISA,CSE,CSE2,C2,GK22,R507B,2300033526,P,P,P,P,P,P,P,P
89,ALLAM HASITHA,CSE,CSE2,C2,GK22,R507B,2300033536,P,P,P,P,P,P,P,P
90,TANISH NELLURI,CSE,CSE2,C2,GK22,R507B,2300033630,P,P,P,P,P,P,P,P
91,SHAIK SAHIN,CSE,CSE2,C2,GK22,R507B,2300033695,P,P,P,P,P,P,P,P
92,SHAIK JASWAR,CSE,CSE2,C2,GK22,R507B,2300033757,A,A,A,A,A,A,A,A
93,K MOHAMMED SHAHID,CSE,CSE2,C2,GK22,R507B,2300033762,A,A,A,A,A,A,A,A
94,SURYADEVARA RENA SIVANI,CSE,CSE2,C2,GK22,R507B,2300033798,P,P,P,P,P,P,P,P
95,MIRIYALA MURALI ABHIRAM,CSE,CSE2,C2,GK22,R507B,2300033815,P,P,P,P,P,P,A,A
96,TIRUMANI PAVAN KALYAN,CSE,CSE2,C2,GK22,R507B,2300040397,P,P,P,P,P,P,P,P
97,B ANIL KUMAR,CSE,CSE2,C2,GK22,R507B,2300030081,P,P,P,P,P,P,A,A
98,G SAISANTHOSH,CSE,CSE2,C2,GK22,R507B,2300030216,P,P,P,P,P,P,A,A
99,MACHARLA LOKESH BABU,CSE,CSE2,C2,GK22,R507B,2300030884,A,A,A,A,A,A,A,A
100,N.JASWANTH VARMA,CSE,CSE2,C2,GK22,R507B,2300031686,P,P,P,P,P,P,P,P
101,KOLLATI NIREESHA,CSE,CSE2,C2,GK22,R507B,2300040296,P,P,P,P,P,P,P,P
102,SHAIK MAHAMMAD GOUSE,CSE,CSE2,C2,GK22,R507B,2300033253,P,P,P,P,P,P,P,P
103,LOKESH KUMAR PRAJWAL,CSE,CSE2,C2,GK22,R507B,2300033287,P,P,P,P,P,P,P,A
104,BARIGE JYOSTHNA,CSE,CSE2,C2,GK22,R507B,2300033456,P,P,P,P,P,P,P,P