S.NO,NAME,BRANCH,DEPT,CLUSTER,CRT SEC,CRT ROOM,REGD.NO,09:20-10:10,10:10-11:00,11:10-12:00,12:00-12:50,01:50-02:40,02:40-03:40,03:50-04:30,04:30-5:30
1,ACHANTA BHANU VAMSI,CSE,HTE,C2,GK21,R101,2300030009,P,P,P,P,P,P,P,P
2,CHALLA LAKSHMI POOJITHA,CSE,CSE1,C2,GK21,R101,2300030112,A,A,P,P,A,A,A,A
3,CHENNAMSETTI CHARITHA,CSE,HTE,C2,GK21,R101,2300030127,A,A,A,A,A,A,A,A
4,DODDAKA SAI TEJA,CSE,HTE,C2,GK21,R101,2300030167,A,A,A,A,A,A,A,A
5,KLU2300030192,CSE,HTE,C2,GK21,R101,2300030192,A,A,A,A,A,A,A,A
6,GUNJI RAMESH,CSE,HTE,C2,GK21,R101,2300030238,P,P,P,P,P,P,P,P
7,GUTHURTHI BHUVNESWARI,CSE,CSE1,C2,GK21,R101,2300030247,P,P,P,P,P,P,P,P
8,LAM SAHASRA,CSE,CSE1,C2,GK21,R101,2300030379,P,P,P,P,P,P,P,P
9,MEGHANARI,CSE,HTE,C2,GK21,R101,2300030420,A,A,A,A,A,A,A,A
10,MEKA HEMANTH SAI VINAY,CSE,HTE,C2,GK21,R101,2300030421,A,A,A,A,A,A,A,A
11,NEKKALAPUDI SAI RESHMA,CSE,CSE1,C2,GK21,R101,2300030480,P,P,P,P,P,P,P,P
12,PALLEM CHETHANA,CSE,HTE,C2,GK21,R101,2300030502,P,P,P,P,P,P,P,P
13,POLUBOINA SANDEEP KUMAR,CSE,CSE1,C2,GK21,R101,2300030542,A,A,A,A,A,P,P,P
14,RAVIPATI POOJA KRISHNA,CSE,HTR,C2,GK21,R101,2300030581,P,P,P,P,P,P,P,P
15,SUNKARA SAI DATTA KIRAN,CSE,CSE1,C2,GK21,R101,2300030654,P,P,P,P,P,P,P,P
16,TALLAM MANVITHA,CSE,CSE1,C2,GK21,R101,2300030664,P,P,P,P,P,P,P,P
17,YARLAGADDA BHAVANA,CSE,CSE1,C2,GK21,R101,2300030748,A,A,A,A,A,A,A,A
18,YERRADLA SRI LAXMI,CSE,CSE1,C2,GK21,R101,2300030762,A,A,A,A,A,A,A,A
19,PANGAM_PRAGNA,CSE,HTE,C2,GK21,R101,2300030779,A,A,A,A,A,A,A,A
20,SUDDAPALLI SRAVYA,CSE,CSE1,C2,GK21,R101,2300030834,P,P,P,P,P,P,P,P
21,JYOTSNA TALASILA,CSE,HTR,C2,GK21,R101,2300030837,P,P,P,P,P,P,P,P
22,KOVVURI KARTHIKEYA,CSE,HTE,C2,GK21,R101,2300030849,A,A,A,A,A,A,A,A
23,DULLA PRIYA DARSHINI,CSE,HTE,C2,GK21,R101,2300030882,A,A,A,A,A,A,A,A
24,SAI KRISHNA VARMA INDUKURI,CSE,CSE1,C2,GK21,R101,2300031035,A,A,A,A,A,A,A,A
25,DADIREDDY MANOGYNA SATYA REDDY,CSE,HTE,C2,GK21,R101,2300031113,P,P,P,P,P,P,P,P
26,PADALA JAIRAJ GOWTHAM KUMAR REDDY,CSE,HTE,C2,GK21,R101,2300031189,A,A,A,A,A,A,A,A
27,BODDULURI LAHARI,CSE,HTE,C2,GK21,R101,2300031301,P,P,P,P,P,P,P,P
28,MUPPALLA MEGHANA,CSE,HTR,C2,GK21,R101,2300031412,P,P,P,P,P,P,P,P
29,SARATH ANNABATHULA,CSE,HTI,C2,GK21,R101,2300031459,P,P,P,P,P,P,P,P
30,THUNIKALA GURU KALYAN,CSE,HTE,C2,GK21,R101,2300031462,P,P,P,P,P,P,P,P
31,GOLLA DHARANI,CSE,HTI,C2,GK21,R101,2300031470,A,A,A,A,A,A,A,A
32,KUMMARI YASASWINI,CSE,CSE1,C2,GK21,R101,2300031482,A,A,A,A,A,A,A,A
33,SRAVAN REDDY,CSE,CSE1,C2,GK21,R101,2300031490,A,A,A,A,A,A,A,A
34,ARYAN RAJ,CSE,HTE,C2,GK21,R101,2300031505,P,P,P,P,P,P,P,P
35,KURNALA CHARISHMA VENKATA NAGA VAISHNAVI,CSE,HTR,C2,GK21,R101,2300031530,P,P,P,P,P,P,P,P
36,POORNA CHANDRA,CSE,HTE,C2,GK21,R101,2300031559,P,P,P,P,P,P,P,P
37,ABHISHEK JAMPANI,CSE,HTE,C2,GK21,R101,2300031574,A,A,A,A,A,A,A,A
38,MANDAPATI ABHINAV REDDY,CSE,CSE1,C2,GK21,R101,2300031600,A,A,A,A,A,A,A,A
39,AASRITHA SAI PANUGANTI,CSE,HTE,C2,GK21,R101,2300031603,P,P,P,P,P,P,P,P
40,RUTTALA BHANU PRAKASH,CSE,CSE1,C2,GK21,R101,2300031625,P,P,P,P,P,P,P,P
41,YAKKALA VENKATA LAKSHMI MOUNIKA SUCHITRA,CSE,CSE1,C2,GK21,R101,2300031669,P,P,P,P,P,P,P,P
42,ETHAKOTA ASISH ISRAEL,CSE,HTR,C2,GK21,R101,2300031729,P,P,P,P,A,A,A,A
43,UDAYANJALI DEVU,CSE,HTR,C2,GK21,R101,2300031808,P,P,P,P,P,P,P,P
44,NAMA ANUSHA,CSE,HTE,C2,GK21,R101,2300031832,P,P,P,P,P,P,P,P
45,PATAMSETTI VISHNU,CSE,CSE1,C2,GK21,R101,2300031842,P,P,P,P,P,P,P,P
46,SAI ISHWARYA TADIKONDA,CSE,HTE,C2,GK21,R101,2300031870,P,P,A,A,A,A,A,A
47,GANJI SURENDRA,CSE,HTE,C2,GK21,R101,2300031885,A,A,A,A,A,A,A,A
48,PADETI NAVEEN,CSE,HTE,C2,GK21,R101,2300031922,A,A,A,A,A,A,A,A
49,GNANESWAR SOMISETTY,CSE,HTE,C2,GK21,R101,2300031948,P,P,A,A,A,A,A,A
50,ANNAPUREDDY MOHAN ABHISHEK,CSE,HTI,C2,GK21,R101,2300032003,P,P,P,P,P,P,P,P
51,VEDA POOJITHA VEGINETI,CSE,CSE1,C2,GK21,R101,2300032017,A,A,P,P,P,P,P,P
52,PINNAPUREDDY SAI KIRAN REDDY,CSE,HTR,C2,GK21,R101,2300032020,A,A,A,A,A,A,A,A
53,JYOTHIPRASANNA MARAMREDDY,CSE,HTI,C2,GK21,R101,2300032050,P,P,P,P,P,P,P,P
54,GRANDHI NAVYA LAKSHMI PRIYA,CSE,HTE,C2,GK21,R101,2300032129,A,A,A,A,A,A,A,A
55,SRUJANA RANJANI VYTLA,CSE,CSE1,C2,GK21,R101,2300032202,P,P,P,P,P,P,P,P
56,GOGIKAR VIGNESH,CSE,HTE,C2,GK21,R101,2300032214,P,P,P,P,P,P,P,P
57,ADDANKI HARINI,CSE,HTR,C2,GK21,R101,2300032217,P,P,P,P,P,P,P,P
58,V BEULAH JASMINE,CSE,HTE,C2,GK21,R101,2300032246,P,P,P,P,P,P,P,P
59,TELLAGADDA JASMITHA,CSE,HTI,C2,GK21,R101,2300032263,P,P,P,P,P,P,P,P
60,PANDIRIPALLI SAI GANESH,CSE,HTR,C2,GK21,R101,2300032282,A,A,A,A,A,A,A,A
61,YARRA GOPINADH REDDY,CSE,CSE1,C2,GK21,R101,2300032362,P,P,P,P,P,P,P,P
62,GUTTA LOHITHA,CSE,HTE,C2,GK21,R101,2300032401,P,P,P,P,P,P,P,P
63,MALLADI PRABHATH,CSE,CSE1,C2,GK21,R101,2300032425,P,P,P,P,P,P,P,P
64,GANTA SHANMUK,CSE,HTI,C2,GK21,R101,2300032436,A,A,A,A,A,A,A,A
65,SHAIK ARSHAD,CSE,HTE,C2,GK21,R101,2300032444,P,P,P,P,P,P,P,P
66,RAMARAJU PRANAV SASIDHAR,CSE,HTE,C2,GK21,R101,2300032489,P,P,P,P,P,P,P,P
67,GADIPARTHI TEJASWI,CSE,HTE,C2,GK21,R101,2300032500,A,A,A,A,A,A,A,A
68,BARLA ROHITH,CSE,CSE1,C2,GK21,R101,2300032586,A,A,A,A,A,A,A,A
69,KARUTURI CHARITHA,CSE,HTE,C2,GK21,R101,2300032608,A,A,A,A,A,A,A,A
70,AVULA DHARSHINI SAI,CSE,HTE,C2,GK21,R101,2300032623,P,P,P,P,P,P,P,P
71,KALAGA CHANDRA SEKHAR,CSE,HTE,C2,GK21,R101,2300032695,A,A,A,A,A,A,A,A
72,BANKA ASHISH KUMAR YADAV,CSE,HTE,C2,GK21,R101,2300032696,A,A,A,A,A,A,A,A
73,AKULA SAI ASHRITHA,CSE,HTE,C2,GK21,R101,2300032701,A,A,A,A,A,A,A,A
74,KALANGI VASANTHA LAHARI,CSE,HTI,C2,GK21,R101,2300032726,P,P,P,P,P,P,P,P
75,SUNNAPURALLA GOWRI PRAGATHI,CSE,HTI,C2,GK21,R101,2300032793,P,P,P,P,P,P,P,P
76,RAMAKRISHNA P,CSE,HTE,C2,GK21,R101,2300032883,A,A,A,A,A,A,A,A
77,MUPPANENI ABHIRAM,CSE,HTE,C2,GK21,R101,2300032917,A,A,A,A,A,A,A,A
78,PUTTUR CHANAKYA,CSE,HTE,C2,GK21,R101,2300032929,A,A,A,A,A,A,A,A
79,HASINI GUGULOTH,CSE,HTE,C2,GK21,R101,2300032937,P,P,A,A,A,A,A,A
80,BANDLA BHARGAVI,CSE,HTE,C2,GK21,R101,2300032939,P,P,P,P,P,P,P,P
81,KATURI SONU SRI,CSE,HTR,C2,GK21,R101,2300032941,P,P,P,P,P,P,P,P
82,GOLAKOTI BALA GANGA JAGAN MOHAN,CSE,HTE,C2,GK21,R101,2300033037,A,A,A,A,A,A,A,A
83,NAMBURI ASHRITH KRISHNA,CSE,HTI,C2,GK21,R101,2300033155,A,A,A,A,A,A,A,A
84,ANNAPUREDDY RAKSHITHA,CSE,HTE,C2,GK21,R101,2300033185,P,P,P,P,P,P,P,P
85,N.GIRITHARUN,CSE,HTR,C2,GK21,R101,2300033198,P,P,P,P,P,P,P,P
86,SURYA RAJENDRA,CSE,HTI,C2,GK21,R101,2300033309,P,P,P,P,P,P,P,P
87,SRIRAM SURAPUNENI,CSE,HTE,C2,GK21,R101,2300033408,A,A,A,A,A,A,A,A
88,DHARANI KATTA,CSE,HTE,C2,GK21,R101,2300033522,A,A,A,A,A,A,A,A
89,GUDA ABHINAVSAI,CSE,HTE,C2,GK21,R101,2300033557,A,A,A,A,A,A,A,A
90,ANUSURI SATYA SAI VENKAT,CSE,CSE1,C2,GK21,R101,2300033651,A,A,A,A,A,A,A,A
91,SAI VISHAL S,CSE,CSE1,C2,GK21,R101,2300033705,A,A,A,A,A,A,A,A
92,RAJANALA VARSHA,CSE,HTR,C2,GK21,R101,2300033718,P,P,P,P,P,P,P,P
93,KAYAKOKULA SRINIVAS,CSE,HTI,C2,GK21,R101,2300033736,A,A,A,A,A,A,A,A
94,ADAPAKA JAHNAVI,CSE,HTE,C2,GK21,R101,2300033919,A,A,A,A,A,A,A,A
95,CHAVAKULA CHANDU,ECE,HTE,C2,GK21,R101,2300040006,P,P,P,P,P,P,P,P
96,SENTHIL KUMAR HARINI,ECE,HTE,C2,GK21,R101,2300040025,P,P,P,P,P,P,P,P
97,KASANNENI ASWINI,ECE,HTE,C2,GK21,R101,2300040203,P,P,P,P,P,P,P,P
98,MEKALA CHARITHA,ECE,HTE,C2,GK21,R101,2300040209,A,A,A,A,A,A,A,A
99,AVULA VENKATA DHANUSH,ECE,HTE,C2,GK21,R101,2300040343,A,A,A,A,A,A,A,A
100,T.VENKATASAI,ECE,HTE,C2,GK21,R101,2300040347,P,P,P,P,P,P,P,P
101,NEMALA DHANABABU,ECE,HTE,C2,GK21,R101,2300040368,A,A,A,A,A,A,A,A
102,ADABALA NIRUP SAI RAM NAIDU,ECE,HTE,C2,GK21,R101,2300040407,P,P,P,P,P,P,P,P
103,SANKU RAJESH,ECE,HTE,C2,GK21,R101,2300040413,P,P,P,P,P,P,P,P
104,KATTA MEGHANA,EEE,HTE,C2,GK21,R101,2300060021,P,P,P,P,P,P,P,P
105,SAYANI VENKATA SRI SAI AKHIL,MECH,HTE,C2,GK21,R101,2300070006,A,A,A,A,A,A,A,A
106,DASARI JOSEPH JAKWES,MECH,HTE,C2,GK21,R101,2300070015,A,A,A,A,A,A,A,A
107,SHAIK AADIL BASHA,AIDS,HTI,C2,GK21,R101,2300080223,P,P,P,P,P,P,P,P
108,TUMMALA SAI LOHITH KUMAR,AIDS,HTI,C2,GK21,R101,2300080248,A,A,A,A,A,A,A,A
109,PUJYA MANOGNA,AIDS,HTE,C2,GK21,R101,2300080294,P,P,P,P,A,A,A,A
110,GUDLA LAHARI,CSIT,HTE,C2,GK21,R101,2300090017,P,P,P,P,A,A,A,A
111,RAJANI.THOTA,CSIT,HTE,C2,GK21,R101,2300090047,A,A,A,A,A,A,A,A
112,GURU DIVYA TEJA,CSIT,HTE,C2,GK21,R101,2300090112,P,P,P,P,P,P,P,P
113,KAKANI NAVYA,CSIT,HTI,C2,GK21,R101,2300090161,P,P,P,P,P,P,P,P
114,VIVEK DUBEY,CSIT,HTI,C2,GK21,R101,2300090196,P,P,P,P,P,A,A,A
115,GANDHAM BHANU PRAKASH,CSE,HTE,C2,GK21,R101,2300033213,A,A,A,A,A,A,A,A
116,M LAKSHMI BHARATHI,BT,BT,C2,IS204,R301A,2300010091,A,A,A,A,A,A,A,A
117,CH.GANGA BALA RAM,CE,CE,C2,IS204,R301A,2300029001,A,A,A,A,P,P,P,P
118,CHITTELU NISSY,CSE,HTR,C2,IS204,R301A,2300030144,P,P,P,P,P,P,P,P
119,KANTAMANI JYOTESH,CSE,HTR,C2,IS204,R301A,2300030302,A,A,A,A,A,A,A,A
120,SRINIDHI KARANGULA,CSE,HTR,C2,IS204,R301A,2300030305,P,P,P,P,A,A,A,A
121,SHAIK RAFI,CSE,HTR,C2,IS204,R301A,2300030771,A,A,A,A,A,A,A,A
122,YERRAPOTHU HARINI,CSE,HTR,C2,IS204,R301A,2300030839,A,A,A,A,P,P,A,A
123,MALLIPEDDI RAKESH,CSE,HTR,C2,IS204,R301A,2300030852,A,A,A,A,A,A,A,A
124,K BHASKARA ARUN,CSE,HTI,C2,IS204,R301A,2300030993,A,A,A,A,A,A,A,A
125,BALADARI BHASKARA SUBBARAYUDU,CSE,HTR,C2,IS204,R301A,2300031105,A,A,A,A,A,A,A,A
126,DASARI SRIKAR,CSE,HTR,C2,IS204,R301A,2300031257,P,P,P,P,P,P,P,P
127,DHARANI SRI VEMULAPALLI,CSE,HTI,C2,IS204,R301A,2300031337,P,P,P,P,P,P,P,P
128,ARRABOINA SRUJAN KUMAR,CSE,HTR,C2,IS204,R301A,2300031347,A,A,A,A,A,A,A,A
129,NALLAJALLA SUPREETH,CSE,HTR,C2,IS204,R301A,2300031463,P,P,P,P,P,P,P,P
130,MAJETI DHERAJ NAGA SAI SRIRAM,CSE,HTR,C2,IS204,R301A,2300031474,P,P,P,P,P,P,A,A
131,GADDIPATI NANDHINI,CSE,HTR,C2,IS204,R301A,2300031523,P,P,P,P,P,P,P,P
132,HARSHITHA MANNERI,CSE,HTR,C2,IS204,R301A,2300031589,P,P,P,P,P,P,P,P
133,HEBBATAM GOKULNATH REDDY,CSE,HTI,C2,IS204,R301A,2300031627,A,A,A,A,A,A,A,A
134,MARLA KARTHIKEYAN,CSE,HTR,C2,IS204,R301A,2300031642,A,A,A,A,A,A,A,A
135,PULIPAKA VENKATA SAI SANDILYA,CSE,HTR,C2,IS204,R301A,2300031691,P,P,P,P,P,P,P,P
136,SWAYAM SREETAM SWAIN,CSE,HTI,C2,IS204,R301A,2300031724,A,A,A,A,A,A,A,A
137,PREM RAJITH KUMAR.KOTHA,CSE,CSE2,C2,IS204,R301A,2300031785,A,A,A,A,A,A,A,A
138,NANDIPATI LAKSHMI HARSHINI,CSE,HTR,C2,IS204,R301A,2300032151,P,P,P,P,P,P,P,P
139,SHAIK GOUSE KAREEM,CSE,HTR,C2,IS204,R301A,2300032209,P,P,P,P,P,P,P,P
140,ALA VINUTHNA,CSE,HTR,C2,IS204,R301A,2300032220,P,P,P,P,P,P,P,P
141,JAMUDUGANI SAI PARAMESH,CSE,CSE2,C2,IS204,R301A,2300032254,P,P,P,P,P,P,P,P
142,BOREM AVINASH,CSE,HTR,C2,IS204,R301A,2300032356,P,P,P,P,P,P,A,A
143,SYED ABDUL RAZAK,CSE,HTR,C2,IS204,R301A,2300032428,A,A,A,A,P,P,P,P
144,MOHAMMED SOHAIL SHIRAZI,CSE,HTR,C2,IS204,R301A,2300032477,A,A,A,A,A,A,A,A
145,BATTULA SARVAGNA,CSE,HTR,C2,IS204,R301A,2300032545,A,A,A,A,A,A,A,A
146,DORBALA SAI NIKITHA,CSE,HTR,C2,IS204,R301A,2300032732,P,P,P,P,P,P,P,P
147,SK NAGURVALI,CSE,HTR,C2,IS204,R301A,2300032737,P,P,P,P,P,P,P,P
148,ANGARA AKSHAY,CSE,CSE2,C2,IS204,R301A,2300032978,P,P,P,P,A,A,A,A
149,GOTTUMUKKALA NAGA VENKATA SATYA GAYATHRI,CSE,CSE2,C2,IS204,R301A,2300033002,A,A,A,A,A,A,A,A
150,Y S V S M DIVYASRI,CSE,CSE2,C2,IS204,R301A,2300033003,A,A,A,A,A,A,A,A
151,V S S KOMALI MANIKONDA,CSE,CSE2,C2,IS204,R301A,2300033004,A,A,A,A,A,A,A,A
152,MATTAPARTHI BHAVANA SAI YASASWINI,CSE,CSE2,C2,IS204,R301A,2300033012,A,A,A,A,A,A,A,A
153,G.SHASHANK SREENIVAS,CSE,CSE2,C2,IS204,R301A,2300033058,A,A,A,A,A,A,A,A
154,SUDEPALLI MANIKANTA NAVADEEP,CSE,CSE2,C2,IS204,R301A,2300033069,A,A,A,A,A,A,A,A
155,NOSSAM REVANTH KUMAR REDDY,CSE,CSE2,C2,IS204,R301A,2300033080,A,A,A,A,A,A,A,A
156,NANDITHA REDDY TADIPARTHI,CSE,CSE2,C2,IS204,R301A,2300033098,P,P,P,P,P,P,P,P
157,GUNTIMADUGU REDDYPRASANNA,CSE,CSE2,C2,IS204,R301A,2300033100,P,P,P,P,P,P,P,P
158,GURUGUBILLI PRAGNA VARDHAN,CSE,HTR,C2,IS204,R301A,2300033103,A,A,A,A,A,A,A,A
159,RETLA VENKATA SAI CHARAN,CSE,CSE2,C2,IS204,R301A,2300033116,A,A,A,A,A,A,A,A
160,AMMINENI YASWANTH KUMAR,CSE,CSE2,C2,IS204,R301A,2300033131,A,A,A,A,A,A,A,A
161,GUMPENA VENKATA KARTHIK,CSE,CSE2,C2,IS204,R301A,2300033145,P,P,P,P,P,P,P,P
162,JAHNAVISRI,CSE,CSE2,C2,IS204,R301A,2300033160,A,A,A,A,A,A,A,A
163,CHOWDAWARAPU TEJASWINI,CSE,CSE2,C2,IS204,R301A,2300033172,P,P,P,P,P,P,A,A
164,PRATHAM HEBLE,CSE,HTR,C2,IS204,R301A,2300033210,A,A,A,A,A,A,A,A
165,BADI AASHRITHA REDDY,CSE,CSE2,C2,IS204,R301A,2300033263,A,A,A,A,A,A,A,A
166,THUMATI PHANI KARTHIK,CSE,CSE2,C2,IS204,R301A,2300033264,P,P,P,P,P,P,P,P
167,CHALLA MAHESH REDDY,CSE,CSE2,C2,IS204,R301A,2300033280,A,A,A,A,A,A,A,A
168,SHAIK UMAR FAROOQ,CSE,CSE2,C2,IS204,R301A,2300033369,P,P,P,P,P,P,P,P
169,RACHURI SARANYA,CSE,CSE2,C2,IS204,R301A,2300033443,A,A,A,A,A,A,A,A
170,PERUMALLA KAVYA,CSE,CSE2,C2,IS204,R301A,2300033473,A,A,A,A,A,A,A,A
171,ALTHI BHARGAVI,CSE,CSE2,C2,IS204,R301A,2300033502,A,A,A,A,A,A,A,A
172,PAVAN DEGALA,CSE,CSE2,C2,IS204,R301A,2300033518,P,P,P,P,P,P,P,P
173,NARENDULA SUMANTH,CSE,CSE2,C2,IS204,R301A,2300033601,A,A,A,A,A,A,A,A
174,PILLYI G SHANKAR,CSE,CSE2,C2,IS204,R301A,2300033631,A,A,A,A,A,A,A,A
175,PYDIPARTHY VYSHNAVI,CSE,HTR,C2,IS204,R301A,2300033738,P,P,P,P,P,P,A,A
176,BHAGAM JASMITHA,CSE,HTI,C2,IS204,R301A,2300033739,P,P,P,P,P,P,P,P
177,SHAIK SAMEER MEHADI,CSE,HTR,C2,IS204,R301A,2300033776,A,A,A,A,A,A,A,A
178,POTTI MOHANA PRIYA,CSE,CSE2,C2,IS204,R301A,2300033804,P,P,P,P,P,P,P,P
179,KONDA BHAVAGNA REDDY,CSE,HTI,C2,IS204,R301A,2300033810,A,A,A,A,A,A,A,A
180,NEMANI VENKAT,CSE,HTR,C2,IS204,R301A,2300033877,A,A,A,A,P,P,P,P
181,GADIPALLI MANIKANTH,CSE,CSE2,C2,IS204,R301A,2300033898,A,A,A,A,A,A,A,A
182,SEEPANA VIKAS,CSE,CSE2,C2,IS204,R301A,2300033917,A,A,A,A,A,A,A,A
183,BONGU. SRIHITHA NAIDU,AIDS,HTR,C2,IS204,R301A,2300080004,P,P,P,P,P,P,P,P
184,ATTILI NAGA SATYA MEENA SAMEERA,AIDS,HTR,C2,IS204,R301A,2300080069,A,A,A,A,A,A,A,A
185,GOWTHAMDASARI,AIDS,HTI,C2,IS204,R301A,2300080156,A,A,A,A,A,A,A,A
186,CHAMANCHI ROOPASREE,AIDS,HTR,C2,IS204,R301A,2300080174,P,P,P,P,A,A,A,A
187,KUNCHALA LOKANADHA MANIKANTA,AIDS,HTR,C2,IS204,R301A,2300080182,P,P,P,P,A,A,A,A
188,BALUSU SATHWIKA,AIDS,HTR,C2,IS204,R301A,2300080193,A,A,A,A,A,A,A,A
189,TANMAYEE THELAGATHOTI,AIDS,HTR,C2,IS204,R301A,2300080252,A,A,A,A,A,A,A,A
190,ADAPALA GEETHIKA,AIDS,HTR,C2,IS204,R301A,2300080318,P,P,P,P,A,A,A,A
191,KOLISETTY SATYA SAI NAGA SUBRAMANYAM,AIDS,HTR,C2,IS204,R301A,2300080387,A,A,A,A,A,A,A,A
192,RAJUVARI GNANAVIKA,CSIT,HTR,C2,IS204,R301A,2300090037,A,A,A,A,A,A,A,A
193,KANDULA CHANDAN NEEL,CSIT,HTI,C2,IS204,R301A,2300090251,P,P,P,P,P,P,P,P
194,SIVATEJASANAKA,CSIT,HTR,C2,IS204,R301A,2300090371,A,A,A,A,A,A,A,A
195,BOTLAGUNTA JYOTHIKA,CSE,CSE1,C1,SI13,R301B,2300030100,P,P,P,P,P,P,P,P
196,DACHARLA SREEKAR,CSE,HTR,C1,SI13,R301B,2300030150,P,P,P,P,P,P,P,P
197,GADAMSETTY KEERTHI,CSE,CSE1,C1,SI13,R301B,2300030185,P,P,P,P,P,P,P,P
198,GAJULA YASWANTH KUMAR,CSE,CSE2,C1,SI13,R301B,2300030194,A,A,P,P,P,P,P,P
199,GANDHAM HEMANTH,CSE,CSE2,C1,SI13,R301B,2300030197,P,P,P,P,P,P,P,P
200,GARIMELLA DEEPTHI,CSE,CSE1,C1,SI13,R301B,2300030201,P,P,P,P,P,P,P,P
201,VEERAMALLA SARVANI,CSE,CSE1,C1,SI13,R301B,2300030714,P,P,P,P,P,P,P,P
202,YARLAGADDA DIVYA,CSE,HTR,C1,SI13,R301B,2300030749,A,A,A,A,A,A,A,A
203,PASUPULETI VAMSHI KARTHIK,CSE,CSE2,C1,SI13,R301B,2300030965,P,P,P,P,P,P,P,P
204,GADAGOTTU MANITEJ CHOWDARY,CSE,HTE,C1,SI13,R301B,2300031033,A,A,A,A,A,A,A,A
205,PESALA VENKATA PAVAN MOHITH,CSE,HTE,C1,SI13,R301B,2300031066,P,P,A,A,A,A,A,A
206,SAI SRI CHARAN SAMAYAMANTULA,CSE,CSE1,C1,SI13,R301B,2300031071,P,P,P,P,P,P,P,P
207,POLAMARASETTI ASHMITHA,CSE,CSE2,C1,SI13,R301B,2300031370,P,P,P,P,P,P,P,P
208,KOLLI SHANMUKHA REDDY,CSE,CSE2,C1,SI13,R301B,2300031518,P,P,P,P,A,A,A,A
209,HEMANTH BRAHMAJI VINJAVARAPU,CSE,HTE,C1,SI13,R301B,2300031629,P,P,A,A,A,A,A,A
210,CHAVATA KEERAVANISH,CSE,CSE3,C1,SI13,R301B,2300031659,P,P,P,P,P,P,P,P
211,MODUGULA RAMYA SRI,CSE,CSE2,C1,SI13,R301B,2300031660,P,P,P,P,P,P,P,P
212,GUTTAPATI ESWARA PRASAD,CSE,HTE,C1,SI13,R301B,2300031780,A,A,A,A,A,A,A,A
213,NANDIPATI RAGHAVENDRA,CSE,CSE3,C1,SI13,R301B,2300031924,A,A,A,A,A,A,A,A
214,NIKHILSAITEJ,CSE,CSE2,C1,SI13,R301B,2300032044,P,P,P,P,P,P,P,P
215,KALLA SUDEER KUMAR,CSE,CSE2,C1,SI13,R301B,2300032106,P,P,P,P,P,P,P,P
216,SHAIK AHMAD RAJA,CSE,CSE2,C1,SI13,R301B,2300032147,P,P,P,P,P,P,P,P
217,MIRIYALA GEETHIKA,CSE,CSE3,C1,SI13,R301B,2300032213,A,A,A,A,A,A,A,A
218,CHITRAKAVI VENKAT,CSE,CSE1,C1,SI13,R301B,2300032346,P,P,P,P,P,P,P,P
219,AVANIGADDA NEHA,CSE,HTE,C1,SI13,R301B,2300032553,P,P,P,P,P,P,P,P
220,BOBBA SNEHALATHA REDDY,CSE,HTE,C1,SI13,R301B,2300032572,A,A,A,A,A,A,A,A
221,GANPISETTI DHANYA SRI,CSE,HTR,C1,SI13,R301B,2300032840,P,P,P,P,P,P,P,P
222,J TANUJ KUMAR DEV,CSE,HTE,C1,SI13,R301B,2300032921,A,A,A,A,A,A,A,A
223,U HARPITA,CSE,HTE,C1,SI13,R301B,2300032992,A,A,A,A,A,A,A,A
224,G BHAVANI,CSE,HTE,C1,SI13,R301B,2300032996,A,A,A,A,A,A,A,A
225,ABBURI JITHIN CHOWDARY,CSE,HTI,C1,SI13,R301B,2300033180,P,P,P,P,A,A,P,P
226,UMMA ANVITHA VAISHNAVI,CSE,CSE3,C1,SI13,R301B,2300033217,P,P,A,A,A,A,A,A
227,CHINNABOINA VARSHITHA,CSE,CSE1,C1,SI13,R301B,2300033250,P,P,P,P,P,P,P,P
228,MATTEPU JAGADEESWAR,CSE,CSE2,C1,SI13,R301B,2300033326,P,P,A,A,A,A,A,A
229,JAHNAVI PARUCHURI,CSE,CSE1,C1,SI13,R301B,2300033409,P,P,P,P,P,P,P,P
230,TUFAIL AHMAD,CSE,CSE2,C1,SI13,R301B,2300033529,P,P,A,A,A,A,A,A
231,VINAYAK KUMAR,CSE,HTE,C1,SI13,R301B,2300033530,P,P,P,P,P,P,P,P
232,SAYANI DATTA,CSE,HTE,C1,SI13,R301B,2300033554,P,P,A,A,A,A,A,A
233,GURRAM SANJANA RAJENDRARAO,CSE,HTE,C1,SI13,R301B,2300033593,P,P,P,P,P,P,P,P
234,PEDAPUDI S K V S M SRI KAVYA,CSE,CSE3,C1,SI13,R301B,2300033599,P,P,P,P,P,P,P,P
235,GUTTULA SWATHI SREE,CSE,CSE1,C1,SI13,R301B,2300033805,P,P,P,P,P,P,P,P
236,TWINKLE BEHERA,CSE,CSE2,C1,SI13,R301B,2300033871,P,P,A,A,A,A,A,A
237,AVULA VISHNU PRIYA,CSE,CSE3,C1,SI13,R301B,2300039018,P,P,A,A,P,P,P,P
238,DUNAKA CHETAN,CSE,CSE3,C1,SI13,R301B,2300039030,P,P,P,P,P,P,P,P
239,Y NAGA MAHESWAR REDDY,CSE,CSE3,C1,SI13,R301B,2300039076,P,P,P,P,P,P,P,P
240,YARLAGADDA PAVANI,CSE,CSE3,C1,SI13,R301B,2300039086,A,A,A,A,A,A,A,A
241,CHODA RAGHU LAKSHMAN,CSE,CSE3,C1,SI13,R301B,2300039106,P,P,P,P,P,P,P,P
242,ARDHALA SRILAKSHMI,ECE,HTE,C1,SI13,R301B,2300040002,P,P,P,P,P,P,P,P
243,KUTHANI GNANA DEEPIKA,ECE,ECE,C1,SI13,R301B,2300040017,P,P,P,P,P,P,P,P
244,ARDHALA GOWTHAMI,ECE,ECE,C1,SI13,R301B,2300040075,P,P,P,P,P,P,P,P
245,LANKALAPALLI SHARMILA,ECE,ECE,C1,SI13,R301B,2300040076,A,A,A,A,A,A,A,A
246,SOWJANYA ARDHALA,ECE,ECE,C1,SI13,R301B,2300040102,P,P,P,P,P,P,P,P
247,KOSURU ROHITH VINAY TARAK,ECE,ECE,C1,SI13,R301B,2300040108,P,P,P,P,P,P,P,P
248,KEDARAPU. HARSHA VARDHAN,ECE,ECE,C1,SI13,R301B,2300040152,P,P,P,P,P,P,P,P
249,KARTHIK NELLI,ECE,ECE,C1,SI13,R301B,2300040170,A,A,A,A,A,A,A,A
250,KIRAN NAIDU CHALLA,ECE,HTE,C1,SI13,R301B,2300040228,A,A,A,A,A,A,A,A
251,BALASA MITRA MUKESH,ECE,HTE,C1,SI13,R301B,2300040284,P,P,P,P,P,P,A,A
252,BANDARU SUJANA,ECE,ECE,C1,SI13,R301B,2300040305,P,P,P,P,P,P,P,P
253,SOMA SAI KARTHIK DUVVURI,ECE,ECE,C1,SI13,R301B,2300040334,P,P,P,P,P,P,P,P
254,JANNILA SRAVANI,ECE,HTR,C1,SI13,R301B,2300040373,A,A,A,A,A,A,A,A
255,ARSHIYA SHAIK,ECE,ECE,C1,SI13,R301B,2300040383,A,A,A,A,A,A,A,A
256,GUDLA GOVARDHAN SAI,AIDS,AIDS,C1,SI13,R301B,2300080016,A,A,A,A,A,A,A,A
257,VANGETI PAVAN SAI,AIDS,HTE,C1,SI13,R301B,2300080048,P,P,P,P,P,P,P,P
258,BONDADA BHAVIKA,AIDS,AIDS,C1,SI13,R301B,2300080128,P,P,P,P,P,P,P,P
259,GANGIREDDY RAMESHWAR REDDY,AIDS,HTE,C1,SI13,R301B,2300080172,P,P,P,P,P,P,P,P
260,APPALA YATIN RAHUL,AIDS,HTE,C1,SI13,R301B,2300080173,P,P,P,P,P,P,P,P
261,NAGUMOTHU NAVYA SRI SAI MAHA LAKSHMI,AIDS,AIDS,C1,SI13,R301B,2300080236,P,P,P,P,P,P,P,P
262,GOLLA SURESH,CSIT,CSIT,C1,SI13,R301B,2300090131,A,A,A,A,A,A,A,A
263,KAKARLA VENKATA RAMA SAI PAVAN SHANMUKH,CSIT,CSIT,C1,SI13,R301B,2300090201,A,A,A,A,A,A,A,A
264,RANABOTHU GNANA PRIYA DHARSHINI REDDY,CSIT,CSIT,C1,SI13,R301B,2300090204,P,P,A,A,P,P,A,A
265,MAHESH BOLLINENI,CSE,CSE3,C1,IS102,R302A,2300030090,P,P,P,P,P,P,P,P
266,JALA SINDHU SRI,CSE,CSE3,C1,IS102,R302A,2300030265,P,P,P,P,P,P,P,P
267,GNANA SEKHAR JASTI,CSE,CSE3,C1,IS102,R302A,2300030275,A,A,A,A,A,A,A,A
268,KAKUMANU SIDDARDHA,CSE,CSE3,C1,IS102,R302A,2300030289,P,P,P,P,P,P,P,P
269,KAVANOOR VAISHNAVI,CSE,HTR,C1,IS102,R302A,2300030318,P,P,P,P,P,P,P,P
270,KUNDA HARI VYSHNAVI,CSE,CSE3,C1,IS102,R302A,2300030370,P,P,P,P,P,P,P,P
271,LAKSHMI TIRUPATAMMA ANJANA GANIPISETTY,CSE,CSE3,C1,IS102,R302A,2300030376,A,A,A,A,A,A,A,A
272,P SIVAJAGDEESH,CSE,CSE3,C1,IS102,R302A,2300030485,P,P,P,P,P,P,P,P
273,RONIT KUMAR SAHU,CSE,HTR,C1,IS102,R302A,2300030588,A,A,A,A,A,A,A,A
274,RAM KUMAR REDDY,CSE,CSE3,C1,IS102,R302A,2300030692,A,A,A,A,A,A,A,A
275,VALIVETI GNANA DEEP,CSE,HTR,C1,IS102,R302A,2300030704,P,P,P,P,P,P,P,P
276,ABHISHEK KUMAR,CSE,CSE1,C1,IS102,R302A,2300030790,P,P,P,P,P,P,P,P
277,DIVYASAILALITHA,CSE,HTR,C1,IS102,R302A,2300030865,A,A,A,A,A,A,A,A
278,NARLA LAKSHMI ALEKHYA,CSE,HTI,C1,IS102,R302A,2300030897,P,P,P,P,P,P,P,P
279,CHUNDURU HEMANTH NAIDU,CSE,HTR,C1,IS102,R302A,2300030915,P,P,P,P,P,P,P,P
280,NANDAMURI.MOHANA PRAKASH,CSE,CSE3,C1,IS102,R302A,2300030962,A,A,A,A,A,A,A,A
281,PODISHETTI SHIVA KRISHNA,CSE,HTR,C1,IS102,R302A,2300030967,A,A,A,A,A,A,A,A
282,VELUGUBANTLA SRI DURGA DEVI,CSE,CSE3,C1,IS102,R302A,2300031054,P,P,P,P,P,P,A,A
283,GANAPATI SRI DURGA VENKATA ABHISHEK,CSE,HTR,C1,IS102,R302A,2300031226,A,A,A,A,A,A,A,A
284,PASALA AVINASH,CSE,CSE3,C1,IS102,R302A,2300031350,P,P,P,P,P,P,P,P
285,PATHURI SIVA RAMA KRISHNA,CSE,CSE3,C1,IS102,R302A,2300031393,P,P,P,P,P,P,P,P
286,NANDIGAM.VENKATA SAI RAGA SUSMITHA,CSE,CSE3,C1,IS102,R302A,2300031472,P,P,P,P,P,P,P,P
287,KOYA CHARISHMA,CSE,CSE3,C1,IS102,R302A,2300031533,A,A,A,A,A,A,A,A
288,BHUVANESWARI T,CSE,CSE1,C1,IS102,R302A,2300031595,P,P,P,P,P,P,P,P
289,S SREE KEERTHANA,CSE,HTI,C1,IS102,R302A,2300031621,A,A,A,A,A,A,A,A
290,JAVVAJI NAGA VENKATA BHAVYA DEEPTHI,CSE,CSE3,C1,IS102,R302A,2300031643,P,P,P,P,P,P,P,P
291,P LAKSHMI SANDEEP,CSE,CSE1,C1,IS102,R302A,2300031717,A,A,A,A,A,A,A,A
292,DHARMAVEER,CSE,CSE3,C1,IS102,R302A,2300031733,P,P,P,P,P,P,P,P
293,ANUMALASETTY HEMANTH THARUN,CSE,CSE3,C1,IS102,R302A,2300031828,P,P,P,P,P,P,P,P
294,KANJULA MEGHANA REDDY,CSE,CSE3,C1,IS102,R302A,2300031839,P,P,P,P,P,P,P,P
295,KONANGI GOPI,CSE,CSE3,C1,IS102,R302A,2300031854,P,P,P,P,P,P,P,P
296,MARUTHI SRUTHI MEKALA,CSE,HTR,C1,IS102,R302A,2300031907,P,P,P,P,P,P,P,P
297,KURRA CHANDANA SAI,CSE,HTR,C1,IS102,R302A,2300031986,A,A,A,A,A,A,A,A
298,ADUSUMALLI DEEPIKA,CSE,CSE1,C1,IS102,R302A,2300032074,A,A,A,A,A,A,A,A
299,ENDLAMURI BHAVYA SRI,CSE,CSE3,C1,IS102,R302A,2300032143,P,P,P,P,P,P,P,P
300,SURYA RUTHVIK OBBILISETTY,CSE,HTR,C1,IS102,R302A,2300032226,A,A,A,A,A,A,A,A
301,VAKA RAMYA,CSE,CSE3,C1,IS102,R302A,2300032264,A,A,A,A,A,A,A,A
302,SHAIK MOHAMMAD SHANAWAZ,CSE,HTI,C1,IS102,R302A,2300032293,A,A,A,A,A,A,A,A
303,PRIYA VAISHNAVI SAI LAKSHMI,CSE,CSE3,C1,IS102,R302A,2300032318,A,A,A,A,A,A,A,A
304,PAYILA N S M SIVA RAMAKRISHNA NISCHAY,CSE,CSE3,C1,IS102,R302A,2300032447,P,P,P,P,P,P,P,P
305,ANNMAREDDY GOURI PRIYANKA,CSE,HTR,C1,IS102,R302A,2300032459,P,P,P,P,P,P,P,P
306,PANCHAKATLA SUMANA,CSE,CSE3,C1,IS102,R302A,2300032490,A,A,A,A,A,A,A,A
307,AYEKA NAGA CHAITHANYA,CSE,CSE3,C1,IS102,R302A,2300032539,A,A,A,A,A,A,A,A
308,SHAIK MAHABOOB BASHA,CSE,HTI,C1,IS102,R302A,2300032620,A,A,A,A,A,A,A,A
309,KOLLA BHARGAVI,CSE,HTR,C1,IS102,R302A,2300032671,A,A,A,A,A,A,A,A
310,JAMPANA SAI MEGHANA,CSE,HTI,C1,IS102,R302A,2300032690,P,P,P,P,P,P,P,P
311,HARI JOSHITHA,CSE,HTR,C1,IS102,R302A,2300032717,P,P,P,P,P,P,P,P
312,VEMPALIESWAR,CSE,HTI,C1,IS102,R302A,2300032729,A,A,A,A,A,A,A,A
313,KARRI GOWTHAM VENKATA REDDY,CSE,HTR,C1,IS102,R302A,2300032792,A,A,A,A,A,A,A,A
314,VEGE.MAHITHA CHOWDARY,CSE,HTR,C1,IS102,R302A,2300032831,A,A,A,A,A,A,A,A
315,SAI PRUDHVI RAJA DODDA,CSE,HTR,C1,IS102,R302A,2300032835,P,P,P,P,P,P,P,P
316,VETCHAPADMAPRIYA,CSE,HTR,C1,IS102,R302A,2300032903,P,P,P,P,P,P,P,P
317,BOPPANA VINAY MANIKANTA CHOWDARY,CSE,CSE3,C1,IS102,R302A,2300033023,A,A,A,A,A,A,A,A
318,KAMBHAMPATI NARENDRA BABU,CSE,CSE3,C1,IS102,R302A,2300033099,A,A,A,A,A,A,A,A
319,MAHESH REDDY,CSE,CSE3,C1,IS102,R302A,2300033137,P,P,P,P,P,P,P,P
320,ACHYUTHA SAI LAKSHMI,CSE,CSE3,C1,IS102,R302A,2300033275,P,P,P,P,P,P,P,P
321,B V VAMSHI MADHAV,CSE,CSE3,C1,IS102,R302A,2300033391,P,P,A,A,P,P,P,P
322,MULUPURI KARTHIK,CSE,CSE3,C1,IS102,R302A,2300033444,A,A,A,A,A,A,A,A
323,A SOWMYA,CSE,HTR,C1,IS102,R302A,2300033501,A,A,A,A,A,A,A,A
324,BOLLA AMRUTHA,CSE,HTR,C1,IS102,R302A,2300033508,A,A,A,A,A,A,A,A
325,KAMATAM. SUPRIYA,CSE,HTR,C1,IS102,R302A,2300033619,P,P,P,P,P,P,P,P
326,NOUGOTLA MADHAVA SAI,CSE,CSE3,C1,IS102,R302A,2300033676,P,P,P,P,P,P,P,P
327,GANTA SAI TEJA REDDY,CSE,CSE3,C1,IS102,R302A,2300033716,P,P,P,P,P,P,P,P
328,Y LAKSHMI GANESH,CSE,CSE3,C1,IS102,R302A,2300033755,A,A,A,A,A,A,A,A
329,SANDEEP VEMURI,CSE,CSE3,C1,IS102,R302A,2300033829,P,P,P,P,P,P,P,P
330,NISCHAL PARIMI,CSE,CSE3,C1,IS102,R302A,2300033872,P,P,P,P,P,P,A,A
331,V ROHITH KUMAR,CSE,HTI,C1,IS102,R302A,2300033887,A,A,A,A,A,A,A,A
332,ABHISHEK,CSE,CSE3,C1,IS102,R302A,2300033907,A,A,A,A,A,A,A,A
333,BALA SANKAR VINAY,CSE,HTR,C1,IS102,R302A,2300033911,P,P,P,P,P,P,P,P
334,SURLA KATYAYANI,CSE,CSE3,C1,IS102,R302A,2300039052,P,P,P,P,P,P,P,P
335,PATHAN AMANULLA KHAN,CSE,CSE3,C1,IS102,R302A,2300039144,A,A,A,A,A,A,A,A
336,GORINTAHARSHITHA,ECE,HTI,C1,IS102,R302A,2300040221,P,P,P,P,P,P,P,P
337,KIRAN SAI VARSHITHA GANDEPALLI,CSIT,HTI,C1,IS102,R302A,2300090099,A,A,A,A,A,A,A,A
338,BACHU ADHARSH KUMAR,CSIT,HTI,C1,IS102,R302A,2300090163,A,A,A,A,A,A,A,A
339,GORIPARTHI. PAVITHRA DURGA,CSE,CSE3,C1,IS102,R302A,2300033090,A,A,A,A,A,A,P,P
340,ADUSUMALLI KEERTHI PRIYA,CSE,HTE,C2,SI24,R302B,2300030016,P,P,P,P,P,P,P,P
341,ALLAM SIRISH,CSE,HTE,C2,SI24,R302B,2300030029,P,P,P,P,P,P,A,A
342,BALLA LAKSHMI SUDHARSHINI,CSE,CSE3,C2,SI24,R302B,2300030065,P,P,P,P,P,P,P,P
343,BATTULA SAI ANUSHKA,CSE,HTI,C2,SI24,R302B,2300030077,P,P,P,P,P,P,P,P
344,SATYAVATHI BORRA,CSE,CSE1,C2,SI24,R302B,2300030098,A,A,A,A,A,A,A,A
345,KARANKI PAVANI,CSE,CSE1,C2,SI24,R302B,2300030306,P,P,P,P,P,P,P,P
346,MANOJ KUMAR,CSE,CSE2,C2,SI24,R302B,2300030416,A,A,A,A,A,A,A,A
347,MOHAMMED NADEEM,CSE,CSE2,C2,SI24,R302B,2300030437,P,P,P,P,P,P,P,P
348,PALA LUHENDRA SIMHA,CSE,CSE1,C2,SI24,R302B,2300030496,A,A,A,A,A,A,A,A
349,PENTAKOTA KAREENA,CSE,CSE1,C2,SI24,R302B,2300030526,A,A,A,A,A,A,A,A
350,PONDURI LAKSHMI,CSE,HTE,C2,SI24,R302B,2300030543,P,P,P,P,P,P,P,P
351,SAMUDRAM SIRI MEGHANA,CSE,CSE1,C2,SI24,R302B,2300030601,P,P,P,P,P,P,P,P
352,SRIRAM PRAVALLIKA,CSE,CSE2,C2,SI24,R302B,2300030652,P,P,P,P,P,P,P,P
353,TUMMALAPENTA LIKITHA,CSE,CSE3,C2,SI24,R302B,2300030688,A,A,A,A,A,A,A,A
354,VALLABAPURAPU EEKSHITHA,CSE,CSE1,C2,SI24,R302B,2300030705,P,P,P,P,P,P,P,P
355,JANAKIRAM VATTIKONDA,CSE,HTE,C2,SI24,R302B,2300030711,P,P,P,P,P,P,P,P
356,POTHULA MANOJ,CSE,CSE1,C2,SI24,R302B,2300030780,A,A,A,A,A,A,A,A
357,EMANI YASHMITHA,CSE,CSE4,C2,SI24,R302B,2300030794,P,P,P,P,P,P,P,P
358,NEHA SAMEERA SALOPANTULA,CSE,CSE2,C2,SI24,R302B,2300030963,A,A,A,A,A,A,A,A
359,DUMPA NAGA SIDDARTHA REDDY,CSE,HTI,C2,SI24,R302B,2300030981,P,P,P,P,P,P,P,P
360,PATNALA NAGA JAYANTH KUMAR,CSE,CSE1,C2,SI24,R302B,2300031007,P,P,P,P,P,P,P,P
361,MUTLURI SURENDRA VENKATA KUMAR,CSE,CSE3,C2,SI24,R302B,2300031141,P,P,P,P,P,P,P,P
362,CHAKRI SRI SAI ADITYA KOTIPALLI,CSE,CSE2,C2,SI24,R302B,2300031152,P,P,P,P,P,P,P,P
363,CHEEDELLA RISHIKA,CSE,CSE3,C2,SI24,R302B,2300031216,A,A,A,A,A,A,A,A
364,PABBINEEDI VEERA VENKATA SAI PRANEETH,CSE,CSE3,C2,SI24,R302B,2300031219,P,P,P,P,P,P,P,P
365,SOWMITH REDDY,CSE,CSE2,C2,SI24,R302B,2300031297,A,A,A,A,A,A,A,A
366,KADTHALA SIDDHARTHAREDDY,CSE,CSE2,C2,SI24,R302B,2300031373,A,A,A,A,A,A,A,A
367,BODA BHARGAVA RAMA LAKSHMANA RAO,CSE,CSE1,C2,SI24,R302B,2300031478,A,A,A,A,A,A,A,A
368,MARIO LAWRENCE,CSE,HTE,C2,SI24,R302B,2300031507,A,A,A,A,P,P,P,P
369,M.LAKSHMI SAI ARCHANA,CSE,CSE2,C2,SI24,R302B,2300031676,P,P,P,P,P,P,P,P
370,REDDY LIKHITHA,CSE,CSE1,C2,SI24,R302B,2300031740,P,P,P,P,P,P,P,P
371,BHARATA SAI VARSHITHA,CSE,CSE1,C2,SI24,R302B,2300031770,A,A,A,A,A,A,A,A
372,ALAPATI LAHARI,CSE,HTE,C2,SI24,R302B,2300031852,A,A,A,A,A,A,A,A
373,VEDANTAM REVANTH SAI,CSE,HTE,C2,SI24,R302B,2300031900,P,P,P,P,P,P,P,P
374,MATTA HARSHITA,CSE,HTR,C2,SI24,R302B,2300031919,P,P,P,P,P,P,P,P
375,SAKKA ALEKHYA,CSE,CSE2,C2,SI24,R302B,2300031994,P,P,P,P,P,P,P,P
376,BADAMSETTI BALA SATYA SAI MAHENDRA,CSE,CSE1,C2,SI24,R302B,2300032012,P,P,P,P,P,P,A,A
377,NALLAMILLI VINAY REDDY,CSE,CSE1,C2,SI24,R302B,2300032111,P,P,P,P,P,P,P,P
378,GUTTA SREEHITHA,CSE,CSE2,C2,SI24,R302B,2300032163,P,P,P,P,P,P,P,P
379,GAJULA ANANYA,CSE,CSE1,C2,SI24,R302B,2300032176,P,P,P,P,P,P,P,P
380,VYSHNAVI JAMMI,CSE,CSE1,C2,SI24,R302B,2300032283,A,A,A,A,A,A,A,A
381,CHODIPINDI VENKATA SAI ABHIRAM,CSE,HTR,C2,SI24,R302B,2300032404,P,P,P,P,P,P,P,P
382,KOLISETTY SREYA SRI,CSE,CSE2,C2,SI24,R302B,2300032409,P,P,P,P,P,P,P,P
383,SHAIK SABEEHA TASLEEM,CSE,CSE2,C2,SI24,R302B,2300032440,A,A,A,A,A,A,A,A
384,HITAISHI DEVARAPALLI,CSE,HTI,C2,SI24,R302B,2300032515,P,P,P,P,P,P,P,P
385,PALAPARTHI ANUSHA,CSE,CSE1,C2,SI24,R302B,2300032684,P,P,P,P,P,P,P,P
386,SALAKA MAHALAKSHMI PRIYANKA,CSE,CSE1,C2,SI24,R302B,2300032709,P,P,P,P,P,P,P,P
387,DANTU DASWANTH MANI KRISHNA,CSE,CSE3,C2,SI24,R302B,2300032788,P,P,P,P,P,P,A,A
388,MACHINA HEMA HARSHITHA,CSE,CSE2,C2,SI24,R302B,2300032828,A,A,A,A,A,A,A,A
389,MINHAJ BANU MOHAMMAD,CSE,CSE2,C2,SI24,R302B,2300032856,P,P,P,P,P,P,P,P
390,DIVYANSHU RAJ,CSE,CSE4,C2,SI24,R302B,2300032975,A,A,A,A,A,A,A,A
391,MUNNA KUMAR,CSE,HTE,C2,SI24,R302B,2300032990,P,P,P,P,P,P,P,P
392,VAGICHERLA VENKATA SIVA MANI SAI KUSHAL,CSE,CSE2,C2,SI24,R302B,2300033006,P,P,P,P,P,P,P,P
393,VENKATA CHARAN KUMAR REDDY BOLLAVARAM,CSE,CSE2,C2,SI24,R302B,2300033007,P,P,P,P,P,P,P,P
394,MEGHASHYAM CHALLA,CSE,HTE,C2,SI24,R302B,2300033093,A,A,P,P,P,P,A,A
395,YERRAMSETTY SAI MOUNISH,CSE,HTE,C2,SI24,R302B,2300033138,P,P,P,P,P,P,A,A
396,ATMAKURU SINDHU NANDINI,CSE,CSE2,C2,SI24,R302B,2300033149,P,P,P,P,P,P,P,P
397,PALLAPOTHU SREEJA PRIYA,CSE,CSE2,C2,SI24,R302B,2300033167,P,P,P,P,P,P,P,P
398,EDAPA BHANU VIGNESH,CSE,CSE3,C2,SI24,R302B,2300033284,A,A,A,A,A,A,A,A
399,GUNTAMADUGU NIKHIL,CSE,HTE,C2,SI24,R302B,2300033357,A,A,A,A,A,A,A,A
400,GANDHAM PRATHIBA,CSE,HTE,C2,SI24,R302B,2300033624,P,P,P,P,P,P,P,P
401,DIVYA NUKALA,CSE,HTE,C2,SI24,R302B,2300033693,P,P,P,P,P,P,P,P
402,KONATHAM LAKSHMI NARASIMHA SANDEEP,CSE,CSE1,C2,SI24,R302B,2300033698,A,A,A,A,A,A,A,A
403,PASUPULETI VIJAY KRISHNA,CSE,CSE2,C2,SI24,R302B,2300033747,P,P,P,P,P,P,P,P
404,KARTHIKEYA GADALA,CSE,HTE,C2,SI24,R302B,2300033789,A,A,A,A,A,A,A,A
405,ABHISHEK KUMAR,CSE,CSE2,C2,SI24,R302B,2300033822,A,A,A,A,A,A,A,A
406,RODDAM AASHISH SIMHA REDDY,CSE,CSE2,C2,SI24,R302B,2300033824,A,A,A,A,A,A,A,A
407,BYSANI SAI VAMSI,CSE,CSE3,C2,SI24,R302B,2300033869,P,P,P,P,P,P,P,P
408,MUKHESH GARLAPATI,ECE,ECE,C2,SI24,R302B,2300040145,P,P,P,P,P,P,P,P
409,KATTI JONITHA,ECE,ECE,C2,SI24,R302B,2300040385,A,A,A,A,A,A,A,A
410,PATRI SOUJANYA,AIDS,AIDS,C2,SI24,R302B,2300080033,A,A,A,A,A,A,A,A
411,GARLAPATI SRI THANUJA,AIDS,AIDS,C2,SI24,R302B,2300080102,A,A,A,A,A,A,A,A
412,KOTA VENKATA SAI ANAND,AIDS,AIDS,C2,SI24,R302B,2300080286,A,A,A,A,A,A,P,P
413,KAPUGANTI MADHU MITHA,CSIT,CSIT,C2,SI24,R302B,2300090088,P,P,P,P,P,P,P,P
414,MOHAMMAD ABDUL AHAD SHARIF,CSIT,CSIT,C2,SI24,R302B,2300090141,P,P,P,P,P,P,P,P
415,CH VARSHITH,CSIT,CSIT,C2,SI24,R302B,2300090229,P,P,P,P,P,P,P,P
416,MUTHAKANI VEDASAHITHI,CSIT,CSIT,C2,SI24,R302B,2300090248,P,P,P,P,P,P,P,P
417,SEERAM ANJI,IOT,IOT,C2,SI24,R302B,2300100070,A,A,A,A,A,A,A,A
418,KOLUSU_VARSHITHA,CSE,CSE1,C2,SI24,R302B,2300030336,P,P,P,P,P,P,P,P
419,AAKI BHAWANI SUBBARAO,CSE,CSE3,C2,IS208,R306A,2300030002,P,P,A,A,P,P,P,P
420,AKULA PAVANI DIMPLE,CSE,CSE3,C2,IS208,R306A,2300030019,P,P,P,P,P,P,P,P
421,ALAPATI KAVYASRI,CSE,CSE3,C2,IS208,R306A,2300030025,A,A,A,A,A,A,A,A
422,ATUKURI SATYA PRADEEPA,CSE,CSE3,C2,IS208,R306A,2300030054,P,P,P,P,P,P,P,P
423,AVULA YEDUKONDALU RAO,CSE,CSE3,C2,IS208,R306A,2300030058,A,A,A,A,A,A,A,A
424,DARNASI SANJAY ANAND,CSE,CSE3,C2,IS208,R306A,2300030155,P,P,P,P,P,P,P,P
425,NAVADEEP-2300030303,CSE,CSE3,C2,IS208,R306A,2300030303,P,P,P,P,P,P,P,P
426,BHANU TEJA KOTIPALLI,CSE,CSE3,C2,IS208,R306A,2300030360,A,A,A,A,A,A,A,A
427,RACHABANTI HARSHITHA,CSE,CSE3,C2,IS208,R306A,2300030569,P,P,P,P,P,P,P,P
428,MEGHAMALA SATULURI,CSE,CSE3,C2,IS208,R306A,2300030606,A,A,A,A,A,A,A,A
429,MUSUNURU RAGHAVI,CSE,CSE3,C2,IS208,R306A,2300030812,P,P,P,P,P,P,P,P
430,IRAGALA SAI NAVYA,CSE,CSE3,C2,IS208,R306A,2300030820,A,A,A,A,A,A,A,A
431,YASASWI PARUCHURI,CSE,CSE3,C2,IS208,R306A,2300030830,A,A,A,A,A,A,A,A
432,BALANGU LALITHADEEPIKA,CSE,CSE3,C2,IS208,R306A,2300030940,A,A,A,A,A,A,A,A
433,SANNAPAREDDY SANTHOSH REDDY,CSE,CSE3,C2,IS208,R306A,2300031052,P,P,P,P,P,P,P,P
434,DARIVEMULA HARINANDANA KUMAR,CSE,CSE3,C2,IS208,R306A,2300031088,A,A,A,A,A,A,A,A
435,KATURU VENKATA NAGA SAI ANAND,CSE,CSE3,C2,IS208,R306A,2300031259,A,A,A,A,A,A,A,A
436,SATYA KEERTHI PALLAGANI,CSE,CSE3,C2,IS208,R306A,2300031509,A,A,A,A,A,A,A,A
437,MAHALAKSHMILAASYA,CSE,CSE3,C2,IS208,R306A,2300031956,A,A,A,A,A,A,A,A
438,TUMMA CHAITANYA,CSE,CSE3,C2,IS208,R306A,2300032026,A,A,A,A,A,A,A,A
439,MEDA VISHNU VARDHAN,CSE,CSE3,C2,IS208,R306A,2300032193,P,P,P,P,P,P,P,P
440,NEHA CHALASANI,CSE,CSE3,C2,IS208,R306A,2300032573,A,A,A,A,A,A,A,A
441,THULLURU SAI NANDINI,CSE,CSE3,C2,IS208,R306A,2300032616,P,P,P,P,P,P,P,P
442,GUMMIREDDY SRI AKHILESH REDDY,CSE,CSE3,C2,IS208,R306A,2300032741,A,A,A,A,A,A,A,A
443,G.RAMA KRISHNA,CSE,CSE3,C2,IS208,R306A,2300032766,P,P,A,A,A,A,A,A
444,M SOMA NAGASRI,CSE,CSE3,C2,IS208,R306A,2300032825,P,P,P,P,P,P,P,P
445,VAIBHAVI MOTUPALLI,CSE,CSE3,C2,IS208,R306A,2300032889,A,A,A,A,A,A,A,A
446,SHRAM VENKAT JONNA,CSE,CSE3,C2,IS208,R306A,2300032910,P,P,P,P,P,P,A,A
447,PALLAVI BESETTY,CSE,CSE3,C2,IS208,R306A,2300032934,P,P,P,P,P,P,P,P
448,VISWA PRABHASA,CSE,CSE3,C2,IS208,R306A,2300033088,A,A,A,A,A,A,A,A
449,BATCHU VENKATA SATHWIK,CSE,CSE3,C2,IS208,R306A,2300033202,P,P,P,P,P,P,P,P
450,POTLAPALLY AMOG RAO,CSE,CSE3,C2,IS208,R306A,2300033312,A,A,A,A,P,P,P,P
451,CHENNUBOINA SARITHA,CSE,CSE3,C2,IS208,R306A,2300033315,A,A,A,A,A,A,A,A
452,SHAIK KHAJA SHAREEF,CSE,CSE3,C2,IS208,R306A,2300033328,P,P,P,P,P,P,P,P
453,KANCHERLA SANTOSH,CSE,CSE3,C2,IS208,R306A,2300033358,A,A,A,A,A,A,A,A
454,THOTA LOHIT,CSE,CSE3,C2,IS208,R306A,2300039033,P,P,P,P,P,P,P,P
455,SHAIK MASTAN SAHEB,CSE,CSE3,C2,IS208,R306A,2300039036,A,A,A,A,A,A,A,A
456,KOTHAPALLI NEELAKANTA VIJAY,CSE,CSE3,C2,IS208,R306A,2300039120,A,A,A,A,A,A,A,A
457,VENKATA SIVA NAGA SAI SIDDIQ,CSE,CSE3,C2,IS208,R306A,2300039132,A,A,A,A,A,A,A,A
458,JAYA VENKATA SIVA SAI RAHUL,CSE,CSE3,C2,IS208,R306A,2300039138,A,A,A,A,A,A,A,A
459,CH DIVYA SREE,AIDS,AIDS,C2,IS208,R306A,2300080011,A,A,A,A,A,A,A,A
460,MOUNISRI,AIDS,AIDS,C2,IS208,R306A,2300080040,A,A,A,A,A,A,A,A
461,VANGA RITIKA SRI GAYATHRI,AIDS,AIDS,C2,IS208,R306A,2300080056,P,P,P,P,P,P,P,P
462,BURADAKAVI DURGA SRI VARSHINI,AIDS,AIDS,C2,IS208,R306A,2300080058,A,A,A,A,A,A,A,A
463,MADIRA DEVENDRA SAINADH REDDY,AIDS,AIDS,C2,IS208,R306A,2300080060,P,P,P,P,P,P,P,P
464,VAKKAPATLA SRIPATHI SANJEEVA,AIDS,AIDS,C2,IS208,R306A,2300080062,P,P,P,P,P,P,P,P
465,CHEBROLU ALEKHYA,AIDS,AIDS,C2,IS208,R306A,2300080090,P,P,P,P,P,P,P,P
466,VOOTA MEGHANA REDDY,AIDS,AIDS,C2,IS208,R306A,2300080094,P,P,P,P,P,P,P,P
467,CHALLA LAKSHMA REDDY,AIDS,AIDS,C2,IS208,R306A,2300080119,P,P,P,P,P,P,P,P
468,SUNKARA JHANSI HARI CHANDANA,AIDS,AIDS,C2,IS208,R306A,2300080134,A,A,A,A,A,A,A,A
469,KODE DONA HARINI,AIDS,AIDS,C2,IS208,R306A,2300080144,P,P,P,P,P,P,P,P
470,JESSINIA SULTANA SHAIK,AIDS,AIDS,C2,IS208,R306A,2300080149,P,P,P,P,P,P,P,P
471,UNDELA THIRUMALA ROHITH REDDY,AIDS,AIDS,C2,IS208,R306A,2300080157,A,A,A,A,A,A,A,A
472,SOWJANYA DEVI,AIDS,AIDS,C2,IS208,R306A,2300080186,A,A,A,A,A,A,A,A
473,SUKHAVASI SADHVIKA,AIDS,AIDS,C2,IS208,R306A,2300080187,P,P,P,P,P,P,P,P
474,ITTELA KAVYA,AIDS,AIDS,C2,IS208,R306A,2300080190,P,P,P,P,P,P,P,P
475,RAVI THRAYINI N,AIDS,AIDS,C2,IS208,R306A,2300080204,P,P,P,P,P,P,P,P
476,VELUGOTI HARSHITH REDDY,AIDS,AIDS,C2,IS208,R306A,2300080211,P,P,P,P,P,P,P,P
477,GARAPATI ROHITH,AIDS,AIDS,C2,IS208,R306A,2300080231,A,A,A,A,A,A,A,A
478,GOGINENI MANYA SARAVANA VEDA,AIDS,AIDS,C2,IS208,R306A,2300080243,P,P,P,P,A,A,A,A
479,HARSHA VARDHAN G,AIDS,AIDS,C2,IS208,R306A,2300080256,A,A,A,A,A,A,A,A
480,SAHANI SAI KIRAN,AIDS,AIDS,C2,IS208,R306A,2300080257,P,P,P,P,P,P,P,P
481,RAPETI LOKESH GANA VENKATA SAI RAM,AIDS,AIDS,C2,IS208,R306A,2300080267,P,P,P,P,P,P,P,P
482,JAVVAJI YOGITHA LAKSHMI TULASI,AIDS,AIDS,C2,IS208,R306A,2300080272,P,P,P,P,P,P,P,P
483,CHARISHMA REDDY,AIDS,AIDS,C2,IS208,R306A,2300080277,A,A,A,A,A,A,A,A
484,DASARI LEELA KRISHNA VINAY,AIDS,AIDS,C2,IS208,R306A,2300080280,A,A,A,A,A,A,A,A
485,G RAMCHARAN,AIDS,AIDS,C2,IS208,R306A,2300080302,A,A,A,A,A,A,A,A
486,ANUMALA SAI KHYATHI,AIDS,AIDS,C2,IS208,R306A,2300080303,P,P,P,P,P,P,P,P
487,PAVULURI MAHITHA,AIDS,AIDS,C2,IS208,R306A,2300080312,A,A,A,A,A,A,A,A
488,VYSYARAJU SWARAJ,AIDS,AIDS,C2,IS208,R306A,2300080315,A,A,A,A,A,A,A,A
489,KOSURU BHUVANESH,AIDS,AIDS,C2,IS208,R306A,2300080319,A,A,A,A,A,A,P,P
490,NALADALA SAGAR,AIDS,AIDS,C2,IS208,R306A,2300080324,A,A,A,A,A,A,A,A
491,NAKKA SIRESHMA,AIDS,AIDS,C2,IS208,R306A,2300080349,P,P,P,P,P,P,P,P
492,VYSHNAVI,AIDS,AIDS,C2,IS208,R306A,2300080354,A,A,A,A,A,A,A,A
493,KOPPURAVURI PAVAN NAGA SAI GANESH,AIDS,AIDS,C2,IS208,R306A,2300080367,P,P,P,P,P,P,P,P
494,SIKAKOLLI LAKSHMI PAVAN ABHIRAM,AIDS,AIDS,C2,IS208,R306A,2300080371,P,P,P,P,P,P,P,P
495,T.AMRUTHA,AIDS,AIDS,C2,IS208,R306A,2300080372,P,P,P,P,P,P,P,P
496,SOOTHI ABHI SAI SERAN,AIDS,AIDS,C2,IS208,R306A,2300080373,A,A,A,A,A,A,A,A
497,TALLURU LAKSHMI SARATH CHANDRA TAGORE,AIDS,AIDS,C2,IS208,R306A,2300080375,P,P,P,P,P,P,P,P
498,MOHAMMED ABDUL SAQIB AHMED,AIDS,AIDS,C2,IS208,R306A,2300080396,P,P,P,P,P,P,P,P
499,DEVISREE RONGALA,AIDS,AIDS,C2,IS208,R306A,2300080412,P,P,P,P,P,P,P,P
500,KRISHNA VAMSI,AIDS,AIDS,C2,IS208,R306A,2300080419,A,A,A,A,P,P,P,P
501,LALITHA JYOTHIRMAI GANTLA,AIDS,AIDS,C2,IS208,R306A,2300089005,A,A,A,A,A,A,A,A
502,SREYA DASI,AIDS,AIDS,C2,IS208,R306A,2300089030,A,A,A,A,A,A,A,A
503,DONGA SATISH,AIDS,AIDS,C2,IS208,R306A,2300089043,A,A,A,A,A,A,A,A
504,DAMULURI BALAKRISHNA,AIDS,AIDS,C2,IS208,R306A,2300089049,P,P,P,P,P,P,P,P
505,LAVANYA MULAGIRI,AIDS,AIDS,C2,IS208,R306A,2300089051,A,A,A,A,A,A,A,A
506,MEDISETTY KRUPA VIVEK,CSE,CSE3,C2,IS208,R306A,2300032237,P,P,P,P,P,P,P,P
507,ANANTHA VIDWAN BEHERA,CSE,HTE,C1,IS101,R306B,2300030032,A,A,A,A,A,A,A,A
508,ANKITA BEHERA,CSE,HTE,C1,IS101,R306B,2300030037,A,A,A,A,A,A,A,A
509,ATTANTI SRI SWETHA,CSE,HTE,C1,IS101,R306B,2300030052,P,P,P,P,P,P,P,P
510,JAJULAGNANADEEPAK,CSE,CSE1,C1,IS101,R306B,2300030263,A,A,A,A,A,A,A,A
511,KORUKONDA DINESH,CSE,HTE,C1,IS101,R306B,2300030350,A,A,A,A,A,A,A,A
512,MADIRAJU VAISWASMITHA,CSE,HTE,C1,IS101,R306B,2300030396,P,P,P,P,P,P,P,P
513,MALLU VENKATA SIRIPRIYA,CSE,HTE,C1,IS101,R306B,2300030401,P,P,P,P,A,A,A,A
514,MARIDI LEELA AKASH,CSE,HTE,C1,IS101,R306B,2300030412,P,P,P,P,P,P,P,P
515,NALAM CHARAN TEJA,CSE,CSE1,C1,IS101,R306B,2300030468,P,P,P,P,P,P,P,P
516,PODA JAI GANESH,CSE,CSE1,C1,IS101,R306B,2300030540,P,P,P,P,A,A,A,A
517,SHIVAM SINGH,CSE,CSE1,C1,IS101,R306B,2300030634,P,P,P,P,P,P,P,P
518,SNEHA PATRA,CSE,CSE1,C1,IS101,R306B,2300030645,A,A,A,A,A,A,A,A
519,YARABARLA SARAN KUMAR,CSE,CSE1,C1,IS101,R306B,2300030746,P,P,A,A,A,A,A,A
520,RAYUDU DILEEP,CSE,HTE,C1,IS101,R306B,2300030782,P,P,P,P,P,P,P,P
521,CHAITANYA PRASHANT SONAR,CSE,HTE,C1,IS101,R306B,2300030974,A,A,A,A,A,A,A,A
522,VEERAPANENI SREYA ANGELIN,CSE,HTE,C1,IS101,R306B,2300030976,A,A,A,A,A,A,A,A
523,ARSHAVARDHAN,CSE,HTE,C1,IS101,R306B,2300031000,A,A,A,A,A,A,A,A
524,PATHURI LAKSHMI PRADEEPTHI,CSE,HTE,C1,IS101,R306B,2300031006,P,P,P,P,P,P,P,P
525,KEERTI KRISHNA SREENIVAS S,CSE,CSE1,C1,IS101,R306B,2300031039,P,P,P,P,P,P,P,P
526,K.SRI SHARAT KHARTHIK,CSE,HTE,C1,IS101,R306B,2300031117,P,P,P,P,P,P,P,P
527,GAJAVALLI VENKATA SAIMANIKANTA,CSE,HTE,C1,IS101,R306B,2300031155,P,P,A,A,A,A,A,A
528,SAMUDRALA SAI ROJA,CSE,CSE1,C1,IS101,R306B,2300031386,A,A,A,A,A,A,A,A
529,SANEESH REDDY,CSE,HTE,C1,IS101,R306B,2300031420,A,A,A,A,A,A,A,A
530,SINDHU VARSHINI UDDAVOLU,CSE,CSE1,C1,IS101,R306B,2300031544,P,P,P,P,P,P,P,P
531,KANAJAM SAI VARSHITH,CSE,CSE1,C1,IS101,R306B,2300031616,A,A,A,A,A,A,A,A
532,CHINDANUR NAKUL SRIRAJ,CSE,HTE,C1,IS101,R306B,2300031693,A,A,A,A,A,A,A,A
533,PREM REDDY DARAPU,CSE,CSE1,C1,IS101,R306B,2300031704,A,A,A,A,A,A,A,A
534,SUBHAM PAREEK,CSE,CSE1,C1,IS101,R306B,2300031779,P,P,P,P,P,P,P,P
535,GEETHIKA TANNEEDI,CSE,CSE1,C1,IS101,R306B,2300031807,A,A,A,A,A,A,A,A
536,V VIRAJ REDDY,CSE,HTE,C1,IS101,R306B,2300031811,A,A,A,A,A,A,A,A
537,PIYUSH PANDEY,CSE,HTE,C1,IS101,R306B,2300031887,P,P,P,P,P,P,P,P
538,NIMMARABOINA VINAY,CSE,CSE1,C1,IS101,R306B,2300031998,A,A,A,A,A,A,A,A
539,PRANEETH SAI VARMA,CSE,HTE,C1,IS101,R306B,2300032002,A,A,A,A,A,A,A,A
540,KUNJAL BASESHANKAR,CSE,HTE,C1,IS101,R306B,2300032083,A,A,A,A,A,A,A,A
541,SINGA REDDY YASWANTH SAI REDDY,CSE,CSE1,C1,IS101,R306B,2300032136,P,P,P,P,A,A,A,A
542,RAJKUMAR MADDIRALA,CSE,HTE,C1,IS101,R306B,2300032155,A,A,A,A,A,A,A,A
543,BOJANAPALLI MEENA PADMA SIRI,CSE,CSE1,C1,IS101,R306B,2300032161,P,P,P,P,P,P,P,P
544,VEMA SARAYU,CSE,CSE1,C1,IS101,R306B,2300032189,P,P,P,P,P,P,P,P
545,NAIDU BASUDEV,CSE,HTE,C1,IS101,R306B,2300032191,A,A,A,A,A,A,A,A
546,SHIVANI PUNNA,CSE,HTE,C1,IS101,R306B,2300032233,P,P,P,P,P,P,P,P
547,GUDUGUNTLA PRIYA VARSHITHA,CSE,HTE,C1,IS101,R306B,2300032369,A,A,A,A,A,A,A,A
548,KISHANKUMAR,CSE,CSE1,C1,IS101,R306B,2300032445,P,P,P,P,P,P,P,P
549,NADELLA VENKATA SAI NAVEEN,CSE,HTE,C1,IS101,R306B,2300032474,A,A,A,A,A,A,A,A
550,MUDDANA SESHMA,CSE,HTE,C1,IS101,R306B,2300032596,P,P,P,P,P,P,P,P
551,SHUBHAM RAJ,CSE,HTE,C1,IS101,R306B,2300032645,A,A,A,A,A,A,A,A
552,ANNANYA TIWARY,CSE,HTE,C1,IS101,R306B,2300032646,A,A,A,A,A,A,A,A
553,SHARMILA PRIYADARSHINI,CSE,HTE,C1,IS101,R306B,2300032689,A,A,A,A,A,A,A,A
554,HARSHITA MUDIGONDA,CSE,CSE1,C1,IS101,R306B,2300032749,A,A,A,A,A,A,A,A
555,VIVEK KUMAR,CSE,HTE,C1,IS101,R306B,2300032757,P,P,P,P,P,P,P,P
556,SHAIK MANDURU SAJIDA,CSE,CSE1,C1,IS101,R306B,2300032854,P,P,P,P,P,P,P,P
557,NISHIKANT KUMAR,CSE,CSE1,C1,IS101,R306B,2300032945,P,P,P,P,P,P,P,P
558,AMBATI ROHITH,CSE,CSE1,C1,IS101,R306B,2300032970,P,P,P,P,A,A,A,A
559,MOHIT KUMAR,CSE,CSE1,C1,IS101,R306B,2300032985,A,A,A,A,A,A,A,A
560,DEVARASETTI SRI LAKSHMI PRAVALIKA,CSE,CSE1,C1,IS101,R306B,2300033011,P,P,P,P,P,P,P,P
561,KURAPATI VYOMA VENKATA ADITHYA,CSE,HTE,C1,IS101,R306B,2300033045,P,P,P,P,P,P,P,P
562,PUTREVU KRISHNA ADITYA,CSE,HTE,C1,IS101,R306B,2300033159,A,A,A,A,A,A,A,A
563,KOTLA MANIKANTA,CSE,HTE,C1,IS101,R306B,2300033193,A,A,A,A,A,A,A,A
564,RAM GOPAL BANDARU,CSE,HTE,C1,IS101,R306B,2300033347,A,A,A,A,A,A,A,A
565,NADUPURU HARSHITHA,CSE,HTE,C1,IS101,R306B,2300033363,A,A,A,A,A,A,A,A
566,KATAKAM DIVYA SRI,CSE,HTE,C1,IS101,R306B,2300033418,P,P,P,P,P,P,P,P
567,MAHESHWAR MANDAL,CSE,HTE,C1,IS101,R306B,2300033448,P,P,P,P,P,P,P,P
568,S.NAGA DHATHRI,CSE,CSE1,C1,IS101,R306B,2300033479,A,A,P,P,A,A,A,A
569,EDHALA THULASI,CSE,HTE,C1,IS101,R306B,2300033492,A,A,A,A,A,A,A,A
570,BHARGAVI CHOWDHURY PUTTI,CSE,HTE,C1,IS101,R306B,2300033497,P,P,P,P,P,P,P,P
571,RAVI SRAVANTHI,CSE,CSE1,C1,IS101,R306B,2300033498,P,P,P,P,P,P,P,P
572,RAUNIT RAJ,CSE,HTE,C1,IS101,R306B,2300033572,A,A,A,A,A,A,A,A
573,DONTHIREDDY CHETAN REDDY,CSE,HTE,C1,IS101,R306B,2300033600,P,P,P,P,P,P,P,P
574,GODAVARTHI BHARGAVA,CSE,HTE,C1,IS101,R306B,2300033634,A,A,A,A,A,A,A,A
575,GUNTI MANJU SRAVANI,CSE,HTE,C1,IS101,R306B,2300033678,P,P,P,P,P,P,P,P
576,K.AVINASH CHOWDARY,CSE,HTE,C1,IS101,R306B,2300033707,P,P,P,P,P,P,P,P
577,GUNDA ROHITH,CSE,HTE,C1,IS101,R306B,2300033851,A,A,A,A,A,A,A,A
578,HARSHA SAI.K,CSE,HTE,C1,IS101,R306B,2300033884,A,A,A,A,A,A,A,A
579,RAYANA SRI RAM KUMAR,ECE,HTE,C1,IS101,R306B,2300040111,A,A,A,A,A,A,A,A
580,ADITYA SAHU,ECE,HTE,C1,IS101,R306B,2300040160,A,A,A,A,A,A,A,A
581,VINEETHA VUSTELA,AIDS,HTE,C1,IS101,R306B,2300080044,A,A,A,A,A,A,A,A
582,KURICHETI.DATTA SIVA SAI HAMSINI,AIDS,HTE,C1,IS101,R306B,2300080071,A,A,A,A,A,A,A,A
583,SRIGEETHA ATKURU,AIDS,HTE,C1,IS101,R306B,2300080118,P,P,P,P,P,P,P,P
584,CHITTEM KOMALAA SRIKANTHE,AIDS,HTE,C1,IS101,R306B,2300080279,P,P,P,P,P,P,P,P
585,VYKUNTHAM VINAY KUMAR,AIDS,HTE,C1,IS101,R306B,2300080293,A,A,A,A,A,A,A,A
586,NAVEEN POTNURU,CSIT,HTE,C1,IS101,R306B,2300090190,A,A,A,A,A,A,A,A
587,S.VINAY,CSIT,HTE,C1,IS101,R306B,2300090303,A,A,A,A,A,A,A,A
588,ABBURI SRI SAI SARVANI,CSE,CSE3,C1,RS12,R307A,2300030006,A,A,A,A,A,A,A,A
589,ALA MANOHAR,CSE,CSE3,C1,RS12,R307A,2300030021,P,P,P,P,P,P,P,P
590,CHAVA YASWANTH,CSE,CSE3,C1,RS12,R307A,2300030122,A,A,A,A,A,A,A,A
591,DASARA VARUN CHOWDARY,CSE,CSE3,C1,RS12,R307A,2300030156,P,P,P,P,P,P,P,P
592,GUNDA NARESH,CSE,CSE4,C1,RS12,R307A,2300030183,P,P,P,P,A,A,A,A
593,GOKAPAI SAITEJA,CSE,CSE3,C1,RS12,R307A,2300030212,A,A,A,A,A,A,A,A
594,JAKKA VARSHA SREE,CSE,CSE3,C1,RS12,R307A,2300030264,A,A,A,A,A,A,A,A
595,RAGHURAM JARUBULA,CSE,CSE3,C1,RS12,R307A,2300030273,A,A,A,A,A,A,A,A
596,KILARU KARTHIKEYAN,CSE,CSE3,C1,RS12,R307A,2300030323,A,A,A,A,A,A,A,A
597,PRAVEEN KUMAR,CSE,CSE3,C1,RS12,R307A,2300030340,P,P,P,P,P,P,P,P
598,KOTARU ALEKHYA,CSE,CSE3,C1,RS12,R307A,2300030354,P,P,P,P,P,P,P,P
599,MADDI PARDHAVA PRANEETH,CSE,CSE3,C1,RS12,R307A,2300030392,P,P,P,P,P,P,P,P
600,NAKKA SARIKA,CSE,CSE4,C1,RS12,R307A,2300030464,P,P,P,P,P,P,P,P
601,PENDELA VISHNU VARDHAN,CSE,CSE4,C1,RS12,R307A,2300030522,P,P,P,P,P,P,P,P
602,HARIKA SURPANI,CSE,CSE3,C1,RS12,R307A,2300030658,A,A,A,A,A,A,A,A
603,VATTIKUTI TEJASWI,CSE,CSE4,C1,RS12,R307A,2300030712,A,A,A,A,A,A,A,A
604,SIVA BALAJI YALAGALA,CSE,CSE3,C1,RS12,R307A,2300030739,P,P,P,P,P,P,P,P
605,YEDRI.MAHITHA,CSE,CSE4,C1,RS12,R307A,2300030754,P,P,P,P,P,P,P,P
606,Y.MANIKANTASAI,CSE,CSE4,C1,RS12,R307A,2300030758,A,A,A,A,A,A,A,A
607,JISHNU KOTAPATI,CSE,CSE3,C1,RS12,R307A,2300030765,P,P,P,P,P,P,P,P
608,YASWANTH KUMAR REDDY VOGIREDDY,CSE,CSE3,C1,RS12,R307A,2300031126,P,P,P,P,P,P,P,P
609,BONAM JAI DEEP NAGA ABHIRAM,CSE,CSE3,C1,RS12,R307A,2300031269,P,P,P,P,P,P,P,P
610,GOLLAPUDI MANI RAM,CSE,CSE4,C1,RS12,R307A,2300031744,P,P,P,P,P,P,P,P
611,KALIDINDI LOKABHI A S V N VARMA,CSE,CSE4,C1,RS12,R307A,2300031772,P,P,P,P,P,P,P,P
612,CHEBROLU NAGA SUSHMA SRI,CSE,CSE4,C1,RS12,R307A,2300031797,P,P,A,A,P,P,P,P
613,GOVINDU VISHNU KARTHIK,CSE,CSE4,C1,RS12,R307A,2300031917,P,P,P,P,P,P,P,P
614,JEENITHA T,CSE,CSE4,C1,RS12,R307A,2300031983,P,P,P,P,P,P,P,P
615,NALAMOLU LAKSHMI PRASANNA TEJA,CSE,CSE4,C1,RS12,R307A,2300032178,P,P,P,P,P,P,P,P
616,PALAPARTHI HARSHINI,CSE,CSE3,C1,RS12,R307A,2300032210,P,P,P,P,P,P,P,P
617,PARUCHURU CHANIKYA NAGA SATYA SRIRAM,CSE,CSE4,C1,RS12,R307A,2300032262,P,P,A,A,A,A,A,A
618,YADAVALLI PAVAN KALYAN,CSE,CSE4,C1,RS12,R307A,2300032295,P,P,P,P,P,P,P,P
619,KUPPALAGOKUL,CSE,CSE4,C1,RS12,R307A,2300032313,P,P,P,P,P,P,P,P
620,KODIREKKA HARI VENKATA SAIDULU,CSE,CSE3,C1,RS12,R307A,2300032396,A,A,P,P,P,P,P,P
621,RAVITEJA,CSE,CSE3,C1,RS12,R307A,2300032524,A,A,A,A,A,A,A,A
622,POTAMSETTY NEELIMABHANU,CSE,CSE3,C1,RS12,R307A,2300032552,A,A,A,A,A,A,A,A
623,SUNDARA GANESHBABU,CSE,CSE3,C1,RS12,R307A,2300032628,A,A,A,A,A,A,A,A
624,UTTARAVILLI MANIKANTA,CSE,CSE3,C1,RS12,R307A,2300032643,P,P,P,P,P,P,P,P
625,POLKAM BHARATH,CSE,CSE3,C1,RS12,R307A,2300032655,A,A,A,A,A,A,A,A
626,GOLUGURI VAMSI KRISHNA REDDY,CSE,CSE4,C1,RS12,R307A,2300032787,P,P,P,P,P,P,P,P
627,KARLAKUNTA YASASWITHA CHOWDARY,CSE,CSE3,C1,RS12,R307A,2300033041,A,A,A,A,A,A,A,A
628,KANAKADANDI VISHWANADH,CSE,CSE3,C1,RS12,R307A,2300033052,A,A,A,A,A,A,A,A
629,MEDAPATI AKHILENDRA REDDY,CSE,CSE4,C1,RS12,R307A,2300033096,P,P,P,P,P,P,P,P
630,YASHWANTH VEMULAPALLI,CSE,CSE4,C1,RS12,R307A,2300033261,A,A,A,A,A,A,A,A
631,K.MOHITH REDDY,CSE,CSE4,C1,RS12,R307A,2300033272,P,P,P,P,P,P,P,P
632,BANDARU BHUVANA SRI,CSE,CSE3,C1,RS12,R307A,2300033332,P,P,P,P,P,P,P,P
633,BOYINA VARSHITHA,CSE,CSE3,C1,RS12,R307A,2300033423,P,P,P,P,P,P,P,P
634,KUPPURUHARSHITH,CSE,CSE3,C1,RS12,R307A,2300033451,P,P,P,P,P,P,P,P
635,KONIDENA SRINIVASA KARTHIKEYA,CSE,CSE3,C1,RS12,R307A,2300033655,P,P,P,P,P,P,P,P
636,TADIKONDA NIHASHIKA,CSE,CSE3,C1,RS12,R307A,2300033710,P,P,P,P,P,P,P,P
637,SNEHA BRATA GHOSH,CSE,CSE4,C1,RS12,R307A,2300033769,A,A,A,A,A,A,A,A
638,M.SAI BHAVANA,CSE,CSE3,C1,RS12,R307A,2300033787,A,A,A,A,A,A,A,A
639,THRINATH REDDY ALLU,CSE,CSE3,C1,RS12,R307A,2300033862,P,P,P,P,A,A,A,A
640,GOUTHAM EASWAR BONTHU,CSE,CSE3,C1,RS12,R307A,2300033896,A,A,A,A,A,A,A,A
641,BOPPE PALLI SHAHABAJ,CSE,CSE3,C1,RS12,R307A,2300039017,A,A,A,A,P,P,P,P
642,BODDIGA SAI KRISHNA,CSE,CSE3,C1,RS12,R307A,2300039074,P,P,P,P,P,P,P,P
643,PILLI BHARGAVA REDDY,CSE,CSE3,C1,RS12,R307A,2300039145,A,A,A,A,A,A,A,A
644,BONDA KOUSIK,CSIT,CSIT,C1,RS12,R307A,2300090007,P,P,P,P,P,P,P,P
645,GODAVARTHI CHATURYA,CSIT,CSIT,C1,RS12,R307A,2300090016,P,P,P,P,P,P,P,P
646,NANDIGAM PRANITHA,CSIT,CSIT,C1,RS12,R307A,2300090034,A,A,A,A,A,A,A,A
647,KARTHIK YEMINENI,CSIT,CSIT,C1,RS12,R307A,2300090046,P,P,P,P,A,A,A,A
648,AKHIL KUMAR REDDY SEELAM,CSIT,CSIT,C1,RS12,R307A,2300090074,A,A,A,A,A,A,A,A
649,SADINENI MANICHANDHAR,CSIT,CSIT,C1,RS12,R307A,2300090075,A,A,P,P,P,P,P,P
650,CHIGURUPATI VINUTNA,CSIT,CSIT,C1,RS12,R307A,2300090089,P,P,P,P,P,P,P,P
651,KAMISETTY VENKATA NARASAIAH,CSIT,CSIT,C1,RS12,R307A,2300090109,A,A,A,A,A,A,A,A
652,DANDIBOTLA SAI RAKESH,CSIT,CSIT,C1,RS12,R307A,2300090124,P,P,P,P,P,P,P,P
653,DEEKSHITHAJAKKA,CSIT,CSIT,C1,RS12,R307A,2300090140,P,P,P,P,P,P,P,P
654,SALANA NIKHIL,CSIT,CSIT,C1,RS12,R307A,2300090151,A,A,A,A,A,A,A,A
655,SANKA VENKATA JASWANTH,CSIT,CSIT,C1,RS12,R307A,2300090160,P,P,P,P,P,P,P,P
656,BODA RITHWIK,CSIT,CSIT,C1,RS12,R307A,2300090168,P,P,P,P,P,P,P,P
657,ROMPICHERLA MARUTHI BALA SESHA SAI,CSIT,CSIT,C1,RS12,R307A,2300090208,A,A,A,A,A,A,A,A
658,GORINTLA VEERA VENKATA SATYA SAI,CSIT,CSIT,C1,RS12,R307A,2300090209,A,A,A,A,A,A,A,A
659,KUSUMA GAYATHRI KUNDURTHI,CSIT,CSIT,C1,RS12,R307A,2300090226,P,P,P,P,P,P,P,P
660,POTHAMSETTY SAI NAVEEN,CSIT,CSIT,C1,RS12,R307A,2300090243,A,A,A,A,A,A,A,A
661,KASULA ARUN NAGA SAI,CSIT,CSIT,C1,RS12,R307A,2300090252,A,A,A,A,A,A,A,A
662,KORUKONDA RAMA DEVI,CSIT,CSIT,C1,RS12,R307A,2300090259,A,A,P,P,P,P,P,P
663,YARLAGADDA MAHESH,CSIT,CSIT,C1,RS12,R307A,2300090272,P,P,P,P,A,A,A,A
664,D.KHYATHI,CSIT,CSIT,C1,RS12,R307A,2300090343,A,A,A,A,A,A,A,A
665,ARZA SRIRAM,CSIT,CSIT,C1,RS12,R307A,2300090368,A,A,P,P,A,A,A,A
666,RAJIYA PATAN,CSIT,CSIT,C1,RS12,R307A,2300090035,P,P,P,P,P,P,P,P
667,AALLA NAGA SWATHI,CSE,CSE2,C1,IS105,R307B,2300030003,P,P,P,P,P,P,P,P
668,ARYAN SINGH,CSE,CSE2,C1,IS105,R307B,2300030048,P,P,P,P,P,P,P,P
669,CHERUKUPALLI RAMAKANTH,CSE,CSE2,C1,IS105,R307B,2300030129,P,P,P,P,P,P,P,P
670,ARUN KUMAR,CSE,CSE2,C1,IS105,R307B,2300030132,A,A,A,A,A,A,A,A
671,D HARSHITA REDDY,CSE,CSE2,C1,IS105,R307B,2300030148,A,A,A,A,A,A,A,A
672,DESABOINA SANDEEP KUMAR,CSE,CSE2,C1,IS105,R307B,2300030161,A,A,A,A,A,A,A,A
673,GANESH D,CSE,CSE2,C1,IS105,R307B,2300030170,A,A,A,A,A,A,A,A
674,GUNTUPALLI VEDA CHARAN,CSE,CSE2,C1,IS105,R307B,2300030242,P,P,P,P,P,P,P,P
675,KAKUMANU RAVI SANTHOSH,CSE,CSE2,C1,IS105,R307B,2300030288,P,P,P,P,P,P,P,P
676,LINGAM SHANMUKHA PRIYA,CSE,CSE2,C1,IS105,R307B,2300030383,P,P,P,P,P,P,P,P
677,M ESWAR MANOJ,CSE,CSE2,C1,IS105,R307B,2300030403,A,A,A,A,A,A,A,A
678,MAREEDU VEDHA SREE,CSE,CSE2,C1,IS105,R307B,2300030410,P,P,P,P,P,P,P,P
679,MOHAMMAD ARFAN,CSE,CSE2,C1,IS105,R307B,2300030432,A,A,A,A,A,A,A,A
680,PUJARI SHASHIDHAR,CSE,CSE2,C1,IS105,R307B,2300030559,P,P,P,P,P,P,P,P
681,SHAIK MOHAMMED SAMEER,CSE,CSE2,C1,IS105,R307B,2300030621,P,P,P,P,P,P,P,P
682,SANIYA FIROJ SHAIK,CSE,CSE2,C1,IS105,R307B,2300030628,P,P,P,P,P,P,P,P
683,SURAPANENI MEGHANA,CSE,CSE2,C1,IS105,R307B,2300030656,P,P,P,P,P,P,P,P
684,VENIGALLA LIRITHSAI,CSE,CSE2,C1,IS105,R307B,2300030735,P,P,P,P,P,P,P,P
685,NAMRA FATHIMA,CSE,CSE2,C1,IS105,R307B,2300030823,A,A,A,A,A,A,A,A
686,BOGGAVARAPU THARUN,CSE,CSE2,C1,IS105,R307B,2300030858,P,P,P,P,P,P,P,P
687,BIKKINA LAKSHMI SUJITH,CSE,CSE2,C1,IS105,R307B,2300030903,P,P,P,P,P,P,P,P
688,VOORA BALA ANJANEYA VARUN,CSE,CSE2,C1,IS105,R307B,2300030977,A,A,A,A,A,A,A,A
689,LAVETI LAKSHMI PRASANNA KUMAR,CSE,CSE2,C1,IS105,R307B,2300031096,A,A,A,A,A,A,A,A
690,CHATRADI VIJAYA RAJYA LAKSHMI,CSE,CSE2,C1,IS105,R307B,2300031111,A,A,A,A,A,A,A,A
691,YENUMULA AASHISH MANIKANTA SRI,CSE,CSE2,C1,IS105,R307B,2300031128,P,P,P,P,P,P,P,P
692,BOMMISETTI BALA KEERTHAN KUMAR,CSE,CSE2,C1,IS105,R307B,2300031130,P,P,P,P,P,P,P,P
693,THIRUMALASETTY VENKATESWARA RAO,CSE,CSE2,C1,IS105,R307B,2300031165,P,P,P,P,A,A,A,A
694,MATTA VENKATA SIVA NAGA MANIKANTA,CSE,CSE2,C1,IS105,R307B,2300031173,P,P,P,P,P,P,P,P
695,KAMBHAMPATI VENKATA NAGA HARSHITH,CSE,CSE2,C1,IS105,R307B,2300031186,P,P,P,P,P,P,P,P
696,SARASCHANDRA PATHAKOTA,CSE,CSE2,C1,IS105,R307B,2300031205,P,P,P,P,P,P,P,P
697,KOTHA VENKATA NAGA SUBRAMANYA VINAY,CSE,CSE2,C1,IS105,R307B,2300031211,A,A,A,A,A,A,A,A
698,THATAVARTHI SOWRI MANOJ,CSE,CSE2,C1,IS105,R307B,2300031274,P,P,P,P,P,P,P,P
699,MADDUKURI PARAMESWARI,CSE,CSE2,C1,IS105,R307B,2300031280,P,P,P,P,P,P,P,P
700,BATTHINA KRISHNA KOWSHIK,CSE,CSE2,C1,IS105,R307B,2300031283,A,A,A,A,A,A,A,A
701,NELLURI BHARATH,CSE,CSE2,C1,IS105,R307B,2300031285,A,A,A,A,A,A,A,A
702,YADALA DURGA RAKESH,CSE,CSE2,C1,IS105,R307B,2300031298,P,P,P,P,P,P,P,P
703,MANIKONDA AVINASH,CSE,CSE2,C1,IS105,R307B,2300031367,A,A,A,A,A,A,A,A
704,MADIREDDY SAI KRISHNA REDDY,CSE,CSE2,C1,IS105,R307B,2300031424,P,P,P,P,P,P,P,P
705,VELAGA JAYARAM SANKAR,CSE,CSE2,C1,IS105,R307B,2300031453,A,A,A,A,A,A,A,A
706,NELAVELLI AKSHAY,CSE,CSE2,C1,IS105,R307B,2300031541,A,A,A,A,A,A,A,A
707,POTLURI LALITH CHAND,CSE,CSE2,C1,IS105,R307B,2300031547,P,P,P,P,P,P,P,P
708,GUNTU RASHMITHA,CSE,CSE2,C1,IS105,R307B,2300031555,P,P,P,P,P,P,P,P
709,PASUPULETI VENKATESH,CSE,CSE2,C1,IS105,R307B,2300031570,P,P,P,P,P,P,P,P
710,KILAPARTHI ABHINAV,CSE,CSE2,C1,IS105,R307B,2300031749,P,P,P,P,P,P,P,P
711,SADHU HIMA TEJA,CSE,CSE2,C1,IS105,R307B,2300031827,P,P,P,P,P,P,P,P
712,KOTA VENKATA SRI SUBRAHMANYA SAIRAN,CSE,CSE2,C1,IS105,R307B,2300031962,A,A,A,A,A,A,A,A
713,PATIBANDLA VIVEK,CSE,CSE2,C1,IS105,R307B,2300032051,A,A,A,A,A,A,A,A
714,GODATI VINAY KUMAR,CSE,CSE2,C1,IS105,R307B,2300032127,A,A,A,A,A,A,A,A
715,KOMMARAJU SURYA TEJA,CSE,CSE2,C1,IS105,R307B,2300032162,P,P,P,P,P,P,P,P
716,CHERUKURI DEEPIKA,CSE,CSE2,C1,IS105,R307B,2300032259,P,P,P,P,P,P,P,P
717,AREPALLI TEJESH,CSE,CSE2,C1,IS105,R307B,2300032261,A,A,A,A,A,A,A,A
718,KOLACHANA SRI RATNA SUNDARI BHARATI,CSE,CSE2,C1,IS105,R307B,2300032326,A,A,A,A,A,A,A,A
719,TAMMA SAI SAILESH REDDY,CSE,CSE2,C1,IS105,R307B,2300032328,P,P,P,P,P,P,P,P
720,MERIYAM LOKANATH,CSE,CSE2,C1,IS105,R307B,2300032361,A,A,A,A,A,A,A,A
721,KONDURI PANCHANGAM N R SAKETH,CSE,CSE2,C1,IS105,R307B,2300032408,P,P,P,P,P,P,P,P
722,DEVA HARSHITHA MAKKE,CSE,CSE2,C1,IS105,R307B,2300032411,P,P,P,P,P,P,P,P
723,VERICHARLA YASWANTH,CSE,CSE2,C1,IS105,R307B,2300032472,P,P,P,P,P,P,P,P
724,MEENAKSHI DASARI,CSE,CSE2,C1,IS105,R307B,2300032505,A,A,A,A,A,A,A,A
725,AKHIL YADALA,CSE,CSE2,C1,IS105,R307B,2300032567,A,A,A,A,A,A,A,A
726,VANUKURU SIVA GANESH,CSE,CSE2,C1,IS105,R307B,2300032599,A,A,A,A,P,P,P,P
727,MEESALA MOHANA SURYA PRAKASH,CSE,CSE2,C1,IS105,R307B,2300032795,A,A,A,A,A,A,A,A
728,YARASU LAKSHMIKALA,CSE,CSE2,C1,IS105,R307B,2300032881,P,P,P,P,P,P,P,P
729,MEKA CHARAN VIVEK,CSE,CSE2,C1,IS105,R307B,2300032907,A,A,A,A,A,A,A,A
730,SUNKAVALLI VEERENDRA CHOWDARY,CSE,CSE2,C1,IS105,R307B,2300033051,P,P,P,P,P,P,P,P
731,BOTLAGUNTA RASAGNA CHOWDARY,CSE,CSE2,C1,IS105,R307B,2300033065,A,A,P,P,P,P,P,P
732,PARITALA VISHNU VARDHAN,CSE,CSE2,C1,IS105,R307B,2300033135,A,A,A,A,A,A,A,A
733,M UDAY TARUN REDDY,CSE,CSE2,C1,IS105,R307B,2300033170,A,A,A,A,A,A,A,A
734,CHANDRASEKHAR,CSE,CSE2,C1,IS105,R307B,2300033174,A,A,A,A,A,A,A,A
735,BANDI CHENNA KESAVA,CSE,CSE2,C1,IS105,R307B,2300033279,A,A,A,A,A,A,A,A
736,KAMMARI MALLIKARJUN,CSE,CSE2,C1,IS105,R307B,2300033320,P,P,P,P,P,P,P,P
737,REKHASREE,CSE,CSE2,C1,IS105,R307B,2300033543,A,A,A,A,A,A,A,A
738,ALAPATI GREESHMA,CSE,CSE2,C1,IS105,R307B,2300033580,A,A,A,A,A,A,A,A
739,THUMPARA SREE BALAJI PRASAD,CSE,CSE2,C1,IS105,R307B,2300033632,A,A,A,A,A,A,A,A
740,VAVILALA SHANMUKHA PRASANNA DATTASAI,CSE,CSE2,C1,IS105,R307B,2300033672,A,A,A,A,A,A,A,A
741,AMRUTHAM VENKAT MANIDEEP,CSE,CSE2,C1,IS105,R307B,2300033782,A,A,A,A,A,A,A,A
742,TALLADI CHANDRA KRANTHI PRABHAVATHI,CSE,CSE2,C1,IS105,R307B,2300033816,A,A,A,A,A,A,A,A
743,AKILI DEDEEPYA,CSE,CSE1,C2,IS201,R404A,2300030018,P,P,P,P,P,P,P,P
744,ANDHAVARAPUSAIPRASANTH,CSE,CSE1,C2,IS201,R404A,2300030034,A,A,A,A,A,A,A,A
745,BANDLAMUDI SRILAKSHMI,CSE,CSE1,C2,IS201,R404A,2300030071,P,P,P,P,P,P,P,P
746,BOYAPATI VENNELA,CSE,CSE1,C2,IS201,R404A,2300030102,P,P,P,P,P,P,P,P
747,DONTHULA VARUNSAI,CSE,CSE1,C2,IS201,R404A,2300030172,A,A,A,A,A,A,A,A
748,GOPALAM NAGA SMRITHI,CSE,CSE1,C2,IS201,R404A,2300030218,A,A,A,A,A,A,A,A
749,GORANTLA HIMA BINDU,CSE,CSE1,C2,IS201,R404A,2300030219,P,P,P,P,P,P,P,P
750,JANGA SRITHA REDDY,CSE,CSE1,C2,IS201,R404A,2300030269,P,P,P,P,P,P,P,P
751,JASRITHA NADIPINENI,CSE,CSE1,C2,IS201,R404A,2300030274,A,A,A,A,A,A,A,A
752,SIRI KODURU,CSE,CSE1,C2,IS201,R404A,2300030329,P,P,P,P,P,P,P,P
753,KONDRAPU ABHIRAM,CSE,CSE1,C2,IS201,R404A,2300030343,A,A,A,A,A,A,A,A
754,KOTA_HANSIKA,CSE,CSE1,C2,IS201,R404A,2300030352,A,A,P,P,P,P,P,P
755,MOLAGAVALLI NEHA REDDY,CSE,CSE1,C2,IS201,R404A,2300030440,P,P,P,P,P,P,P,P
756,SAI NAVYATHA PENUGONDA,CSE,CSE1,C2,IS201,R404A,2300030528,P,P,P,P,P,P,P,P
757,SAI PRANAVI PERAM,CSE,CSE1,C2,IS201,R404A,2300030532,P,P,P,P,P,P,P,P
758,POSHAM PURNIMA,CSE,CSE1,C2,IS201,R404A,2300030548,A,A,A,A,A,A,A,A
759,HARSHITHA,CSE,CSE1,C2,IS201,R404A,2300030550,P,P,P,P,P,P,P,P
760,SHAIK SANIYA,CSE,CSE1,C2,IS201,R404A,2300030627,A,A,A,A,A,A,A,A
761,THOTA NARESH,CSE,CSE1,C2,IS201,R404A,2300030679,A,A,A,A,A,A,A,A
762,YALAKALA SAI PRAVEEN,CSE,CSE1,C2,IS201,R404A,2300030740,P,P,A,A,A,A,A,A
763,PRANAV YERRA,CSE,CSE1,C2,IS201,R404A,2300030761,A,A,P,P,P,P,A,A
764,SREEVATSA SANKISA,CSE,CSE1,C2,IS201,R404A,2300030832,P,P,A,A,P,P,P,P
765,MADUGULA HARI PRASAD,CSE,CSE1,C2,IS201,R404A,2300030885,A,A,A,A,A,A,A,A
766,PARVATHANENI LASYASRI,CSE,CSE1,C2,IS201,R404A,2300030910,P,P,P,P,P,P,P,P
767,KAMALAPURI. SAI MANOGNA,CSE,CSE1,C2,IS201,R404A,2300030920,P,P,P,P,P,P,P,P
768,RACHAMADUGU BHAVYA SRI,CSE,CSE1,C2,IS201,R404A,2300030924,P,P,P,P,P,P,P,P
769,KUNAPULI BALA SRI SARVANI,CSE,CSE1,C2,IS201,R404A,2300030957,P,P,P,P,P,P,P,P
770,PATLA DIVYA DHARANI REDDY,CSE,CSE1,C2,IS201,R404A,2300030966,P,P,P,P,P,P,P,P
771,GOPIREDDY GIRI VENKATA SUBHASH,CSE,CSE1,C2,IS201,R404A,2300031134,A,A,A,A,A,A,A,A
772,MUMMAREDDY SATYANARAYANA CHOWDARY,CSE,CSE1,C2,IS201,R404A,2300031187,A,A,A,A,A,A,A,A
773,KUNDA SREE RANGA LAXMI NRUSIMHA SAI,CSE,CSE1,C2,IS201,R404A,2300031204,P,P,P,P,P,P,P,P
774,PREETAM CHINNARI,CSE,HTI,C2,IS201,R404A,2300031362,A,A,A,A,A,A,A,A
775,ANDAVARAPU GOUTAMI,CSE,CSE1,C2,IS201,R404A,2300031390,A,A,A,A,A,A,A,A
776,GANDHAM NAGA SAI PRANAV,CSE,CSE1,C2,IS201,R404A,2300031498,P,P,P,P,P,P,P,P
777,POPURI YAVANIKA,CSE,CSE1,C2,IS201,R404A,2300031512,P,P,P,P,P,P,P,P
778,ALAPARTHI KEERTHI PRIYA,CSE,CSE1,C2,IS201,R404A,2300031605,P,P,P,P,P,P,P,P
779,GOPISETTY PURNA RAJESH,CSE,CSE1,C2,IS201,R404A,2300031613,P,P,P,P,P,P,P,P
780,VEMULA SATYA SAI HARISCHANDRA,CSE,HTI,C2,IS201,R404A,2300031692,P,P,P,P,P,P,P,P
781,GUTTA GNANESH,CSE,CSE1,C2,IS201,R404A,2300031699,P,P,P,P,P,P,P,P
782,BANDARUPALLI GOVARDHANI,CSE,CSE1,C2,IS201,R404A,2300031710,A,A,A,A,A,A,A,A
783,METLA KUMARA SWAMY,CSE,CSE1,C2,IS201,R404A,2300031747,P,P,P,P,P,P,P,P
784,RAMACHANDRAPURAPU MAHIMA VARSHINI,CSE,CSE1,C2,IS201,R404A,2300031837,A,A,A,A,A,A,A,A
785,SAVALA SHILPESH,CSE,CSE1,C2,IS201,R404A,2300031878,P,P,P,P,P,P,P,P
786,PENKI GYANESWAR RAO,CSE,CSE1,C2,IS201,R404A,2300031886,A,A,A,A,A,A,A,A
787,BASINGALA SAMATHA SWARAJ,CSE,CSE1,C2,IS201,R404A,2300031989,P,P,P,P,P,P,P,P
788,K ANUGYA REDDY,CSE,CSE1,C2,IS201,R404A,2300031990,P,P,P,P,P,P,P,P
789,KODURI LAKSHMI SOWJANYA,CSE,CSE1,C2,IS201,R404A,2300032054,P,P,P,P,P,P,P,P
790,SHAIK SADIK,CSE,CSE1,C2,IS201,R404A,2300032075,P,P,P,P,P,P,P,P
791,AVULAPATI LAKSHMI POOJITHA SREE,CSE,CSE1,C2,IS201,R404A,2300032079,P,P,P,P,P,P,P,P
792,KAVYAMRUTHA VEERLA,CSE,CSE1,C2,IS201,R404A,2300032081,P,P,P,P,P,P,P,P
793,CHINAMANAGONDA HINDUJA,CSE,CSE1,C2,IS201,R404A,2300032167,P,P,P,P,P,P,P,P
794,PAKALAPATI KHYATHI SREE,CSE,CSE1,C2,IS201,R404A,2300032173,P,P,P,P,P,P,P,P
795,VALETI PUJASRI,CSE,CSE1,C2,IS201,R404A,2300032206,A,A,A,A,A,A,A,A
796,RUTHVIKA SRI GAYATHRI VOLLU,CSE,CSE1,C2,IS201,R404A,2300032241,P,P,P,P,P,P,P,P
797,LAKSHMI PRIYA GUDIPUDI,CSE,CSE1,C2,IS201,R404A,2300032280,P,P,P,P,P,P,P,P
798,BIRADAR SHIVACHANDRA,CSE,CSE1,C2,IS201,R404A,2300032319,A,A,A,A,A,A,A,A
799,ABHISHEK KUMAR,CSE,CSE1,C2,IS201,R404A,2300032342,A,A,A,A,A,A,A,A
800,MANDA LOHITHA,CSE,CSE1,C2,IS201,R404A,2300032353,A,A,A,A,A,A,A,A
801,NAGA DURGA NITHIN,CSE,CSE1,C2,IS201,R404A,2300032506,P,P,P,P,P,P,P,P
802,KOMPELLA SURYATEJA,CSE,CSE1,C2,IS201,R404A,2300032511,A,A,A,A,A,A,A,A
803,KATARI TANMAI,CSE,CSE1,C2,IS201,R404A,2300032542,A,A,A,A,A,A,A,A
804,KATTA MANJU SRI,CSE,CSE1,C2,IS201,R404A,2300032570,P,P,P,P,P,P,P,P
805,VARSHITHA NAGOTHU,CSE,CSE1,C2,IS201,R404A,2300032636,P,P,P,P,P,P,P,P
806,HIMANSHU,CSE,CSE1,C2,IS201,R404A,2300032648,A,A,A,A,A,A,A,A
807,NEELAKSHI SRAVYA CHINTA,CSE,CSE1,C2,IS201,R404A,2300032735,A,A,A,A,A,A,A,A
808,VAGICHERLA VENKATA SAI SATVIK,CSE,CSE1,C2,IS201,R404A,2300032783,A,A,A,A,A,A,A,A
809,MAMIDI YUGANDHAR RAO,CSE,CSE1,C2,IS201,R404A,2300032847,P,P,P,P,A,A,A,A
810,MARAMPUDI VINEETHA,CSE,CSE1,C2,IS201,R404A,2300032887,A,A,A,A,A,A,A,A
811,BANDARU ALEKHYA,CSE,CSE1,C2,IS201,R404A,2300032935,A,A,A,A,A,A,A,A
812,PEDASANAGANTI VISHNU PRABHAKAR,CSE,CSE1,C2,IS201,R404A,2300033040,P,P,P,P,P,P,A,A
813,NAGAVENKATA BHAVYA YARLAGADDA,CSE,CSE1,C2,IS201,R404A,2300033060,P,P,P,P,P,P,P,P
814,MADDIPOTI RAASHMI PHANITYA,CSE,CSE1,C2,IS201,R404A,2300033101,A,A,A,A,A,A,A,A
815,GADDE GOWTHAM CHOWDARY,CSE,CSE1,C2,IS201,R404A,2300033152,P,P,P,P,P,P,A,A
816,THEJAVATH SOOHITH NAIK,CSE,HTI,C2,IS201,R404A,2300033163,A,A,A,A,A,A,A,A
817,VUBBARA HARSHALA REDDY,CSE,CSE1,C2,IS201,R404A,2300033165,A,A,A,A,A,A,A,A
818,MACHIREDDY GARI SRIJA,CSE,CSE1,C2,IS201,R404A,2300033195,A,A,A,A,A,A,A,A
819,BHAVANAM ABHI SATHVIKA,CSE,CSE1,C2,IS201,R404A,2300033203,P,P,P,P,P,P,P,P
820,GONALA TALLAM AKSHAYA,CSE,CSE1,C2,IS201,R404A,2300033237,P,P,A,A,P,P,P,P
821,PAGOLU NAGA SWAROOF,CSE,CSE1,C2,IS201,R404A,2300033274,P,P,P,P,P,P,P,P
822,CHOWDAVARAPU SAHITHI,CSE,CSE1,C2,IS201,R404A,2300033306,P,P,P,P,P,P,A,A
823,AKKINENI LITHIKA,CSE,CSE1,C2,IS201,R404A,2300033390,A,A,A,A,A,A,A,A
824,MUDIMELA PAVANIKA,CSE,CSE1,C2,IS201,R404A,2300033399,A,A,A,A,A,A,A,A
825,GEETHIKA VOOTLA,CSE,CSE1,C2,IS201,R404A,2300033455,A,A,A,A,A,A,A,A
826,LADE PRANAVI,CSE,CSE1,C2,IS201,R404A,2300033527,P,P,P,P,P,P,P,P
827,AMAN RANJAN,CSE,CSE1,C2,IS201,R404A,2300033544,A,A,A,A,A,A,A,A
828,GUDE YOGESH,CSE,CSE1,C2,IS201,R404A,2300033559,P,P,P,P,P,P,P,P
829,ADAPA VENKATA KARTHIK,CSE,CSE1,C2,IS201,R404A,2300033641,P,P,P,P,P,P,P,P
830,METTA PAVAN KUMAR,CSE,CSE1,C2,IS201,R404A,2300033669,P,P,P,P,P,P,P,P
831,INDEMANDALA PAVANI,CSE,CSE1,C2,IS201,R404A,2300033688,A,A,A,A,A,A,A,A
832,JAYADEEP MALLELA,CSE,CSE1,C2,IS201,R404A,2300033689,A,A,A,A,A,A,A,A
833,MADDEPALLI HEM CHARAN,CSE,CSE1,C2,IS201,R404A,2300033692,A,A,A,A,A,A,A,A
834,TELAPROLU SIVAMANI,CSE,CSE1,C2,IS201,R404A,2300033713,A,A,A,A,A,A,A,A
835,SHAIK HUSHMAD,CSE,CSE1,C2,IS201,R404A,2300033751,A,A,A,A,A,A,A,A
836,SIDHARTHA SANKAR SATAPATHY,CSE,CSE1,C2,IS201,R404A,2300033853,A,A,A,A,A,A,A,A
837,KUMMARI REVANTH BABU,ECE,HTI,C2,IS201,R404A,2300040215,A,A,A,A,A,A,A,A
838,KALAGARLA ASRITH KRISHNA,CSIT,HTI,C2,IS201,R404A,2300090181,A,A,A,A,A,A,A,A
839,JAHNAVI CHANDRAGIRI,CSE,CSE1,C2,IS201,R404A,2300032681,A,A,A,A,A,A,A,A
840,BHAVYA SRI ATHUKURI,CSE,CSE3,C2,RS23,R404B,2300030050,P,P,P,P,P,P,P,P
841,BASWA MOHITH,CSE,CSE3,C2,RS23,R404B,2300030073,A,A,A,A,A,A,A,A
842,CHANDALURI VEDESH,CSE,CSE3,C2,RS23,R404B,2300030113,A,A,A,A,A,A,A,A
843,YASASWI DHULLIPALLA,CSE,CSE3,C2,RS23,R404B,2300030166,A,A,A,A,A,A,A,A
844,EEDA ANIL,CSE,CSE3,C2,RS23,R404B,2300030177,P,P,P,P,P,P,P,P
845,AKHILESWAR GHANTASALA,CSE,CSE3,C2,RS23,R404B,2300030210,A,A,A,A,A,A,A,A
846,GRANDHISRUTHIKA,CSE,CSE3,C2,RS23,R404B,2300030224,P,P,P,P,P,P,P,P
847,ILLA PRAVEEN KUMAR,CSE,CSE3,C2,RS23,R404B,2300030251,A,A,A,A,A,A,A,A
848,SAICHARAN LALAM,CSE,CSE3,C2,RS23,R404B,2300030377,P,P,P,P,P,P,P,P
849,M.LIKHIL SRI SAI,CSE,CSE3,C2,RS23,R404B,2300030419,P,P,P,P,P,P,P,P
850,PRANATHI MULLAPUDI,CSE,CSE3,C2,RS23,R404B,2300030444,A,A,A,A,A,A,A,A
851,PALANKI SRI ABHINAYA,CSE,CSE3,C2,RS23,R404B,2300030499,A,A,A,A,A,A,A,A
852,PENDYALA GOPI KRISHNA,CSE,CSE3,C2,RS23,R404B,2300030524,A,A,A,A,P,P,P,P
853,PETETI NAVYA,CSE,CSE3,C2,RS23,R404B,2300030534,A,A,A,A,A,A,A,A
854,POTARLANKA NIKHITHA,CSE,CSE3,C2,RS23,R404B,2300030549,P,P,P,P,P,P,P,P
855,JYOTHSNA,CSE,CSE3,C2,RS23,R404B,2300030554,P,P,P,P,P,P,P,P
856,RAGHAVAPURAPU MRIDULA,CSE,CSE3,C2,RS23,R404B,2300030571,P,P,P,P,P,P,P,P
857,R DHANU,CSE,CSE4,C2,RS23,R404B,2300030573,A,A,A,A,A,A,A,A
858,REDDY SUJANA SATYA,CSE,CSE3,C2,RS23,R404B,2300030585,A,A,A,A,A,A,A,A
859,HARSHAVARDHANTANGUDU,CSE,CSE3,C2,RS23,R404B,2300030668,A,A,A,A,A,A,A,A
860,THOTA VENKAT PAVAN,CSE,CSE3,C2,RS23,R404B,2300030681,P,P,P,P,P,P,P,P
861,KOMMINENI SREE SOWMYA,CSE,CSE3,C2,RS23,R404B,2300030907,P,P,P,P,P,P,P,P
862,VAYILADA VENKATA THANUJ,CSE,CSE3,C2,RS23,R404B,2300030925,A,A,A,A,A,A,A,A
863,MATCHARLA NAGENDRAKUMAR,CSE,CSE3,C2,RS23,R404B,2300030931,A,A,A,A,A,A,A,A
864,MANJUSHA REDDY,CSE,CSE3,C2,RS23,R404B,2300030992,P,P,P,P,P,P,P,P
865,VENKATA TEJAS KUMAR PERURI,CSE,CSE4,C2,RS23,R404B,2300031010,P,P,P,P,P,P,P,P
866,GIRISH NALLAMOTHU,CSE,CSE3,C2,RS23,R404B,2300031046,A,A,A,A,A,A,A,A
867,SRI SASI VARUN NANDANAMPATI,CSE,CSE4,C2,RS23,R404B,2300031047,A,A,A,A,A,A,A,A
868,VELLAPALEM CHAKRADHAR REDDY,CSE,CSE3,C2,RS23,R404B,2300031075,A,A,A,A,A,A,A,A
869,VELAGALA SAI SRI HARSHA VARDHAN REDDY,CSE,CSE3,C2,RS23,R404B,2300031223,P,P,P,P,P,P,P,P
870,SHETTY AKHIL,CSE,CSE3,C2,RS23,R404B,2300031378,A,A,A,A,A,A,A,A
871,YELLATURU SIVA SOWMYA,CSE,CSE3,C2,RS23,R404B,2300031486,P,P,P,P,P,P,P,P
872,DEEPIKA KADIYALA,CSE,CSE3,C2,RS23,R404B,2300031532,A,A,A,A,A,A,A,A
873,GOUDAMPALLY SIDDHARTHA SHANKAR,CSE,CSE4,C2,RS23,R404B,2300031614,A,A,A,A,A,A,A,A
874,VELUGURI MANIKANTA SATWIK,CSE,CSE3,C2,RS23,R404B,2300031668,P,P,P,P,P,P,P,P
875,RISHIK REDDY,CSE,CSE3,C2,RS23,R404B,2300031698,P,P,P,P,P,P,P,P
876,VANNEMREDDY RAM CHARAN,CSE,CSE3,C2,RS23,R404B,2300031709,P,P,P,P,P,P,P,P
877,KOLAGANIVENKATASRIKAR,CSE,CSE3,C2,RS23,R404B,2300031947,P,P,P,P,P,P,P,P
878,NEELISETTY DEEPIKA,CSE,CSE3,C2,RS23,R404B,2300031976,P,P,P,P,P,P,P,P
879,KOLLI SAI ANURAG,CSE,CSE3,C2,RS23,R404B,2300031987,P,P,P,P,P,P,P,P
880,NIKHILENDRA KANIPATI,CSE,CSE4,C2,RS23,R404B,2300032030,A,A,A,A,A,A,A,A
881,DARAPUNENI AKASH,CSE,CSE3,C2,RS23,R404B,2300032056,P,P,P,P,P,P,P,P
882,GADE BINDHU SRI,CSE,CSE3,C2,RS23,R404B,2300032059,P,P,P,P,P,P,A,A
883,CHINTA SHARON,CSE,CSE3,C2,RS23,R404B,2300032140,P,P,P,P,P,P,P,P
884,KODIREKKA POOJITHA,CSE,CSE3,C2,RS23,R404B,2300032171,P,P,P,P,P,P,P,P
885,NARRA LOHIT,CSE,CSE4,C2,RS23,R404B,2300032188,P,P,P,P,P,P,P,P
886,SASHANK BETHAMCHERLA,CSE,CSE3,C2,RS23,R404B,2300032244,A,A,A,A,A,A,A,A
887,PADMANABHUNI VENKATA CHALAM,CSE,CSE3,C2,RS23,R404B,2300032265,A,A,A,A,A,A,A,A
888,CHAPALA UMA MAHESWARA RAO,CSE,CSE3,C2,RS23,R404B,2300032281,A,A,A,A,A,A,A,A
889,SHAIK YASEEN,CSE,CSE3,C2,RS23,R404B,2300032309,P,P,P,P,P,P,P,P
890,SHAIK ANAS BASHA,CSE,CSE4,C2,RS23,R404B,2300032367,P,P,P,P,P,P,P,P
891,YECHURI PINAKA PANI SRI HARSHITH,CSE,CSE3,C2,RS23,R404B,2300032424,P,P,P,P,P,P,P,P
892,BEJAWADA ACHUTH SAI KRISHNA,CSE,CSE3,C2,RS23,R404B,2300032463,A,A,A,A,A,A,A,A
893,BUDDEPU JASWANTH,CSE,CSE4,C2,RS23,R404B,2300032510,P,P,P,P,P,P,P,P
894,BHIMAVARAPU DHATHRI REDDY,CSE,CSE3,C2,RS23,R404B,2300032610,P,P,P,P,P,P,P,P
895,PODILAPU SUJITH SRI SAI,CSE,CSE4,C2,RS23,R404B,2300032618,P,P,P,P,P,P,P,P
896,KAMMELA BHARGAV,CSE,CSE4,C2,RS23,R404B,2300032627,P,P,P,P,P,P,P,P
897,NAMBURU SRAVYA,CSE,CSE3,C2,RS23,R404B,2300032712,A,A,A,A,A,A,A,A
898,VOLISETTY TEJASWIN,CSE,CSE3,C2,RS23,R404B,2300032713,P,P,P,P,P,P,P,P
899,NEELENDHRA ASWATH ETHAMSETTY,CSE,CSE3,C2,RS23,R404B,2300032782,A,A,A,A,A,A,A,A
900,KARNATI SIVA SAI REDDY,CSE,CSE4,C2,RS23,R404B,2300032824,P,P,P,P,P,P,P,P
901,JAYA KISHORE,CSE,CSE3,C2,RS23,R404B,2300032851,A,A,A,A,A,A,A,A
902,BHAVANAM MEGHANA,CSE,CSE3,C2,RS23,R404B,2300032918,P,P,P,P,P,P,P,P
903,SHAIK SALMAN,CSE,CSE3,C2,RS23,R404B,2300032987,A,A,A,A,A,A,A,A
904,REGULA SOMENDHRA KARTHIK,CSE,CSE4,C2,RS23,R404B,2300033142,P,P,P,P,P,P,P,P
905,VADDI VEDA ABHINASH,CSE,CSE3,C2,RS23,R404B,2300033645,A,A,A,A,A,A,A,A
906,KANITHIAJAYNITHIN,CSE,CSE3,C2,RS23,R404B,2300033656,A,A,A,A,A,A,A,A
907,SEGU GOPI TRISHANK,CSE,CSE4,C2,RS23,R404B,2300033704,A,A,A,A,A,A,A,A
908,NALAM VENKATA NAGA VAMSI KRISHNA,CSE,CSE3,C2,RS23,R404B,2300033840,A,A,A,A,A,A,A,A
909,BODDU MANASA,CSE,CSE3,C2,RS23,R404B,2300033841,A,A,A,A,A,A,A,A
910,MARETI SATISH,CSE,CSE3,C2,RS23,R404B,2300033881,A,A,A,A,A,A,A,A
911,THOKA NANDINI,CSE,CSE3,C2,RS23,R404B,2300039025,P,P,P,P,P,P,P,P
912,PRATHIPATI EESWAR,CSE,CSE3,C2,RS23,R404B,2300039047,P,P,P,P,P,P,P,P
913,BANALA MANASA,CSE,CSE3,C2,RS23,R404B,2300039066,A,A,A,A,A,A,A,A
914,DEBBATA MADHAVA CHARYULU,CSE,CSE3,C2,RS23,R404B,2300039087,A,A,A,A,A,A,A,A
915,RAYALA YUVARAJ,CSE,CSE3,C2,RS23,R404B,2300039095,P,P,P,P,P,P,P,P
916,CHINTHAKUNTA RAMAKRISHNA,CSE,CSE3,C2,RS23,R404B,2300039097,A,A,A,A,A,A,A,A
917,KUDIPUDI PRADEEP LOKESH,CSE,CSE3,C2,RS23,R404B,2300039103,A,A,A,A,A,A,A,A
918,HARI DATTI,CSE,CSE3,C2,RS23,R404B,2300039124,P,P,P,P,P,P,P,P
919,UPPALAPATI THANUJA,CSE,CSE3,C2,RS23,R404B,2300039129,A,A,A,A,A,A,A,A
920,MANI KANTA SEERAPU,CSE,CSE3,C2,RS23,R404B,2300039150,A,A,A,A,A,A,A,A
921,PASALA ABHIRAM CHOWDARY,MECH,MECH,C2,RS23,R404B,2300070010,A,A,A,A,A,A,A,A
922,NAGULAPALLI SAI ANANTH,MECH,MECH,C2,RS23,R404B,2300070011,P,P,P,P,P,P,P,P
923,JONNAKUTI SRAVAN KUMAR,MECH,MECH,C2,RS23,R404B,2300070012,P,P,A,A,P,P,P,P
924,PUTTA HARSHA VARDHAN,IOT,IOT,C2,RS23,R404B,2300100003,A,A,P,P,A,A,A,A
925,GOGULA KUSHMITHA,IOT,IOT,C2,RS23,R404B,2300100008,A,A,P,P,A,A,A,A
926,YARKAREDDY THANISHQ REDDY,IOT,IOT,C2,RS23,R404B,2300100012,A,A,P,P,A,A,A,A
927,YAMINI MURALA,IOT,IOT,C2,RS23,R404B,2300100019,P,P,P,P,P,P,P,P
928,BUDIGA BHARGAVI,IOT,IOT,C2,RS23,R404B,2300100022,A,A,A,A,A,A,A,A
929,B. HEMA SRI,IOT,IOT,C2,RS23,R404B,2300100032,P,P,P,P,P,P,P,P
930,K. LUMESWARA APPALARAJU,IOT,IOT,C2,RS23,R404B,2300100035,A,A,P,P,P,P,P,P
931,PAMIDI VAMSI KRISHNA,IOT,IOT,C2,RS23,R404B,2300100038,P,P,P,P,A,A,A,A
932,BUTTAMARAJU YOGENDRA VARMA,IOT,IOT,C2,RS23,R404B,2300100051,P,P,P,P,P,P,P,P
933,POOJITHA SANNAMURI,IOT,IOT,C2,RS23,R404B,2300100060,A,A,A,A,A,A,A,A
934,ALEKHYA VAKADANI,IOT,IOT,C2,RS23,R404B,2300100067,A,A,A,A,A,A,A,A
935,SABIHA SK,IOT,IOT,C2,RS23,R404B,2300100069,A,A,A,A,A,A,A,A
936,KATKAM NIKHIL,IOT,IOT,C2,RS23,R404B,2300100071,A,A,A,A,A,A,A,A
937,M.ARSHA VENKATA SIVA NAGA JYOTHI,IOT,IOT,C2,RS23,R404B,2300100072,A,A,A,A,A,A,A,A
938,BOYA JANAKI NANDAN,CSE,CSE4,C2,RS23,R404B,2300030101,A,A,P,P,A,A,P,P
939,T.KRISHNA KAMAL,CSE,CSE3,C2,RS23,R404B,2300030669,P,P,P,P,P,P,P,P
940,KOSURISAIPRIYANKA,IOT,IOT,C2,RS23,R404B,2300100026,P,P,P,P,P,P,P,P
941,ADDEPALL S V S DEERAJ,CSE,HTE,C2,CGN23,R405A,2300030013,P,P,P,P,P,P,P,P
942,ALLA DINESH KARTHIK,CSE,HTE,C2,CGN23,R405A,2300030028,P,P,P,P,P,P,P,P
943,AVIRNI SAHASRA CHOWDARY,CSE,HTE,C2,CGN23,R405A,2300030057,P,P,P,P,P,P,P,P
944,B.NIHANTH,CSE,HTR,C2,CGN23,R405A,2300030059,P,P,P,P,P,P,P,P
945,CHEBROLUNUTHANSAI,CSE,HTE,C2,CGN23,R405A,2300030124,P,P,P,P,P,P,P,P
946,KOLLISETI SAI KRISHNA,CSE,HTE,C2,CGN23,R405A,2300030334,P,P,P,P,P,P,P,P
947,KUKKALA SAI HARSHINI,CSE,HTE,C2,CGN23,R405A,2300030367,P,P,P,P,P,P,P,P
948,UJWALA MAVIREDDY,CSE,HTR,C2,CGN23,R405A,2300030418,P,P,P,P,P,P,P,P
949,MUVVALASRUNITH,CSE,HTE,C2,CGN23,R405A,2300030453,P,P,P,P,P,P,P,P
950,NAGABHYRU MEENAAMRUTHA,CSE,HTR,C2,CGN23,R405A,2300030461,P,P,P,P,P,P,P,P
951,TELAGAMSETTI KAVYA,CSE,HTE,C2,CGN23,R405A,2300030673,P,P,P,P,P,P,P,P
952,BOMMU MADHU SREYAN,CSE,HTE,C2,CGN23,R405A,2300030859,P,P,P,P,P,P,P,P
953,DORBALA SAI SUJITHA,CSE,HTR,C2,CGN23,R405A,2300030861,P,P,P,P,P,P,P,P
954,BHASHYA PALANI CHALLAGALI,CSE,HTR,C2,CGN23,R405A,2300030941,A,A,A,A,A,A,A,A
955,KAMADULA BHANU KEERTHANA,CSE,HTR,C2,CGN23,R405A,2300030953,P,P,P,P,P,P,P,P
956,GARIGAPATI SAI NAGA SATHVIK,CSE,HTE,C2,CGN23,R405A,2300031060,A,A,A,A,A,A,A,A
957,NALLAPANENI LAKSHMI SOWJANYA,CSE,HTE,C2,CGN23,R405A,2300031099,A,A,A,A,A,A,A,A
958,MAILA VENKATA SIVA RAKESH REDDY,CSE,HTE,C2,CGN23,R405A,2300031159,P,P,P,P,P,P,P,P
959,GOTTUPULLA SRI RAM GOPALA CHARYULU,CSE,HTE,C2,CGN23,R405A,2300031201,P,P,P,P,P,P,P,P
960,MOHAMMED MUTEE RUKNUDDIN,CSE,HTE,C2,CGN23,R405A,2300031344,P,P,P,P,P,P,P,P
961,KAMMELA AKHIL RAM KUMAR,CSE,HTE,C2,CGN23,R405A,2300031407,P,P,P,P,P,P,P,P
962,NANDIGAM USHASWI,CSE,HTE,C2,CGN23,R405A,2300031874,P,P,P,P,P,P,P,P
963,DULLA VARA VEERA VENKATA MOHIT,CSE,HTE,C2,CGN23,R405A,2300031921,A,A,A,A,A,A,A,A
964,NUKAVARAPU GANESH SAI,CSE,HTE,C2,CGN23,R405A,2300032198,P,P,P,P,P,P,P,P
965,LANKAPALLI SHRAVYA,CSE,HTE,C2,CGN23,R405A,2300032333,P,P,P,P,P,P,P,P
966,TEJASWI SARASWATHI,CSE,HTE,C2,CGN23,R405A,2300032530,A,A,A,A,A,A,A,A
967,VASANTHA NAGA LAKSHMI,CSE,HTE,C2,CGN23,R405A,2300032839,A,A,A,A,A,A,A,A
968,SURE BHAVISHYA,CSE,HTR,C2,CGN23,R405A,2300032963,A,A,A,A,A,A,A,A
969,KILARI VENKATA VYSHNAVI,CSE,HTE,C2,CGN23,R405A,2300033133,A,A,A,A,A,A,A,A
970,NIKHIL REDDY,CSE,HTE,C2,CGN23,R405A,2300033143,P,P,P,P,P,P,P,P
971,KAKUNURI SANKAR REDDY,CSE,HTE,C2,CGN23,R405A,2300033190,P,P,P,P,P,P,P,P
972,THUMMEPALLI RUCHITHA,CSE,HTE,C2,CGN23,R405A,2300033231,P,P,P,P,P,P,P,P
973,ACHYUTHA SANTHOSH,CSE,HTR,C2,CGN23,R405A,2300033350,P,P,P,P,P,P,P,P
974,GOGU SAI VARSHITH,CSE,HTR,C2,CGN23,R405A,2300033414,P,P,P,P,P,P,P,P
975,BHAVYESH ASAPU,CSE,HTE,C2,CGN23,R405A,2300033730,A,A,A,A,A,A,A,A
976,GORIPARTHI VASUDEVA,ECE,HTE,C2,CGN23,R405A,2300040008,P,P,P,P,P,P,P,P
977,MALLAMPATI SUMANTH,ECE,HTE,C2,CGN23,R405A,2300040361,P,P,P,P,P,P,P,P
978,VARSHINI KASIREDDY,CSIT,HTE,C2,CGN23,R405A,2300060019,P,P,P,P,P,P,P,P
979,MADDINEEDI SAI RAGHAVA,AIDS,HTE,C2,CGN23,R405A,2300080104,A,A,A,A,A,A,A,A
980,SHAIK ASHFAQ,AIDS,HTR,C2,CGN23,R405A,2300080207,P,P,P,P,P,P,P,P
981,NUGULA THRISHANI,AIDS,HTE,C2,CGN23,R405A,2300080320,A,A,A,A,A,A,A,A
982,CHIPPADA PARDHU SADHVIK,AIDS,HTR,C2,CGN23,R405A,2300080351,A,A,A,A,A,A,A,A
983,MANOHAR KARUBUKTHA,AIDS,HTE,C2,CGN23,R405A,2300080377,P,P,P,P,P,P,P,P
984,SYAMALA BHUVANA SAI,AIDS,HTR,C2,CGN23,R405A,2300080383,A,A,P,P,P,P,P,P
985,YADLAPALLI REVATHI LAKSHMI,AIDS,HTE,C2,CGN23,R405A,2300080395,A,A,A,A,A,A,A,A
986,POLAREDDY AKSHAY REDDY,CSIT,CSIT,C2,CGN23,R405A,2300090002,A,A,A,A,A,A,A,A
987,BADE PRAVALIKA,CSIT,CSIT,C2,CGN23,R405A,2300090004,P,P,P,P,P,P,P,P
988,SRAVANI DIVVELA,CSIT,CSIT,C2,CGN23,R405A,2300090011,A,A,P,P,P,P,P,P
989,DONIPARTHI JAYA SREE,CSIT,CSIT,C2,CGN23,R405A,2300090012,P,P,P,P,P,P,P,P
990,MADA TERRY PUNITH NAIDU,CSIT,CSIT,C2,CGN23,R405A,2300090028,P,P,P,P,P,P,P,P
991,MALLU HARIKA,CSIT,CSIT,C2,CGN23,R405A,2300090030,A,A,A,A,A,A,A,A
992,MULA LAKSHMI MANASA,CSIT,CSIT,C2,CGN23,R405A,2300090031,A,A,A,A,A,A,A,A
993,NANDHAMURI NAGA ANJALI,CSIT,CSIT,C2,CGN23,R405A,2300090033,P,P,P,P,P,P,P,P
994,V. MADHU SAMHITHA,CSIT,CSIT,C2,CGN23,R405A,2300090045,P,P,P,P,P,P,P,P
995,POTHUGUNTLA NAGAJYOTHERMYE,CSIT,CSIT,C2,CGN23,R405A,2300090057,P,P,P,P,P,P,P,P
996,DAKSHITHA PONAKA,CSIT,CSIT,C2,CGN23,R405A,2300090073,A,A,A,A,A,A,A,A
997,ABHIRAMKOTA,CSIT,CSIT,C2,CGN23,R405A,2300090082,P,P,A,A,P,P,P,P
998,K SRI HARSHA VARDHAN,CSIT,CSIT,C2,CGN23,R405A,2300090083,A,A,A,A,A,A,A,A
999,MATTA ANANDITHA,CSIT,CSIT,C2,CGN23,R405A,2300090087,A,A,A,A,A,A,A,A
1000,NAMA SAI JAYANTH,CSIT,CSIT,C2,CGN23,R405A,2300090091,A,A,A,A,P,P,A,A
1001,MUTYALA HARI,CSIT,HTE,C2,CGN23,R405A,2300090101,P,P,P,P,P,P,P,P
1002,PRAVALLIKA GUDIVADA,CSIT,CSIT,C2,CGN23,R405A,2300090127,P,P,P,P,P,P,P,P
1003,CHEPURI SAKETH,CSIT,CSIT,C2,CGN23,R405A,2300090132,P,P,P,P,P,P,P,P
1004,DASARI GOPI,CSIT,CSIT,C2,CGN23,R405A,2300090137,P,P,P,P,P,P,A,A
1005,LAVANYA KOSURU,CSIT,CSIT,C2,CGN23,R405A,2300090142,P,P,P,P,P,P,P,P
1006,GOTTIPATI LAKSHMI RAMCHARAN,CSIT,CSIT,C2,CGN23,R405A,2300090145,A,A,A,A,A,A,A,A
1007,MONDI AVINASH,CSIT,CSIT,C2,CGN23,R405A,2300090150,A,A,A,A,A,A,A,A
1008,MARUTHI RANGA GANESH VARSHACHALAM,CSIT,CSIT,C2,CGN23,R405A,2300090155,A,A,A,A,A,A,A,A
1009,VUYYURU SAI KUMAR,CSIT,CSIT,C2,CGN23,R405A,2300090166,P,P,P,P,P,P,P,P
1010,RYALI VITHALA KAMESWAR BALAJI,CSIT,CSIT,C2,CGN23,R405A,2300090175,A,A,A,A,A,A,A,A
1011,BALARAJU JYOTHI NAGA SRAVANI,CSIT,HTE,C2,CGN23,R405A,2300090216,P,P,P,P,P,P,P,P
1012,KUPPI REDDY SYAM KUMAR REDDY,CSIT,CSIT,C2,CGN23,R405A,2300090221,A,A,A,A,A,A,A,A
1013,TADIBOINA OM VENKATESH,CSIT,CSIT,C2,CGN23,R405A,2300090240,A,A,A,A,P,P,P,P
1014,PENUMUDI MOUNIKA SAI,CSIT,HTR,C2,CGN23,R405A,2300090254,P,P,P,P,P,P,P,P
1015,VASAMSETTY KARTHIK,CSIT,CSIT,C2,CGN23,R405A,2300090265,P,P,P,P,P,P,P,P
1016,RASAMSETTY HEMASAI,CSIT,CSIT,C2,CGN23,R405A,2300090270,A,A,A,A,A,A,A,A
1017,MANASA GANIMISETTY,CSIT,CSIT,C2,CGN23,R405A,2300090271,A,A,A,A,A,A,A,A
1018,KARUMANCHI DIVYA,CSIT,CSIT,C2,CGN23,R405A,2300090278,P,P,P,P,P,P,P,P
1019,MARAKA CHANDRAHAS,CSIT,CSIT,C2,CGN23,R405A,2300090280,A,A,A,A,A,A,A,A
1020,SHAIK BILALUDDIN,CSIT,CSIT,C2,CGN23,R405A,2300090282,P,P,P,P,P,P,P,P
1021,VEMPA VARSHITHA,CSIT,CSIT,C2,CGN23,R405A,2300090288,P,P,P,P,P,P,P,P
1022,VEMPA TANVI SRI,CSIT,CSIT,C2,CGN23,R405A,2300090289,P,P,P,P,P,P,P,P
1023,MANIKANTA VADDE,CSIT,CSIT,C2,CGN23,R405A,2300090291,P,P,P,P,P,P,P,P
1024,YASHWANT MNV,CSIT,CSIT,C2,CGN23,R405A,2300090317,A,A,A,A,A,A,A,A
1025,ACHUTHA MEENAKSHI,CSIT,CSIT,C2,CGN23,R405A,2300090318,P,P,P,P,P,P,P,P
1026,D SNEHITHA,CSIT,CSIT,C2,CGN23,R405A,2300090320,A,A,A,A,A,A,A,A
1027,MARADANI BABY SOWMYA SRI,CSIT,CSIT,C2,CGN23,R405A,2300090321,P,P,P,P,P,P,P,P
1028,DUDEKULA KASIM SAHEB,CSIT,CSIT,C2,CGN23,R405A,2300090322,P,P,P,P,P,P,P,P
1029,KONIDINA SAI SANKAR,CSIT,HTE,C2,CGN23,R405A,2300090325,P,P,P,P,P,P,P,P
1030,SANTHIPRIYAA LINGALA,CSIT,CSIT,C2,CGN23,R405A,2300090346,P,P,P,P,P,P,P,P
1031,ACHYUTA JASHVANTH SAI,CSIT,CSIT,C2,CGN23,R405A,2300090376,P,P,P,P,P,P,P,P
1032,KASIRAJU .GAYATHRI PAVANKALYAN,CSIT,CSIT,C2,CGN23,R405A,2300090379,P,P,P,P,P,P,P,P
1033,BANDARU THANUJ,CSIT,CSIT,C2,CGN23,R405A,2300090399,A,A,A,A,A,A,A,A
1034,EATHA MEGHANA SRI VYSHNAVI,CSIT,CSIT,C2,CGN23,R405A,2300090400,P,P,P,P,P,P,A,A
1035,SULEKHA SENTHIL,BT,BT,C2,CGN24,R405B,2300010112,A,A,A,A,A,A,A,A
1036,BODI SUMANTH,ECE,ECE,C2,CGN24,R405B,2300040004,P,P,P,P,P,P,P,P
1037,BONDI SYAMKUMAR,ECE,ECE,C2,CGN24,R405B,2300040005,A,A,A,A,A,A,A,A
1038,SHAIK ZUNAIDH AHMED SHAH,ECE,ECE,C2,CGN24,R405B,2300040026,P,P,P,P,P,P,P,P
1039,VAVVERI YENDA,ECE,ECE,C2,CGN24,R405B,2300040032,P,P,P,P,P,P,P,P
1040,PASUPULETI MANOGNA,ECE,ECE,C2,CGN24,R405B,2300040039,P,P,P,P,P,P,P,P
1041,KOLLI JASWANTH KRISHNA,ECE,ECE,C2,CGN24,R405B,2300040040,P,P,P,P,P,P,P,P
1042,KOLLATI PAVAN VENKATESH,ECE,ECE,C2,CGN24,R405B,2300040043,P,P,P,P,P,P,P,P
1043,KAKARLA SAI VENKATA KRISHNA,ECE,ECE,C2,CGN24,R405B,2300040048,P,P,P,P,P,P,P,P
1044,DARAPUREDDY VENKATA MANI SHANKAR,ECE,ECE,C2,CGN24,R405B,2300040056,A,A,A,A,A,A,A,A
1045,NARIKONDA CHETANA VENKATA NAGA SAI,ECE,ECE,C2,CGN24,R405B,2300040060,P,P,P,P,P,P,P,P
1046,CHANDURI AKSHAY SRI DUTT,ECE,ECE,C2,CGN24,R405B,2300040062,P,P,P,P,P,P,P,P
1047,PACHIPULUSU MANVITHA NAGA VENKATA LAKSHMI,ECE,ECE,C2,CGN24,R405B,2300040068,A,A,A,A,A,A,A,A
1048,BHIMISETTY SHANMUKHA SIVA GANESH,ECE,ECE,C2,CGN24,R405B,2300040079,A,A,A,A,A,A,A,A
1049,THOTA L N V N PAVAN KUMAR,ECE,ECE,C2,CGN24,R405B,2300040095,A,A,A,A,A,A,A,A
1050,SWAMY SETHU SHRUTHI,ECE,ECE,C2,CGN24,R405B,2300040099,P,P,P,P,P,P,P,P
1051,KISHORE GORLE,ECE,ECE,C2,CGN24,R405B,2300040103,A,A,A,A,A,A,A,A
1052,NANDYALA HEMANTHSAIABHISHEKVARMA,ECE,ECE,C2,CGN24,R405B,2300040113,A,A,A,A,A,A,A,A
1053,DURVASULA SRIBALA,ECE,ECE,C2,CGN24,R405B,2300040117,P,P,P,P,P,P,P,P
1054,D.SIVA DHANESH,ECE,ECE,C2,CGN24,R405B,2300040119,A,A,A,A,A,A,A,A
1055,PAVANI JONNALA,ECE,ECE,C2,CGN24,R405B,2300040123,P,P,P,P,P,P,P,P
1056,SAI MADHURI GANDHAM,ECE,ECE,C2,CGN24,R405B,2300040125,A,A,P,P,A,A,A,A
1057,SREE KEERTHI BAYANA,ECE,ECE,C2,CGN24,R405B,2300040130,P,P,P,P,P,P,P,P
1058,SUROJU JYOTHI KRISHNA KANTH,ECE,ECE,C2,CGN24,R405B,2300040147,P,P,P,P,P,P,P,P
1059,DANDU DEEPAK,ECE,ECE,C2,CGN24,R405B,2300040153,A,A,A,A,A,A,A,A
1060,VENKATESH PONNAGANTI,ECE,ECE,C2,CGN24,R405B,2300040159,P,P,P,P,P,P,P,P
1061,BORRA NAVEENA,ECE,ECE,C2,CGN24,R405B,2300040175,P,P,P,P,P,P,P,P
1062,SEERA PRADEEP,ECE,ECE,C2,CGN24,R405B,2300040184,A,A,A,A,A,A,A,A
1063,ALAPANA RESHMA REDDY,ECE,ECE,C2,CGN24,R405B,2300040191,A,A,A,A,A,A,A,A
1064,SEELAM DINESH,ECE,ECE,C2,CGN24,R405B,2300040196,A,A,A,A,A,A,A,A
1065,INUGURI DIMPLE VENKATA SAI DURGA PRANITA SRIJA,ECE,ECE,C2,CGN24,R405B,2300040198,P,P,P,P,P,P,P,P
1066,M.AMARNATH,ECE,ECE,C2,CGN24,R405B,2300040204,A,A,A,A,A,A,A,A
1067,TIPPUSULTHAN SK,ECE,ECE,C2,CGN24,R405B,2300040217,A,A,A,A,A,A,A,A
1068,MAKKE ROHITHA,ECE,ECE,C2,CGN24,R405B,2300040219,A,A,A,A,P,P,P,P
1069,EEDALA SIDHARDHA,ECE,ECE,C2,CGN24,R405B,2300040246,A,A,A,A,A,A,A,A
1070,KOSURI VENKATA JAI KRISHNA VARUN,ECE,ECE,C2,CGN24,R405B,2300040251,P,P,P,P,P,P,P,P
1071,BOMMA JYOTHIR ADITYA SRI GUPTA,ECE,ECE,C2,CGN24,R405B,2300040252,A,A,A,A,A,A,A,A
1072,VENNELA RACHEL PACHIGOLLA,ECE,ECE,C2,CGN24,R405B,2300040265,P,P,P,P,P,P,P,P
1073,BODDU DOONDY SAI SUNITH,ECE,ECE,C2,CGN24,R405B,2300040269,A,A,A,A,A,A,A,A
1074,POTNURU VINODKUMAR,ECE,ECE,C2,CGN24,R405B,2300040280,A,A,A,A,A,A,A,A
1075,KONDAPATURU PRUDHVI,ECE,ECE,C2,CGN24,R405B,2300040282,P,P,P,P,P,P,P,P
1076,CHINNI.SURYATEJA,ECE,ECE,C2,CGN24,R405B,2300040299,A,A,A,A,A,A,A,A
1077,SHAIK REHAMATH,ECE,ECE,C2,CGN24,R405B,2300040302,P,P,P,P,P,P,P,P
1078,JAVVADI SAI SANTHOSH PAVAN,ECE,ECE,C2,CGN24,R405B,2300040326,A,A,A,A,A,A,A,A
1079,MEGHANA SRI,ECE,ECE,C2,CGN24,R405B,2300040339,A,A,P,P,A,A,A,A
1080,JYOTHSNA SUNKARAPALLI,ECE,ECE,C2,CGN24,R405B,2300040351,P,P,P,P,P,P,P,P
1081,LOKESH,ECE,ECE,C2,CGN24,R405B,2300040353,A,A,A,A,A,A,A,A
1082,KAMATHAMU SRINADH,ECE,ECE,C2,CGN24,R405B,2300040370,A,A,A,A,A,A,A,A
1083,KATTOJU KOUSHIK,ECE,ECE,C2,CGN24,R405B,2300040395,P,P,P,P,P,P,P,P
1084,D. HARSHA SAI,ECE,ECE,C2,CGN24,R405B,2300040404,A,A,P,P,P,P,P,P
1085,GUDEPU BABY SRAVANI,ECE,ECE,C2,CGN24,R405B,2300040427,P,P,P,P,P,P,P,P
1086,KARUPARTHY HARSHINI,ECE,ECE,C2,CGN24,R405B,2300040428,A,A,A,A,A,A,A,A
1087,L S RITHWIKA.IMANDI,ECE,ECE,C2,CGN24,R405B,2300040434,P,P,P,P,P,P,P,P
1088,YATTAPU BHANDHAVI,ECE,ECE,C2,CGN24,R405B,2300040445,A,A,A,A,A,A,A,A
1089,PINNAMAREDDY GANESH,ECE,ECE,C2,CGN24,R405B,2300040456,P,P,P,P,P,P,A,A
1090,VENKATA ASHOK CHITTIBOMMA,ECE,ECE,C2,CGN24,R405B,2300049002,P,P,P,P,P,P,P,P
1091,THALLAM VENKATA SAGAR,ECE,ECE,C2,CGN24,R405B,2300049003,P,P,P,P,P,P,P,P
1092,BOJJA SOMA SEKHAR SIDDARDHA,ECE,ECE,C2,CGN24,R405B,2300049004,P,P,P,P,P,P,P,P
1093,YENUMALA PAVAN MANIKANTH,ECE,ECE,C2,CGN24,R405B,2300049007,A,A,A,A,A,A,A,A
1094,G MANAS SANHITH,ECE,ECE,C2,CGN24,R405B,2300049013,P,P,P,P,P,P,P,P
1095,THADIKALA NAGA SUDHARSHAN,ECE,ECE,C2,CGN24,R405B,2300049014,A,A,A,A,A,A,A,A
1096,ANNAGOWNI YUVAKIRAN GOWD,ECE,ECE,C2,CGN24,R405B,2300049016,P,P,P,P,P,P,P,P
1097,DEVINENI PREM NAG,ECE,ECE,C2,CGN24,R405B,2300049018,P,P,P,P,P,P,P,P
1098,DASARI SHANMUKHA VENKATA SAI,ECE,ECE,C2,CGN24,R405B,2300049019,P,P,P,P,P,P,P,P
1099,ADITHYA MANNE,ECE,ECE,C2,CGN24,R405B,2300049033,P,P,P,P,P,P,P,P
1100,M HEMANTH KUMAR,ECE,ECE,C2,CGN24,R405B,2300049034,A,A,A,A,A,A,A,A
1101,G ABHIRAM CHARAN,ECE,ECE,C2,CGN24,R405B,2300049045,P,P,P,P,P,P,P,P
1102,GHANTA DAKSHINYA SNEHA,ECE,ECE,C2,CGN24,R405B,2300049048,P,P,P,P,P,P,P,P
1103,SINGUPARAPU VENKATA SWAROOP,ECE,ECE,C2,CGN24,R405B,2300049055,P,P,P,P,P,P,P,P
1104,NUNE GANESH,ECE,ECE,C2,CGN24,R405B,2300049065,A,A,A,A,A,A,A,A
1105,SHIVA SHANIGARAM,ECE,ECE,C2,CGN24,R405B,2300049076,A,A,A,A,A,A,A,A
1106,KONALA PARDHU,ECE,ECE,C2,CGN24,R405B,2300049078,A,A,A,A,A,A,A,A
1107,BOJJANNAGARI NANDIVARDHAN REDDY,ECE,ECE,C2,CGN24,R405B,2300049094,A,A,A,A,A,A,A,A
1108,MEDAVARAPU SAI CHARAN TEJA,ECE,ECE,C2,CGN24,R405B,2300049108,P,P,P,P,P,P,P,P
1109,THIRUNAMALA DHROWNITH KUMAR,ECE,ECE,C2,CGN24,R405B,2300049111,A,A,A,A,A,A,A,A
1110,ROUTHU DEVICHAND SAI VENKATA SRIRAM,ECE,ECE,C2,CGN24,R405B,2300049126,P,P,P,P,P,P,P,P
1111,ARUMILLI GOVARSHITHA,ECE,ECE,C2,CGN24,R405B,2300049132,P,P,P,P,P,P,P,P
1112,KONDETI VIGNESH SRI SAI,ECE,ECE,C2,CGN24,R405B,2300049149,P,P,P,P,P,P,P,P
1113,BANDI NAVEEN REDDY,ECE,ECE,C2,CGN24,R405B,2300049176,P,P,P,P,P,P,P,P
1114,PASUPULETI RAVITEJA,ECE,ECE,C2,CGN24,R405B,2300049180,A,A,A,A,A,A,A,A
1115,TAMANAM LEELADHAR,ECE,ECE,C2,CGN24,R405B,2300049221,A,A,A,A,A,A,A,A
1116,YERIKALA BHUVANESWARI,EEE,EEE,C2,CGN24,R405B,2300060002,A,A,A,A,A,A,A,A
1117,SUMANTHIKA KANCHARLA,EEE,EEE,C2,CGN24,R405B,2300060008,A,A,A,A,A,A,A,A
1118,TEJASREE CHILLIMUNTA,EEE,EEE,C2,CGN24,R405B,2300060009,P,P,P,P,P,P,P,P
1119,ANANTULA SOWMYA DEVI,EEE,EEE,C2,CGN24,R405B,2300060010,P,P,P,P,P,P,P,P
1120,YANDRAPU NEERAJ,EEE,EEE,C2,CGN24,R405B,2300060011,P,P,P,P,P,P,P,P
1121,JAVVADHI HEMA SUNDHARA RAO,EEE,EEE,C2,CGN24,R405B,2300060014,P,P,P,P,P,P,P,P
1122,KAGITHA JASRITA RUPA,EEE,EEE,C2,CGN24,R405B,2300060016,P,P,P,P,P,P,P,P
1123,AKULA NAGA SIDDHARDHA,EEE,EEE,C2,CGN24,R405B,2300060017,P,P,P,P,P,P,P,P
1124,MOTRU JOHNSON SUNADH,EEE,EEE,C2,CGN24,R405B,2300060027,A,A,A,A,A,A,A,A
1125,CHITHIRALA DURGA PRASAD,EEE,EEE,C2,CGN24,R405B,2300060028,A,A,A,A,A,A,A,A
1126,VAKKAPATLA SUBHASHINI,EEE,EEE,C2,CGN24,R405B,2300060029,A,A,P,P,A,A,P,P
1127,ATLA SATWIKA,ECE,ECE,C2,CGN24,R405B,2300040386,P,P,P,P,P,P,P,P
1128,KAMISETTY VENKATA TANUJA,CSE,CSE2,C2,IS211,R406A,2300030294,P,P,P,P,P,P,P,P
1129,KOTHAGUNDLA TIJILESH,CSE,CSE2,C2,IS211,R406A,2300030358,A,A,A,A,A,A,A,A
1130,MADHAVI PENMETSA,CSE,CSE2,C2,IS211,R406A,2300030525,A,A,A,A,A,A,A,A
1131,PUSULURI HARIKA,CSE,CSE2,C2,IS211,R406A,2300030563,A,A,A,A,A,A,A,A
1132,SAKAMURI MEGHANA,CSE,CSE2,C2,IS211,R406A,2300030596,P,P,P,P,P,P,P,P
1133,KILARU SRAVYA,CSE,CSE2,C2,IS211,R406A,2300030786,P,P,P,P,P,P,P,P
1134,DHEERAJ NALLAMOTU,CSE,CSE4,C2,IS211,R406A,2300030826,P,P,P,P,P,P,P,P
1135,BINDEM SUSMITHA SAROJA,CSE,CSE2,C2,IS211,R406A,2300030904,P,P,P,P,P,P,P,P
1136,DHANUNJAYA CHARY,CSE,CSE2,C2,IS211,R406A,2300030970,P,P,P,P,P,P,A,A
1137,KV SUMA YASASWINI,CSE,CSE2,C2,IS211,R406A,2300031136,A,A,A,A,A,A,A,A
1138,UMMADISETTI SAI LAKSHMI CHAITANYA,CSE,CSE2,C2,IS211,R406A,2300031193,P,P,P,P,P,P,P,P
1139,SABBAVARAPU BHAVYA HARSHITHA SYAMALA,CSE,CSE2,C2,IS211,R406A,2300031213,P,P,P,P,A,A,A,A
1140,SHAIK ILIYAS,CSE,CSE2,C2,IS211,R406A,2300031260,P,P,P,P,P,P,P,P
1141,VENKATA NAGALAKSHMI YADDALA,CSE,CSE4,C2,IS211,R406A,2300031299,P,P,P,P,P,P,P,P
1142,VEMULAMANDA MUKESH VARMA,CSE,CSE2,C2,IS211,R406A,2300031382,A,A,A,A,A,A,A,A
1143,THANUJA ALAPATI,CSE,CSE2,C2,IS211,R406A,2300031493,A,A,A,A,A,A,A,A
1144,MADDIRALA RAVI TEJA,CSE,CSE2,C2,IS211,R406A,2300031545,P,P,P,P,P,P,P,P
1145,YERUBANDI SAI VARDHAN,CSE,CSE2,C2,IS211,R406A,2300031551,A,A,A,A,P,P,P,P
1146,ARAVEETI SHANMUK PRANAY,CSE,CSE2,C2,IS211,R406A,2300031563,P,P,P,P,P,P,P,P
1147,BOGGARAPU LAKSHMI SATHVIKA,CSE,CSE2,C2,IS211,R406A,2300031688,A,A,A,A,A,A,A,A
1148,TEJASWI GRANDHI,CSE,CSE2,C2,IS211,R406A,2300031689,P,P,P,P,P,P,P,P
1149,PRANAV REDDY GALI,CSE,CSE2,C2,IS211,R406A,2300031712,P,P,P,P,P,P,A,A
1150,KUMAR SAMRIDH,CSE,CSE2,C2,IS211,R406A,2300031829,P,P,P,P,P,P,P,P
1151,YAMPARALA DIVYESH,CSE,CSE4,C2,IS211,R406A,2300031856,P,P,P,P,P,P,P,P
1152,KOLAGANI.LAKSHMI SRAVYA,CSE,CSE4,C2,IS211,R406A,2300031869,A,A,A,A,A,A,A,A
1153,KILLI SATYA VAGWITHA,CSE,CSE2,C2,IS211,R406A,2300031881,P,P,P,P,P,P,P,P
1154,GARLAPATI LAKSHMI PAVANI,CSE,CSE2,C2,IS211,R406A,2300031933,A,A,A,A,A,A,A,A
1155,TIPPA RAKESH KUMAR,CSE,CSE2,C2,IS211,R406A,2300032034,P,P,P,P,P,P,P,P
1156,KURAPATI NAGA VENKATA MANI BHARATH KUMAR,CSE,CSE2,C2,IS211,R406A,2300032087,P,P,P,P,P,P,P,P
1157,SAIHARIKA,CSE,CSE2,C2,IS211,R406A,2300032122,P,P,P,P,P,P,P,P
1158,PASUPULETI VARSHITHSAI,CSE,CSE2,C2,IS211,R406A,2300032141,P,P,P,P,P,P,P,P
1159,SIGHAKOLLI JAYA LAKSHMI SIVA JYOTHIKA,CSE,CSE2,C2,IS211,R406A,2300032168,A,A,A,A,A,A,A,A
1160,AKULA CHANDANA SIVA GANA SRI,CSE,CSE4,C2,IS211,R406A,2300032169,P,P,P,P,P,P,P,P
1161,OBULASETTY NAGAPRADEEP,CSE,CSE2,C2,IS211,R406A,2300032180,P,P,P,P,P,P,P,P
1162,SHAIK MOHAMMAD PARVEZ,CSE,CSE2,C2,IS211,R406A,2300032184,P,P,P,P,P,P,P,P
1163,VUYYURU SUPRAJA,CSE,CSE2,C2,IS211,R406A,2300032289,A,A,A,A,A,A,A,A
1164,ARCHAKAM MADHAVAGIRI VENKATA SAI LALITH,CSE,CSE4,C2,IS211,R406A,2300032345,A,A,A,A,A,A,A,A
1165,SAMEERA NARAYANASETTI,CSE,CSE2,C2,IS211,R406A,2300032372,A,A,A,A,A,A,A,A
1166,SATYANARAYANA BUDAMKAYALA,CSE,CSE2,C2,IS211,R406A,2300032518,P,P,P,P,P,P,P,P
1167,NANDURI AKSHAYA NAIDU,CSE,CSE2,C2,IS211,R406A,2300032560,A,A,A,A,A,A,A,A
1168,YUTHIKA RAMINENI,CSE,CSE2,C2,IS211,R406A,2300032764,A,A,A,A,A,A,A,A
1169,JONNALAGADDA PUJITHA,CSE,CSE2,C2,IS211,R406A,2300032866,A,A,A,A,A,A,A,A
1170,POTLAPALLI SRILASYA,CSE,CSE2,C2,IS211,R406A,2300032872,P,P,P,P,P,P,P,P
1171,MUSUNURI GANESH BABU,CSE,CSE2,C2,IS211,R406A,2300032875,A,A,A,A,A,A,A,A
1172,KAKARALA HARSHITHA,CSE,CSE2,C2,IS211,R406A,2300032904,A,A,A,A,A,A,A,A
1173,SAI VARSHITHA,CSE,CSE4,C2,IS211,R406A,2300033129,P,P,P,P,P,P,P,P
1174,N MANI KANTA REDDY,CSE,CSE2,C2,IS211,R406A,2300033245,A,A,A,A,A,A,A,A
1175,CHIMAKURTHY SAIKUMAR,CSE,CSE4,C2,IS211,R406A,2300033254,P,P,P,P,P,P,P,P
1176,RAVI KUMAR NERUSU,CSE,CSE2,C2,IS211,R406A,2300033344,P,P,P,P,P,P,P,P
1177,KARTHIK MAGULURI,CSE,CSE2,C2,IS211,R406A,2300033445,P,P,P,P,P,P,P,P
1178,JYOTHULA ASVITHA,CSE,CSE4,C2,IS211,R406A,2300033628,A,A,A,A,A,A,A,A
1179,KOPPINENI HARINE,CSE,CSE2,C2,IS211,R406A,2300033893,P,P,P,P,P,P,P,P
1180,SHAIK ASIF,CSIT,CSIT,C2,IS211,R406A,2300090001,A,A,A,A,A,A,A,A
1181,DESU KOUSIK,CSIT,CSIT,C2,IS211,R406A,2300090010,P,P,P,P,P,P,A,A
1182,DURBHAKULA HITHESH,CSIT,CSIT,C2,IS211,R406A,2300090013,P,P,P,P,P,P,P,P
1183,KARNA SUBHASH REDDY,CSIT,CSIT,C2,IS211,R406A,2300090026,P,P,P,P,P,P,P,P
1184,B TANU SATYASRI,CSIT,CSIT,C2,IS211,R406A,2300090055,A,A,A,A,A,A,A,A
1185,SARASWATHI GOWTHAM CHANDRA,CSIT,CSIT,C2,IS211,R406A,2300090060,A,A,A,A,A,A,A,A
1186,KANDAKATLA BALA VEERA GANESH,CSIT,CSIT,C2,IS211,R406A,2300090065,A,A,A,A,A,A,A,A
1187,THATTE SUBRAMANYAM,CSIT,CSIT,C2,IS211,R406A,2300090076,A,A,A,A,A,A,A,A
1188,M. SRIYA,CSIT,CSIT,C2,IS211,R406A,2300090085,P,P,P,P,P,P,P,P
1189,DEEPAK SAI KAZA,CSE,CSE2,C2,IS211,R406A,2300090094,P,P,P,P,P,P,P,P
1190,BANDE KHYATESH,CSIT,CSIT,C2,IS211,R406A,2300090096,P,P,P,P,P,P,P,P
1191,DEVIREDDY SAI CHARAN KUMAR REDDY,CSIT,CSIT,C2,IS211,R406A,2300090107,P,P,P,P,P,P,P,P
1192,SHIVANISRI KROSURU,CSIT,CSIT,C2,IS211,R406A,2300090119,A,A,A,A,A,A,A,A
1193,A. YESU DASU,CSIT,CSIT,C2,IS211,R406A,2300090138,A,A,A,A,A,A,A,A
1194,ANUMUKONDA CHATURYA,CSIT,CSIT,C2,IS211,R406A,2300090153,A,A,A,A,A,A,A,A
1195,K SOMENDRA,CSIT,CSIT,C2,IS211,R406A,2300090174,P,P,P,P,P,P,P,P
1196,SANDEEPREDDY ANNAPUREDDY,CSIT,CSIT,C2,IS211,R406A,2300090180,P,P,P,P,P,P,P,P
1197,PANCHUMARTHI MRUDULA,CSIT,CSIT,C2,IS211,R406A,2300090183,A,A,A,A,A,A,A,A
1198,ABHIYANT JAIN,CSIT,CSIT,C2,IS211,R406A,2300090193,A,A,A,A,A,A,A,A
1199,POOJITHA A.R.,CSIT,CSIT,C2,IS211,R406A,2300090199,A,A,A,A,A,A,A,A
1200,M.N.V.S.RAM GOPAL,CSIT,CSIT,C2,IS211,R406A,2300090205,P,P,P,P,P,P,P,P
1201,JANDHYALA SAI KAVYA SRI,CSIT,CSIT,C2,IS211,R406A,2300090232,A,A,A,A,A,A,A,A
1202,SAI PRANEETH M,CSIT,CSIT,C2,IS211,R406A,2300090233,A,A,A,A,A,A,A,A
1203,SIVAKOTI NAGA NISSCHITH,CSIT,CSIT,C2,IS211,R406A,2300090238,A,A,A,A,A,A,A,A
1204,PINNINTI SIVARAM,CSIT,CSIT,C2,IS211,R406A,2300090281,P,P,P,P,A,A,A,A
1205,PRANITHA PULUSU,CSIT,CSIT,C2,IS211,R406A,2300090285,A,A,A,A,A,A,A,A
1206,ABBURI ANITHA,CSIT,CSIT,C2,IS211,R406A,2300090297,A,A,A,A,A,A,A,A
1207,VIVEK BOMMIDI,CSIT,CSIT,C2,IS211,R406A,2300090305,A,A,A,A,A,A,A,A
1208,P. SAI HARSHA,CSIT,CSIT,C2,IS211,R406A,2300090308,P,P,P,P,A,A,A,A
1209,SHUBHRA KUMARI,CSIT,CSIT,C2,IS211,R406A,2300090311,A,A,P,P,A,A,A,A
1210,K. NIKILESH,CSIT,CSIT,C2,IS211,R406A,2300090314,P,P,P,P,P,P,P,P
1211,ANNAPUREDDY NIKITHA,CSIT,CSIT,C2,IS211,R406A,2300090331,P,P,P,P,P,P,P,P
1212,PONUGOTI GOPI REDDY,CSIT,CSIT,C2,IS211,R406A,2300090358,A,A,P,P,P,P,P,P
1213,THOTA SAI KARTHIK,CSIT,CSIT,C2,IS211,R406A,2300090365,A,A,A,A,A,A,A,A
1214,NALAMALA SASI KIRAN,CSIT,CSIT,C2,IS211,R406A,2300090366,A,A,A,A,A,A,A,A
1215,BANDARUHARANI,CSIT,CSIT,C2,IS211,R406A,2300090373,A,A,A,A,A,A,A,A
1216,SRINIVASA REDDY P,CSIT,CSIT,C2,IS211,R406A,2300090392,A,A,A,A,A,A,A,A
1217,NALLAMOTHU THARTEEK,CSIT,CSIT,C2,IS211,R406A,2300090395,A,A,A,A,A,A,A,A
1218,BONTHA KOWSHIK REDDY,CSIT,CSIT,C2,IS211,R406A,2300090401,A,A,A,A,A,A,A,A
1219,DEVABHAKTHUNI YASWANTH,CSE,HTI,C2,IS202,R406B,2300030162,A,A,A,A,A,A,A,A
1220,GADILI_MADHULIKA,CSE,HTE,C2,IS202,R406B,2300030189,A,A,A,A,A,A,A,A
1221,GONU SAI VARSHITHA,CSE,HTE,C2,IS202,R406B,2300030217,P,P,P,P,P,P,P,P
1222,SARATHCHANDRA,CSE,HTE,C2,IS202,R406B,2300030250,P,P,P,P,P,P,P,P
1223,KARUTURI VAISHNAVI,CSE,HTE,C2,IS202,R406B,2300030310,P,P,P,P,P,P,P,P
1224,KATRAGADDA KAILASH NATH,CSE,HTI,C2,IS202,R406B,2300030314,A,A,A,A,A,A,A,A
1225,MAHAMMADFAIZULHUQ,CSE,HTE,C2,IS202,R406B,2300030397,P,P,P,P,P,P,P,P
1226,NALLAMALA VENKATA DHANUSH,CSE,HTE,C2,IS202,R406B,2300030470,A,A,A,A,A,A,A,A
1227,PRATYUSH KUMAR PANDEY,CSE,HTE,C2,IS202,R406B,2300030557,A,A,A,A,A,A,A,A
1228,PUDI SHANMUKHA SRI SAI,CSE,HTE,C2,IS202,R406B,2300030558,A,A,A,A,A,A,A,A
1229,VENU GOPAL SHAIK,CSE,HTE,C2,IS202,R406B,2300030629,P,P,P,P,P,P,P,P
1230,SRI VYSHNAVI CHEPURI,CSE,HTE,C2,IS202,R406B,2300030651,P,P,P,P,P,P,P,P
1231,THULABANDHU NARASIMHA,CSE,HTI,C2,IS202,R406B,2300030683,A,A,A,A,A,A,A,A
1232,MADHUKAR VASAMSETTI,CSE,HTE,C2,IS202,R406B,2300030709,A,A,A,A,A,A,A,A
1233,YERRIGARI LIKITHA REDDY,CSE,HTE,C2,IS202,R406B,2300030763,A,A,A,A,A,A,A,A
1234,THOTA RAM VARUN,CSE,HTE,C2,IS202,R406B,2300030804,P,P,P,P,P,P,P,P
1235,ABHINAV DEWANGAN,CSE,HTE,C2,IS202,R406B,2300030815,A,A,A,A,A,A,A,A
1236,HILWANA AKUMALLA,CSE,HTE,C2,IS202,R406B,2300030840,A,A,A,A,A,A,A,A
1237,KASIRAJU PAVAN ARUNADITHYA,CSE,HTE,C2,IS202,R406B,2300031037,P,P,P,P,P,P,P,P
1238,GANGISETTI VEERA VENKATA SATYA SAI VIVEK,CSE,HTE,C2,IS202,R406B,2300031239,A,A,A,A,P,P,P,P
1239,MANDRA KUSHALA REDDY,CSE,HTE,C2,IS202,R406B,2300031270,A,A,A,A,A,A,A,A
1240,MOHAMMED SAALIF UDYAWAR,CSE,HTE,C2,IS202,R406B,2300031323,P,P,P,P,P,P,P,P
1241,MARNI JYOTHSNA,CSE,HTE,C2,IS202,R406B,2300031418,A,A,A,A,A,A,A,A
1242,HIMANSHU KUMAR,CSE,HTE,C2,IS202,R406B,2300031496,P,P,P,P,P,P,P,P
1243,KESARAJU LASYA,CSE,HTE,C2,IS202,R406B,2300031656,P,P,P,P,P,P,P,P
1244,PRANSHU KUMAR SAHU,CSE,HTE,C2,IS202,R406B,2300031657,A,A,A,A,A,A,A,A
1245,GUNDU SRI VENKAT,CSE,HTE,C2,IS202,R406B,2300031666,A,A,A,A,A,A,A,A
1246,RUSHIESHWARA REDDY,CSE,HTE,C2,IS202,R406B,2300031836,P,P,P,P,P,P,P,P
1247,DASARI NAVYASRI,CSE,HTE,C2,IS202,R406B,2300031897,A,A,A,A,A,A,A,A
1248,GADE KIRAN KUMAR,CSE,HTE,C2,IS202,R406B,2300031908,P,P,P,P,P,P,P,P
1249,KOTHA SRIYA,CSE,HTE,C2,IS202,R406B,2300032275,P,P,P,P,P,P,P,P
1250,LEO STEPHEN MADURI,CSE,HTE,C2,IS202,R406B,2300032384,A,A,A,A,A,A,A,A
1251,M GURUSAI CHARAN,CSE,HTI,C2,IS202,R406B,2300032392,A,A,A,A,A,A,A,A
1252,GONTLA VENKATA SUHAS,CSE,HTI,C2,IS202,R406B,2300032407,A,A,A,A,A,A,A,A
1253,ALLA HEMANTH REDDY,CSE,HTE,C2,IS202,R406B,2300032455,P,P,P,P,P,P,P,P
1254,KANDUKURI VENKATA RAMAKRISHNA BHASKAR,CSE,HTE,C2,IS202,R406B,2300032486,P,P,P,P,A,A,P,P
1255,GOVINDALURI VINEETHA NAGA LAKSHMI,CSE,HTE,C2,IS202,R406B,2300032501,P,P,P,P,P,P,P,P
1256,RISHITHAYADLAPALLI,CSE,HTE,C2,IS202,R406B,2300032597,A,A,A,A,A,A,A,A
1257,SOMYA PANDEY,CSE,HTE,C2,IS202,R406B,2300032647,P,P,P,P,P,P,P,P
1258,DURGESH KUMAR CHAUDHARI,CSE,HTE,C2,IS202,R406B,2300032812,A,A,A,A,A,A,A,A
1259,PENAKATI RENU NEERAJA,CSE,HTE,C2,IS202,R406B,2300032833,A,A,P,P,P,P,P,P
1260,ANUMOLU RANADEEP,CSE,HTE,C2,IS202,R406B,2300032922,A,A,A,A,A,A,A,A
1261,DEGA ABHILOKESH,CSE,HTE,C2,IS202,R406B,2300032949,A,A,A,A,A,A,A,A
1262,GAVIDI ROHIT,CSE,HTE,C2,IS202,R406B,2300032973,A,A,A,A,A,A,A,A
1263,TADAVARTHI RISHI RAJA SEKHAR,CSE,HTE,C2,IS202,R406B,2300033059,P,P,P,P,P,P,P,P
1264,DIVYESH RAM BOPPANA,CSE,HTE,C2,IS202,R406B,2300033303,P,P,P,P,P,P,P,P
1265,GURAJALA LAVANYA,CSE,HTE,C2,IS202,R406B,2300033427,P,P,P,P,P,P,P,P
1266,JUTTIGA MAHESH,CSE,HTE,C2,IS202,R406B,2300033493,P,P,P,P,P,P,P,P
1267,SRAVIKA CHOWDAVARAPU,CSE,HTI,C2,IS202,R406B,2300033615,P,P,P,P,P,P,P,P
1268,NARISETTI HARIHARAN,CSE,HTE,C2,IS202,R406B,2300033648,A,A,A,A,A,A,A,A
1269,GAMPANETTI SRI LEKHA,CSE,HTE,C2,IS202,R406B,2300033657,P,P,P,P,P,P,P,P
1270,V BALA KARTHIKEYA,CSE,HTE,C2,IS202,R406B,2300033681,A,A,A,A,A,A,A,A
1271,ANUBOLU RUPENDRA REDDY,CSE,HTE,C2,IS202,R406B,2300033687,P,P,P,P,P,P,P,P
1272,ARYAN RAJ,CSE,HTE,C2,IS202,R406B,2300033767,A,A,A,A,A,A,A,A
1273,VIJAYA SAI KALIVARAPU,CSE,HTE,C2,IS202,R406B,2300033794,P,P,P,P,P,P,P,P
1274,GAMANIKA CH,CSE,HTE,C2,IS202,R406B,2300033903,A,A,A,A,A,A,A,A
1275,ADABALA LAKSHMI VENKATA SAI SRIRAM,ECE,HTE,C2,IS202,R406B,2300040058,P,P,P,P,P,P,P,P
1276,KANNAJI VENKATA SIVA KESAVA SANDEEP,ECE,HTE,C2,IS202,R406B,2300040059,P,P,P,P,P,P,P,P
1277,VALLABHU D N S SAI KRISHNA,ECE,HTE,C2,IS202,R406B,2300040253,P,P,P,P,P,P,P,P
1278,NAGA VAMSI KRISHNA,ECE,HTE,C2,IS202,R406B,2300040255,P,P,P,P,P,P,P,P
1279,S.VENKATA.SUMANTH REDDY,ECE,HTE,C2,IS202,R406B,2300040258,A,A,A,A,A,A,A,A
1280,USHA AMRUTHA,ECE,HTE,C2,IS202,R406B,2300040336,A,A,A,A,A,A,A,A
1281,THOKALA VISRUTH VARDHAN,ECE,HTE,C2,IS202,R406B,2300040338,A,A,A,A,A,A,A,A
1282,BONTHU MANI JNANESWAR,ECE,HTE,C2,IS202,R406B,2300040348,A,A,A,A,A,A,A,A
1283,CHALLA LOKESH,ECE,HTE,C2,IS202,R406B,2300040382,P,P,P,P,P,P,P,P
1284,MANDAVA SAI NAGENDHAR,MECH,HTE,C2,IS202,R406B,2300070013,P,P,P,P,P,P,P,P
1285,KONA VENKAT SAI SIVA KUSHMIT,MECH,HTE,C2,IS202,R406B,2300070031,A,A,A,A,A,A,A,A
1286,TANDAVA SIVA MUNGANDA,AIDS,HTE,C2,IS202,R406B,2300080039,A,A,A,A,A,A,A,A
1287,ALLAM SAI KEERTHAN,AIDS,HTI,C2,IS202,R406B,2300080050,A,A,A,A,A,A,A,A
1288,UPPALAPATI YASASWI,AIDS,HTE,C2,IS202,R406B,2300080080,P,P,P,P,P,P,P,P
1289,SHAIK SAMEER,AIDS,HTI,C2,IS202,R406B,2300080081,P,P,P,P,P,P,P,P
1290,DEVARAKONDA SAI DEEPTHI,AIDS,HTE,C2,IS202,R406B,2300080087,A,A,A,A,A,A,A,A
1291,NASAKA BINDHUSRI,AIDS,HTE,C2,IS202,R406B,2300080322,P,P,P,P,P,P,P,P
1292,GORANTLA SIVANI,AIDS,HTE,C2,IS202,R406B,2300080323,A,A,A,A,A,A,A,A
1293,YEMINENI RAGHUNADH SRI,AIDS,HTE,C2,IS202,R406B,2300080348,P,P,P,P,P,P,P,P
1294,VEMULA JAGANNADH AKHIL,AIDS,HTE,C2,IS202,R406B,2300080357,A,A,A,A,A,A,A,A
1295,GAVARA PRABHAS RAM,CSIT,HTE,C2,IS202,R406B,2300090015,P,P,P,P,P,P,P,P
1296,KAMIREDDY JAHNAVI REDDY,CSIT,HTE,C2,IS202,R406B,2300090020,A,A,A,A,A,A,A,A
1297,KANDHI THEEKSHANA,CSIT,HTE,C2,IS202,R406B,2300090022,P,P,P,P,P,P,P,P
1298,KILARI SAI NITHEESH CHOWDARY,CSIT,HTE,C2,IS202,R406B,2300090154,P,P,P,P,P,P,P,P
1299,SINGALREDDY SAHITHI,CSIT,HTE,C2,IS202,R406B,2300090286,P,P,P,P,P,P,P,P
1300,M SHARANYA,CSIT,HTE,C2,IS202,R406B,2300090301,A,A,A,A,A,A,A,A
1301,N SWETA,CSIT,HTI,C2,IS202,R406B,2300090304,A,A,A,A,A,A,A,A
1302,SAGIRI SNEHA,CSE,HTE,C2,IS202,R406B,2300032976,A,A,A,A,A,A,A,A
1303,BOLISETTY NAGA VENKATA TEJESH,CSE,CSE3,C2,RS22,R407A,2300030088,P,P,P,P,P,P,P,P
1304,B.DHILEEP,CSE,CSE3,C2,RS22,R407A,2300030099,A,A,A,A,A,A,A,A
1305,CHINTALA CHERUVU NAVYA,CSE,CSE3,C2,RS22,R407A,2300030139,P,P,P,P,P,P,P,P
1306,GEDELA KISHORE,CSE,CSE3,C2,RS22,R407A,2300030207,P,P,P,P,P,P,P,P
1307,GUMMADILA HARISH,CSE,CSE3,C2,RS22,R407A,2300030234,P,P,P,P,P,P,P,P
1308,NAGASRI JADDU,CSE,CSE3,C2,RS22,R407A,2300030260,P,P,P,P,P,P,P,P
1309,KADIYALA SRUTHI,CSE,CSE3,C2,RS22,R407A,2300030283,A,A,A,A,A,A,A,A
1310,MOHAMMAD SHAHID,CSE,CSE3,C2,RS22,R407A,2300030434,P,P,P,P,P,P,P,P
1311,MURAKONDA CHARAN TEJ,CSE,CSE3,C2,RS22,R407A,2300030448,A,A,A,A,A,A,A,A
1312,PAKKELA GNANA DEEPIKA,CSE,CSE3,C2,RS22,R407A,2300030495,P,P,P,P,P,P,P,P
1313,TIKKADA APPALA RAJU,CSE,CSE3,C2,RS22,R407A,2300030684,A,A,A,A,A,A,A,A
1314,VARADABOINA CHANDU,CSE,CSE3,C2,RS22,R407A,2300030707,A,A,A,A,A,A,A,A
1315,VEERI RAMANJAN,CSE,CSE3,C2,RS22,R407A,2300030789,P,P,P,P,P,P,P,P
1316,CHEEPU DILEEP MANI KUMAR,CSE,CSE3,C2,RS22,R407A,2300030944,P,P,P,P,P,P,A,A
1317,PONNAMPALLI POOJA PREETHI,CSE,CSE3,C2,RS22,R407A,2300031013,P,P,P,P,P,P,P,P
1318,CHUNDURU VENKATA SRI SAI PHANEENDRA,CSE,CSE3,C2,RS22,R407A,2300031360,P,P,A,A,P,P,P,P
1319,OBULREDDY VENKATA ANISH REDDY,CSE,CSE3,C2,RS22,R407A,2300031557,P,P,P,P,P,P,P,P
1320,ADIVI SATYA SRI KAMARAJU,CSE,CSE3,C2,RS22,R407A,2300031652,P,P,P,P,P,P,P,P
1321,LINGAM SIVASCHIKA,CSE,CSE3,C2,RS22,R407A,2300031825,P,P,P,P,P,P,P,P
1322,SAI SAMPATH KUMAR,CSE,CSE3,C2,RS22,R407A,2300031846,P,P,P,P,P,P,P,P
1323,PALNATI VEERA VENKATA NAGA SAI AAKASH,CSE,CSE3,C2,RS22,R407A,2300031963,P,P,P,P,P,P,P,P
1324,AMARNATH,CSE,CSE3,C2,RS22,R407A,2300032015,P,P,P,P,P,P,P,P
1325,PUNEETH SRI SAI VARMA,CSE,CSE3,C2,RS22,R407A,2300032077,P,P,P,P,P,P,P,P
1326,KOKKILIGADDA TULASI VENKATA DURGA RAO,CSE,CSE3,C2,RS22,R407A,2300032267,A,A,A,A,A,A,A,A
1327,JYOTHI KRISHNA ROMPICHARLA,CSE,CSE3,C2,RS22,R407A,2300032278,A,A,A,A,A,A,A,A
1328,PEDDINTI NEHA,CSE,CSE3,C2,RS22,R407A,2300032497,A,A,A,A,A,A,A,A
1329,CHOHAN PREETHAM VARMA AMIREDDY,CSE,CSE3,C2,RS22,R407A,2300032513,P,P,P,P,P,P,P,P
1330,MANTENA YASWANTH VARMA,CSE,CSE3,C2,RS22,R407A,2300032556,P,P,P,P,P,P,P,P
1331,BOYILLA LAKSHMI LASYA,CSE,CSE3,C2,RS22,R407A,2300032603,P,P,P,P,P,P,P,P
1332,SASI BONAM,CSE,CSE3,C2,RS22,R407A,2300032607,A,A,A,A,A,A,A,A
1333,N S N V ABHIRAM,CSE,CSE3,C2,RS22,R407A,2300032714,A,A,A,A,A,A,A,A
1334,ASRITHA,CSE,CSE3,C2,RS22,R407A,2300032781,P,P,P,P,P,P,P,P
1335,SHAIK MOHAMMAD IRFAN,CSE,CSE3,C2,RS22,R407A,2300032861,P,P,P,P,P,P,P,P
1336,ARIGA JYOTHIKA,CSE,CSE3,C2,RS22,R407A,2300032961,P,P,P,P,P,P,P,P
1337,GUNNAM CHAITANYA DEEPTHI,CSE,CSE3,C2,RS22,R407A,2300033111,A,A,A,A,A,A,A,A
1338,AYESHA SULTHANA SHARIF,CSE,CSE3,C2,RS22,R407A,2300033150,P,P,P,P,P,P,A,A
1339,RACHANA KATTA,CSE,CSE3,C2,RS22,R407A,2300033214,A,A,A,A,A,A,A,A
1340,CHAKKA LAKSHMI PRIYA,CSE,CSE3,C2,RS22,R407A,2300033266,A,A,A,A,A,A,A,A
1341,AKUNDI ABHISHEK,CSE,CSE3,C2,RS22,R407A,2300033466,P,P,P,P,P,P,A,A
1342,RUPA PRIYA VASA,CSE,CSE3,C2,RS22,R407A,2300033706,A,A,A,A,A,A,A,A
1343,THUMMALACHARALA ARAVIND,CSE,CSE3,C2,RS22,R407A,2300033905,A,A,A,A,A,A,A,A
1344,YASWANTH KOTAPATI,CSE,CSE3,C2,RS22,R407A,2300039014,P,P,P,P,P,P,P,P
1345,SURYA TEJA GORLE,CSE,CSE3,C2,RS22,R407A,2300039015,P,P,P,P,P,P,P,P
1346,MOUNISH SHANKAR SANKU,CSE,CSE3,C2,RS22,R407A,2300039021,P,P,P,P,P,P,P,P
1347,VADDADI ANUPAM,CSE,CSE3,C2,RS22,R407A,2300039023,A,A,A,A,A,A,A,A
1348,MUNJI HARIKA,CSE,CSE3,C2,RS22,R407A,2300039027,P,P,P,P,P,P,P,P
1349,KAGITHA BOBBY,CSE,CSE3,C2,RS22,R407A,2300039038,P,P,P,P,A,A,A,A
1350,PULAVARTHI.L.V.N.S.S.ABHINAV,CSE,CSE3,C2,RS22,R407A,2300039044,A,A,A,A,A,A,A,A
1351,IRIGELA ADI BHARGAV REDDY,CSE,CSE3,C2,RS22,R407A,2300039068,A,A,P,P,P,P,P,P
1352,AREPALLI PRANAVI,CSE,CSE3,C2,RS22,R407A,2300039130,P,P,P,P,P,P,P,P
1353,SAURABH YADAV,CSE,CSE3,C2,RS22,R407A,2300039160,P,P,P,P,P,P,P,P
1354,AMBATI GNANA DEEPIKA,AIDS,AIDS,C2,RS22,R407A,2300080003,P,P,P,P,P,P,P,P
1355,NIKHIL BOLLIMPALLI,AIDS,AIDS,C2,RS22,R407A,2300080007,A,A,A,A,A,A,A,A
1356,NAVYASREE_J,AIDS,AIDS,C2,RS22,R407A,2300080019,A,A,A,A,A,A,A,A
1357,JAGDEESH PRASAD KOTA,AIDS,AIDS,C2,RS22,R407A,2300080024,A,A,A,A,A,A,A,A
1358,NANDAMSHANMUKESH,AIDS,AIDS,C2,RS22,R407A,2300080029,P,P,P,P,P,P,P,P
1359,TEJASWITHA,AIDS,AIDS,C2,RS22,R407A,2300080051,P,P,P,P,P,P,P,P
1360,YAKKALA JYOTHIKA MAHALAKSHMI,AIDS,AIDS,C2,RS22,R407A,2300080063,P,P,P,P,P,P,P,P
1361,GUBBA PRADEEPA SAI NAGA MOULIKA,AIDS,AIDS,C2,RS22,R407A,2300080066,P,P,P,P,P,P,P,P
1362,M VISHNUVARDDANREDDY,AIDS,AIDS,C2,RS22,R407A,2300080097,A,A,A,A,A,A,A,A
1363,MANEESH REDDY,AIDS,AIDS,C2,RS22,R407A,2300080105,A,A,A,A,A,A,A,A
1364,CHILUVERU MITHILESH RAJA KRISHNA,AIDS,AIDS,C2,RS22,R407A,2300080107,P,P,P,P,P,P,P,P
1365,VAKA SRIYA,AIDS,AIDS,C2,RS22,R407A,2300080111,P,P,P,P,P,P,P,P
1366,GORENTLA VAMSHI KRISHNA,AIDS,AIDS,C2,RS22,R407A,2300080124,P,P,P,P,P,P,P,P
1367,KANIKICHERLA GNAPIKA,AIDS,AIDS,C2,RS22,R407A,2300080138,A,A,A,A,P,P,P,P
1368,SHAIK DILSHAN IRFAN,AIDS,AIDS,C2,RS22,R407A,2300080184,A,A,A,A,A,A,A,A
1369,SHAIK MOHAMMAD ASHRAF,AIDS,AIDS,C2,RS22,R407A,2300080194,P,P,P,P,P,P,P,P
1370,KAZA GUNA SEKHAR,AIDS,AIDS,C2,RS22,R407A,2300080205,P,P,P,P,P,P,P,P
1371,PEDAMALLI VARSHA,AIDS,AIDS,C2,RS22,R407A,2300080209,A,A,A,A,A,A,A,A
1372,BOYANAPALLI NITHISH,AIDS,AIDS,C2,RS22,R407A,2300080215,A,A,P,P,A,A,A,A
1373,NUTHIGATTU SAMYUKTHA,AIDS,AIDS,C2,RS22,R407A,2300080237,A,A,A,A,A,A,A,A
1374,RAMISETTY VEERA VENKATA NAGA SIVA SAI,AIDS,AIDS,C2,RS22,R407A,2300080240,A,A,A,A,A,A,P,P
1375,NEHASRI MUSUNURU,AIDS,AIDS,C2,RS22,R407A,2300080259,A,A,A,A,A,A,A,A
1376,SIDDARTHA BODIGUTTA,AIDS,AIDS,C2,RS22,R407A,2300080265,P,P,P,P,P,P,A,A
1377,THARSHITHA MUMMANENI,AIDS,AIDS,C2,RS22,R407A,2300080296,P,P,P,P,P,P,P,P
1378,DUDEKULA CHANDINI,AIDS,AIDS,C2,RS22,R407A,2300080306,P,P,P,P,P,P,P,P
1379,AKSHAY PAKALAPATI,AIDS,AIDS,C2,RS22,R407A,2300080316,P,P,P,P,P,P,P,P
1380,DESU.SAIPRIYANKA,AIDS,AIDS,C2,RS22,R407A,2300080329,A,A,A,A,A,A,A,A
1381,G. SRIVALLI,AIDS,AIDS,C2,RS22,R407A,2300080340,A,A,A,A,A,A,A,A
1382,POLAMREDDY GOWTHAM REDDY,AIDS,AIDS,C2,RS22,R407A,2300080345,P,P,P,P,P,P,P,P
1383,RAVIPUDI LOKESWAR,AIDS,AIDS,C2,RS22,R407A,2300080350,P,P,P,P,P,P,P,P
1384,AMARA SRI HARSHA,AIDS,AIDS,C2,RS22,R407A,2300080353,P,P,P,P,P,P,P,P
1385,A_KARTHIK,AIDS,AIDS,C2,RS22,R407A,2300080359,A,A,A,A,A,A,A,A
1386,MINAMANOORI JAHNAVI,AIDS,AIDS,C2,RS22,R407A,2300080397,P,P,P,P,P,P,P,P
1387,GANIREDDI JOHN AMARYA,AIDS,AIDS,C2,RS22,R407A,2300080403,A,A,A,A,A,A,A,A
1388,NIMMALA SAI KUMAR,AIDS,AIDS,C2,RS22,R407A,2300089003,A,A,A,A,A,A,A,A
1389,TADISETTY PAVAN KUMAR,AIDS,AIDS,C2,RS22,R407A,2300089010,P,P,P,P,P,P,P,P
1390,HARSHAVARDHAN KANCHARLAPALLI,AIDS,AIDS,C2,RS22,R407A,2300089011,P,P,P,P,P,P,P,P
1391,MAHADEVA PURNA AJAY KUMAR,AIDS,AIDS,C2,RS22,R407A,2300089014,P,P,P,P,P,P,P,P
1392,PALAGANI NAGA RAMAKRISHNA,AIDS,AIDS,C2,RS22,R407A,2300089017,A,A,A,A,A,A,A,A
1393,CHALLA NAGA PRASAD,AIDS,AIDS,C2,RS22,R407A,2300089035,A,A,A,A,A,A,A,A
1394,MEDAPATI BHASKARA VENKATA RAJEEV REDDY,AIDS,AIDS,C2,RS22,R407A,2300089039,A,A,A,A,A,A,A,A
1395,SONTEM SAI AMARNADH,AIDS,AIDS,C2,RS22,R407A,2300089046,P,P,P,P,P,P,P,P
1396,SANA YASWANTH RAJ MOULI,AIDS,AIDS,C2,RS22,R407A,2300089050,A,A,A,A,A,A,A,A
1397,ILAM AKHIL,CSE,CSE3,C2,RS22,R407A,2300033560,P,P,P,P,P,P,P,P
1398,PEDDAPELLI VAMSHI,AIDS,AIDS,C2,RS22,R407A,2300080074,A,A,A,A,A,A,P,P
1399,ANDHAVARAPU LOHITH,CSE,CSE2,C2,IS203,R407B,2300030033,A,A,A,A,A,A,A,A
1400,G SAJITH,CSE,CSE2,C2,IS203,R407B,2300030226,A,A,A,A,A,A,A,A
1401,IMANDI THANUJA,CSE,CSE2,C2,IS203,R407B,2300030252,P,P,P,P,P,P,P,P
1402,K. ROHIT SRI SAI,CSE,CSE2,C2,IS203,R407B,2300030309,A,A,A,A,P,P,P,P
1403,KUNUKU SRI DATTA SAI,CSE,CSE2,C2,IS203,R407B,2300030373,A,A,A,A,A,A,A,A
1404,PALAGATI SUSHANTH,CSE,CSE2,C2,IS203,R407B,2300030498,A,A,A,A,A,A,A,A
1405,PATCHIGOLA BHARGAV,CSE,CSE2,C2,IS203,R407B,2300030517,A,A,A,A,A,A,A,A
1406,P_THIRUMALSIDDU,CSE,CSE2,C2,IS203,R407B,2300030518,A,A,A,A,A,A,A,A
1407,PENUMURU YASHITHA SAI,CSE,CSE2,C2,IS203,R407B,2300030531,P,P,P,P,P,P,P,P
1408,PINNIKA AKSHAYA,CSE,CSE2,C2,IS203,R407B,2300030538,A,A,A,A,P,P,P,P
1409,R NIHARIKA BAI,CSE,CSE2,C2,IS203,R407B,2300030567,A,A,A,A,A,A,A,A
1410,RAVURI LIKHITHA CHOWDARY,CSE,CSE2,C2,IS203,R407B,2300030583,A,A,A,A,A,A,A,A
1411,RISHI KUMAR MANDAL,CSE,CSE2,C2,IS203,R407B,2300030586,A,A,A,A,A,A,A,A
1412,SHAIK GALIB SHAHEED,CSE,CSE2,C2,IS203,R407B,2300030619,A,A,A,A,A,A,A,A
1413,SHAIK. NAGOORVALI,CSE,CSE2,C2,IS203,R407B,2300030633,A,A,A,A,A,A,A,A
1414,SHREYA SANTOSH SANTOSH SHINDE,CSE,CSE2,C2,IS203,R407B,2300030635,A,A,A,A,A,A,A,A
1415,TADI NITHIN KUMAR REDDY,CSE,CSE2,C2,IS203,R407B,2300030662,P,P,P,P,P,P,P,P
1416,THOTA PRANITHA SREE,CSE,CSE2,C2,IS203,R407B,2300030680,A,A,A,A,A,A,A,A
1417,VADDE MANOHITHA,CSE,CSE2,C2,IS203,R407B,2300030697,P,P,P,P,P,P,P,P
1418,VAKA CHANDU,CSE,CSE2,C2,IS203,R407B,2300030701,P,P,P,P,P,P,P,P
1419,DASARI JAYANTH,CSE,CSE2,C2,IS203,R407B,2300030785,A,A,A,A,A,A,A,A
1420,BALUSU RASHMIKA,CSE,CSE2,C2,IS203,R407B,2300030792,P,P,P,P,P,P,P,P
1421,SIMHADRI GOPIDESI,CSE,CSE2,C2,IS203,R407B,2300030817,A,A,A,A,A,A,A,A
1422,SAI JYOTHIKA,CSE,CSE2,C2,IS203,R407B,2300030943,A,A,A,A,A,A,A,A
1423,V. ESHWAR KUMAR,CSE,CSE2,C2,IS203,R407B,2300030978,A,A,A,A,A,A,A,A
1424,BHIMISETTY MAHESH ADITHYA,CSE,CSE2,C2,IS203,R407B,2300030983,A,A,A,A,A,A,A,A
1425,DASARI THIRU NAGA PALLAVI,CSE,CSE2,C2,IS203,R407B,2300030986,P,P,P,P,P,P,P,P
1426,KODURU PUNEETH KUMAR REDDY,CSE,CSE2,C2,IS203,R407B,2300030998,A,A,A,A,A,A,A,A
1427,NALAMATI LAKSHMI SOWJANYA,CSE,CSE2,C2,IS203,R407B,2300031001,P,P,P,P,P,P,P,P
1428,BHANU BALAJI E,CSE,CSE2,C2,IS203,R407B,2300031031,P,P,P,P,P,P,P,P
1429,ELURU PREM PRANEETH BALAJI,CSE,CSE2,C2,IS203,R407B,2300031032,P,P,P,P,P,P,P,P
1430,BODDU SRI SIVA LAXMI DEEPTHI,CSE,CSE2,C2,IS203,R407B,2300031081,A,A,A,A,A,A,A,A
1431,THATAVARTHY LAKSHMI RAVI TEJA,CSE,CSE2,C2,IS203,R407B,2300031103,A,A,A,A,A,A,A,A
1432,GUDIMETTA HEMA RANGA HRISHITHA,CSE,CSE2,C2,IS203,R407B,2300031116,P,P,P,P,P,P,P,P
1433,GS NITIHIN HARI,CSE,CSE2,C2,IS203,R407B,2300031131,P,P,P,P,P,P,P,P
1434,CHUNDURI VENKATA HARSHINI BHAVANI,CSE,CSE2,C2,IS203,R407B,2300031184,P,P,P,P,P,P,P,P
1435,ALLURI NAGA VENKATA SAI NIHIT VARMA,CSE,CSE2,C2,IS203,R407B,2300031197,A,A,A,A,A,A,A,A
1436,BHUMIREDDY SUKUMAR REDDY,CSE,CSE2,C2,IS203,R407B,2300031255,A,A,A,A,A,A,A,A
1437,KANCHARLA TRIBHUVAN LAKSHMI BALAJI,CSE,CSE2,C2,IS203,R407B,2300031279,A,A,A,A,A,A,A,A
1438,GUDUPALLI AASHRITH,CSE,CSE2,C2,IS203,R407B,2300031300,P,P,P,P,P,P,P,P
1439,SHAIK MANSOOR SALEEM,CSE,CSE2,C2,IS203,R407B,2300031342,A,A,A,A,A,A,A,A
1440,SAHASRAKSHEE ANUPOJU,CSE,CSE2,C2,IS203,R407B,2300031349,A,A,A,A,A,A,A,A
1441,CHANDOLU GANESH,CSE,CSE2,C2,IS203,R407B,2300031355,P,P,P,P,P,P,P,P
1442,YENUGU HANIRVESH,CSE,CSE2,C2,IS203,R407B,2300031396,P,P,P,P,P,P,P,P
1443,RAYIDI VAISHNAVI,CSE,CSE2,C2,IS203,R407B,2300031397,A,A,A,A,A,A,A,A
1444,VIDYASREE,CSE,CSE2,C2,IS203,R407B,2300031399,A,A,A,A,A,A,A,A
1445,MARAM DHAKESH VEERA VENKATA SESHA SAI,CSE,CSE2,C2,IS203,R407B,2300031411,P,P,P,P,P,P,P,P
1446,PRAVEEN KUMAR REDDY PAPASANI,CSE,CSE2,C2,IS203,R407B,2300031429,A,A,A,A,A,A,A,A
1447,RAVULA CHANDRA SAI KRISHNA VAMSI,CSE,CSE2,C2,IS203,R407B,2300031471,P,P,P,P,P,P,P,P
1448,VINDHU KONDAVEETI,CSE,CSE2,C2,IS203,R407B,2300031484,P,P,P,P,P,P,P,P
1449,LAHARI MANDAPATI,CSE,CSE2,C2,IS203,R407B,2300031618,A,A,A,A,A,A,A,A
1450,YELURI VENKATA SRIJA,CSE,CSE2,C2,IS203,R407B,2300031650,P,P,A,A,A,A,A,A
1451,DONDAPATI GAYATRI,CSE,CSE2,C2,IS203,R407B,2300031741,A,A,A,A,A,A,A,A
1452,MARAM KIRAN,CSE,CSE2,C2,IS203,R407B,2300031769,P,P,P,P,P,P,P,P
1453,KOTHA. VENKATA NAGA SAI MANASA,CSE,CSE2,C2,IS203,R407B,2300031798,A,A,A,A,A,A,A,A
1454,KANUGO SAI SHANMUKHA RAO,CSE,CSE2,C2,IS203,R407B,2300031818,A,A,A,A,A,A,A,A
1455,ANUMOLU NAGESWARA RAO,CSE,CSE2,C2,IS203,R407B,2300031904,A,A,A,A,A,A,A,A
1456,PALLEMPATI SRI SEETHA MAHALAKSHMI,CSE,CSE2,C2,IS203,R407B,2300031923,P,P,P,P,P,P,P,P
1457,MOHAN KRISHNA BANDELA,CSE,CSE2,C2,IS203,R407B,2300031965,A,A,A,A,A,A,A,A
1458,HANU PRANATHI,CSE,CSE2,C2,IS203,R407B,2300031996,P,P,P,P,P,P,P,P
1459,JOGI. VINAY KUMAR,CSE,CSE2,C2,IS203,R407B,2300031999,P,P,P,P,P,P,P,P
1460,K.JYOTHISWAROOP,CSE,CSE2,C2,IS203,R407B,2300032033,A,A,A,A,A,A,A,A
1461,LAKKU VENKATA SANTHOSH REDDY,CSE,CSE2,C2,IS203,R407B,2300032039,A,A,A,A,A,A,A,A
1462,ATINA KISHORE,CSE,CSE2,C2,IS203,R407B,2300032060,A,A,A,A,A,A,A,A
1463,LUCKY KUMAR GORAI,CSE,CSE2,C2,IS203,R407B,2300032082,P,P,P,P,P,P,P,P
1464,NOORBHASHA REEHANA,CSE,CSE2,C2,IS203,R407B,2300032084,A,A,A,A,A,A,A,A
1465,DHANUSHKA PALASA,CSE,CSE2,C2,IS203,R407B,2300032085,P,P,P,P,A,A,A,A
1466,KATURI NEERAJA DEVI,CSE,CSE2,C2,IS203,R407B,2300032091,A,A,A,A,A,A,A,A
1467,BEVARA KAVYA,CSE,CSE2,C2,IS203,R407B,2300032138,P,P,P,P,P,P,P,P
1468,BANDLA SANDHYA,CSE,CSE2,C2,IS203,R407B,2300032243,P,P,P,P,P,P,P,P
1469,ASTAKALA SACHITH,CSE,CSE2,C2,IS203,R407B,2300032370,P,P,P,P,A,A,A,A
1470,KOTA RAGHURAM NAIDU,CSE,CSE2,C2,IS203,R407B,2300032375,P,P,P,P,A,A,A,A
1471,KAVALA VENKATA SUBRAHMANYAM,CSE,CSE2,C2,IS203,R407B,2300032378,P,P,P,P,P,P,P,P
1472,SHAIK SHAIDA,CSE,CSE2,C2,IS203,R407B,2300032387,A,A,A,A,A,A,A,A
1473,E LAVANYA,CSE,CSE2,C2,IS203,R407B,2300032394,A,A,A,A,A,A,A,A
1474,AKHIL MAREPALLI,CSE,CSE2,C2,IS203,R407B,2300032442,A,A,A,A,A,A,A,A
1475,KATARI TANUHYA,CSE,CSE2,C2,IS203,R407B,2300032541,A,A,A,A,A,A,A,A
1476,SAI SAHASRA,CSE,CSE2,C2,IS203,R407B,2300032550,P,P,P,P,P,P,P,P
1477,KOMMINENI RUPAK SAI VENKAT CHOWDARY,CSE,CSE2,C2,IS203,R407B,2300032577,A,A,A,A,A,A,A,A
1478,MERNEEDI TANVITH BHEEMA SURYA RAJ,CSE,CSE2,C2,IS203,R407B,2300032604,A,A,A,A,A,A,A,A
1479,GOGULA DEVAKIRAN,CSE,CSE2,C2,IS203,R407B,2300032629,A,A,A,A,P,P,P,P
1480,BANDARU NIKHIL,CSE,CSE2,C2,IS203,R407B,2300032672,P,P,P,P,P,P,P,P
1481,MOTATI VENKATA VASANTH KUMAR REDDY,CSE,CSE2,C2,IS203,R407B,2300032674,P,P,P,P,P,P,P,P
1482,ADIRALA THENEESHA,CSE,CSE2,C2,IS203,R407B,2300032727,P,P,P,P,P,P,P,P
1483,PAPPULA PHANINDRA VENKATT SACHIN,CSE,CSE2,C2,IS203,R407B,2300032772,A,A,A,A,A,A,A,A
1484,VEMULAPALLI SAI GANESH,CSE,CSE2,C2,IS203,R407B,2300032818,A,A,A,A,A,A,A,A
1485,KOUSHIK PRANAV,CSE,CSE2,C2,IS203,R407B,2300032855,A,A,A,A,A,A,A,A
1486,DAMMALAPATI MOHAN SIVA SANKAR,CSE,CSE2,C2,IS203,R407B,2300032886,A,A,A,A,A,A,A,A
1487,NAGULAPATI PAVANI,CSE,CSE2,C2,IS203,R407B,2300032920,P,P,P,P,P,P,P,P
1488,DASARI JAHNAVI,CSE,CSE2,C2,IS203,R407B,2300032946,A,A,A,A,A,A,A,A
1489,PALAPARTHI SIVA,CSE,CSE2,C2,IS203,R407B,2300032952,P,P,P,P,P,P,P,P
1490,VENNA HIMASRI,CSE,CSE2,C2,IS203,R407B,2300032954,A,A,A,A,A,A,A,A
1491,KOTHA RENUKA,CSE,CSE2,C2,IS203,R407B,2300032965,P,P,P,P,A,A,A,A
1492,OMKAR ADDEPALLI,CSE,CSE2,C2,SI21,R504A,2300030012,P,P,P,P,P,P,P,P
1493,BADISA VENKATA SUMANTH,CSE,CSE1,C2,SI21,R504A,2300030061,P,P,P,P,P,P,P,P
1494,BOYAPATI THANMAI SREE,CSE,HTE,C2,SI21,R504A,2300030103,A,A,A,A,A,A,A,A
1495,GOURISHETTI RUTHVIK,CSE,HTE,C2,SI21,R504A,2300030223,P,P,P,P,P,P,P,P
1496,IRUKULAPATI JEEVANA,CSE,CSE2,C2,SI21,R504A,2300030256,P,P,P,P,P,P,P,P
1497,KASTURI SASANK,CSE,CSE1,C2,SI21,R504A,2300030311,P,P,P,P,P,P,P,P
1498,LEEMAN KOMMU,CSE,CSE1,C2,SI21,R504A,2300030341,P,P,P,P,P,P,A,A
1499,MONINGI TARUN,CSE,CSE2,C2,SI21,R504A,2300030441,P,P,P,P,P,P,P,P
1500,VENKATA MOHAN ESWAR PUVVADA,CSE,CSE1,C2,SI21,R504A,2300030566,P,P,A,A,P,P,P,P
1501,S BALAJI RAO,CSE,HTE,C2,SI21,R504A,2300030589,A,A,A,A,A,A,A,A
1502,SATHI RAJA SEKHAR REDDY,CSE,HTR,C2,SI21,R504A,2300030604,P,P,P,P,P,P,P,P
1503,YASODA MALAVYA,CSE,CSE3,C2,SI21,R504A,2300030751,P,P,P,P,P,P,P,P
1504,YECHINA SIJNU,CSE,CSE2,C2,SI21,R504A,2300030753,A,A,A,A,A,A,A,A
1505,GHATTAMNENI NIKHIL,CSE,HTI,C2,SI21,R504A,2300030869,P,P,P,P,P,P,P,P
1506,CHIRLA SATYA DELEEP REDDY,CSE,HTR,C2,SI21,R504A,2300030945,P,P,P,P,P,P,P,P
1507,DUGGARAJU SHANMUKHA SARMA,CSE,CSE3,C2,SI21,R504A,2300030947,P,P,P,P,P,P,P,P
1508,B NAGA NITEESH KUMAR,CSE,CSE3,C2,SI21,R504A,2300031025,P,P,P,P,P,P,P,P
1509,MANCHA RANJITH GANESH KUMAR,CSE,CSE1,C2,SI21,R504A,2300031041,A,A,A,A,A,A,A,A
1510,N BALA SIVA GANESH REDDY,CSE,CSE2,C2,SI21,R504A,2300031065,P,P,P,P,P,P,P,P
1511,NUTHAKKI NAGA VENKATA MANIKANTA,CSE,CSE1,C2,SI21,R504A,2300031142,P,P,P,P,P,P,P,P
1512,CHITTURI RUPESH SIVA MANI KANTA,CSE,CSE1,C2,SI21,R504A,2300031153,P,P,P,P,P,P,P,P
1513,KANAJAM JOHN SUDHAKAR,CSE,CSE3,C2,SI21,R504A,2300031272,P,P,P,P,P,P,P,P
1514,VIJAYARAJU KOLA,CSE,CSE2,C2,SI21,R504A,2300031302,P,P,P,P,P,P,P,P
1515,TANUSHREE RATHORE,CSE,CSE1,C2,SI21,R504A,2300031303,P,P,P,P,P,P,P,P
1516,M. AJIT PATRA,CSE,HTE,C2,SI21,R504A,2300031377,A,A,A,A,A,A,A,A
1517,DEEPIKA REDDY,CSE,HTE,C2,SI21,R504A,2300031389,P,P,P,P,P,P,P,P
1518,MOUPIYA SAHOO,CSE,CSE1,C2,SI21,R504A,2300031445,P,P,P,P,P,P,P,P
1519,SRAVAN REDDY SAMULA,CSE,CSE2,C2,SI21,R504A,2300031446,P,P,P,P,P,P,P,P
1520,MD SAMEER AHMED,CSE,HTR,C2,SI21,R504A,2300031449,P,P,P,P,P,P,P,P
1521,VENKATA SUNIL KUMAR BODDU,CSE,CSE1,C2,SI21,R504A,2300031457,A,A,A,A,A,A,A,A
1522,BANDARU CHARAN,CSE,CSE1,C2,SI21,R504A,2300031487,P,P,P,P,P,P,P,P
1523,SOUMIKA DEVARAKONDA,CSE,HTE,C2,SI21,R504A,2300031525,P,P,P,P,P,P,P,P
1524,THIRUVEEDULA CHANDRA SEKHAR,CSE,HTE,C2,SI21,R504A,2300031542,P,P,P,P,P,P,P,P
1525,NIKHIL VENKAT KOLLI,CSE,CSE4,C2,SI21,R504A,2300031584,P,P,P,P,P,P,P,P
1526,BALUSANI AKHIL,CSE,HTR,C2,SI21,R504A,2300031607,A,A,A,A,A,A,A,A
1527,SURTHI SAMBHAV,CSE,HTE,C2,SI21,R504A,2300031622,P,P,P,P,P,P,P,P
1528,TULASI HARSHA VARDHAN,CSE,HTE,C2,SI21,R504A,2300031826,P,P,P,P,P,P,P,P
1529,PUJITHA BADE,CSE,CSE1,C2,SI21,R504A,2300031860,P,P,P,P,P,P,P,P
1530,KARYAMPUDI BHAVANA,CSE,CSE1,C2,SI21,R504A,2300031918,P,P,P,P,P,P,P,P
1531,SUTEJ TANNERU,CSE,CSE1,C2,SI21,R504A,2300031934,A,A,A,A,A,A,A,A
1532,CHARAN TEJA RATHIKINDI,CSE,HTE,C2,SI21,R504A,2300031964,A,A,A,A,A,A,A,A
1533,MANDAVA LAKSHMI NARAYANA,CSE,CSE3,C2,SI21,R504A,2300031974,P,P,P,P,P,P,P,P
1534,VANKADARU DHONI VENKATA SAI DURGA PRANEETH,CSE,CSE1,C2,SI21,R504A,2300032006,A,A,A,A,A,A,A,A
1535,SAI RUCHITHA VEMULA,CSE,HTE,C2,SI21,R504A,2300032021,P,P,P,P,P,P,P,P
1536,MANNE NANDA KISHORE,CSE,HTI,C2,SI21,R504A,2300032049,P,P,P,P,P,P,P,P
1537,RAJANANDINI VADLAMUDI,CSE,CSE1,C2,SI21,R504A,2300032095,P,P,P,P,P,P,P,P
1538,SAI SASHANK GANTI,CSE,CSE2,C2,SI21,R504A,2300032098,P,P,P,P,P,P,P,P
1539,KALLURI YASWANTH,CSE,CSE1,C2,SI21,R504A,2300032238,P,P,A,P,P,P,P,P
1540,VADLANI BHAVYA,CSE,CSE4,C2,SI21,R504A,2300032288,P,P,P,P,P,P,A,A
1541,KATAM SAI SADWIIK,CSE,HTE,C2,SI21,R504A,2300032291,P,P,P,P,P,P,P,P
1542,MANTRAVADI SUHAAS,CSE,CSE1,C2,SI21,R504A,2300032339,P,P,P,P,P,P,P,P
1543,V JAYASIMHA,CSE,CSE1,C2,SI21,R504A,2300032389,P,P,P,P,P,P,P,P
1544,KORADA GOWTHAM SAI,CSE,HTE,C2,SI21,R504A,2300032467,A,A,A,A,A,A,A,A
1545,PATHURI PADMINI,CSE,CSE1,C2,SI21,R504A,2300032488,P,P,P,P,P,P,P,P
1546,VALLABHANENI YASASWI,CSE,HTE,C2,SI21,R504A,2300032494,P,P,P,P,P,P,P,P
1547,MUKKAMALLA PARDHASARADHI REDDY,CSE,HTE,C2,SI21,R504A,2300032590,P,P,P,P,P,P,P,P
1548,SOMISETTY SAI LOKESH,CSE,CSE1,C2,SI21,R504A,2300032652,P,P,P,P,P,P,P,P
1549,ETYALA RAHUL,CSE,HTE,C2,SI21,R504A,2300032656,P,P,P,P,P,P,P,P
1550,KADIYAM DIGGI KASTURI NAGABHUSHAN,CSE,CSE4,C2,SI21,R504A,2300032715,P,P,P,P,P,P,P,P
1551,HASWANTH CHINNI,CSE,HTE,C2,SI21,R504A,2300032751,P,P,P,P,P,P,P,P
1552,MOKAM REDDY ANVESH YADAV,CSE,CSE3,C2,SI21,R504A,2300032813,P,P,P,P,P,P,P,P
1553,MARANI SASHI WARDDHAN,CSE,CSE2,C2,SI21,R504A,2300032849,A,A,A,A,A,A,A,A
1554,SUTHAPALLI CHAKRADHAR,CSE,CSE1,C2,SI21,R504A,2300032850,P,P,P,P,P,P,P,P
1555,VYSYARAJU VARUN SAI,CSE,CSE1,C2,SI21,R504A,2300032877,P,P,P,P,P,P,P,P
1556,NILESH KANTAMANI,CSE,HTE,C2,SI21,R504A,2300032932,A,A,A,A,A,A,A,A
1557,MANNAVA SIVA CHANDRA GANESH,CSE,CSE4,C2,SI21,R504A,2300033072,P,P,P,P,P,P,P,P
1558,BHANUPRAKASHYANAMALA,CSE,CSE1,C2,SI21,R504A,2300033209,P,P,P,P,P,P,P,P
1559,PINNAM VASAVI KALYANI,CSE,CSE1,C2,SI21,R504A,2300033256,P,P,P,P,P,P,P,P
1560,SRI VARDHAN ADIKI,CSE,HTE,C2,SI21,R504A,2300033389,P,P,P,P,P,P,P,P
1561,MOKSHITHA POPURI,CSE,CSE1,C2,SI21,R504A,2300033406,P,P,P,P,P,P,P,P
1562,AKSHAY KALANGI,CSE,HTE,C2,SI21,R504A,2300033464,P,P,P,P,P,P,P,P
1563,ARGHAJIT DEB,CSE,HTI,C2,SI21,R504A,2300033516,P,P,P,P,P,P,P,P
1564,IRFAN HUSSAIN,CSE,CSE2,C2,SI21,R504A,2300033585,P,P,P,P,P,P,P,P
1565,PIYUSH KUMAR,CSE,CSE2,C2,SI21,R504A,2300033594,A,A,P,P,A,A,A,A
1566,PAPPULA NANDINI,CSE,CSE2,C2,SI21,R504A,2300033770,P,P,P,P,P,P,P,P
1567,VOONA SHIVA SANKAR,CSE,CSE2,C2,SI21,R504A,2300033785,A,A,P,P,A,A,A,A
1568,PENTAPATI VIJAY SRIKAR,CSE,CSE1,C2,SI21,R504A,2300033802,A,A,P,P,A,A,A,A
1569,KODALI PAVANI,CSE,HTE,C2,SI21,R504A,2300033843,A,A,P,P,A,A,A,A
1570,MOHIT KUMAR PUPPALA,CSE,CSE3,C2,SI21,R504A,2300039029,P,P,P,P,P,P,P,P
1571,PENTAKOTA SAMBA SIVA RAO,CSE,CSE3,C2,SI21,R504A,2300039064,A,A,P,P,A,A,A,A
1572,KAMANDULA KIRAN NAGA HEMANTH KUMAR,CSE,CSE3,C2,SI21,R504A,2300039096,P,P,P,P,P,P,P,P
1573,NAVANEETH KRISHNA PARASA,CSE,CSE3,C2,SI21,R504A,2300039105,A,A,P,P,A,A,A,A
1574,VINJAMURI CHAITANYA,CSE,CSE3,C2,SI21,R504A,2300039116,A,A,P,P,A,A,A,A
1575,BUDIGI NARENDRA,CSE,CSE3,C2,SI21,R504A,2300039131,A,A,P,P,A,A,A,A
1576,CHENNA NAGESH,CSE,CSE3,C2,SI21,R504A,2300039141,P,P,P,P,P,P,P,P
1577,MANGALURU PREMSAI,ECE,HTE,C2,SI21,R504A,2300040293,P,P,P,P,P,P,P,P
1578,PEPAKAYALA REVANTH SWAROOP,MECH,MECH,C2,SI21,R504A,2300070009,A,A,A,A,A,A,A,A
1579,BODDETI VARAHA SUDHEER,AIDS,AIDS,C2,SI21,R504A,2300080005,P,P,A,A,P,P,P,P
1580,SHAIK KHASIM KHALEEL BASHA,AIDS,HTE,C2,SI21,R504A,2300080095,A,A,A,A,A,A,A,A
1581,SUDHARSHAN REEDY NELATURI,AIDS,AIDS,C2,SI21,R504A,2300080114,P,P,P,P,P,P,P,P
1582,POLISETTI HRITHIKA,AIDS,AIDS,C2,SI21,R504A,2300080139,A,A,A,A,A,A,A,A
1583,KADIMETLA JAGADEESWAR REDDY,AIDS,AIDS,C2,SI21,R504A,2300080179,A,A,A,A,A,A,A,A
1584,KAKARLA THANISHKA,AIDS,AIDS,C2,SI21,R504A,2300080191,P,P,P,P,P,P,P,P
1585,YUDHIR MYNENI,AIDS,AIDS,C2,SI21,R504A,2300080214,A,A,A,A,A,A,A,A
1586,NITTALA S P L HARI PRIYA,AIDS,AIDS,C2,SI21,R504A,2300080233,P,P,P,P,P,P,P,P
1587,JANDHYALA SAI ADITHYA,AIDS,AIDS,C2,SI21,R504A,2300080295,P,P,P,P,P,P,P,P
1588,VANGIREDDYGARI VARUN KUMAR REDDY,AIDS,AIDS,C2,SI21,R504A,2300089018,A,A,A,A,A,A,A,A
1589,SUNKARA SOMA SEKHAR,AIDS,AIDS,C2,SI21,R504A,2300089037,P,P,P,P,P,P,P,P
1590,ANKE GOUTHAM KUMAR,AIDS,AIDS,C2,SI21,R504A,2300089047,P,P,P,P,P,P,P,P
1591,CHENNUPALLI LAXMI VARSHITHA,CSIT,HTR,C2,SI21,R504A,2300090064,P,P,P,P,P,P,P,P
1592,NAITIK-DUBEY,CSIT,HTI,C2,SI21,R504A,2300090164,P,P,P,P,P,P,P,P
1593,RAHUL KUMAR,CSIT,HTE,C2,SI21,R504A,2300090198,P,P,P,P,P,P,P,P
1594,GEETHA SRI KOTA,CSIT,CSIT,C2,SI21,R504A,2300090284,P,P,P,P,P,P,P,P
1595,HARSHWARDHAN RAJ,CSIT,HTI,C2,SI21,R504A,2300090312,P,P,P,P,P,P,P,P
1596,KANAGALA HARSHA VARDHAN,CSIT,CSIT,C2,SI21,R504A,2300090332,A,A,A,A,A,A,A,A
1597,KANUGONDA VYSHNAVI REDDY,CSIT,CSIT,C2,SI21,R504A,2300090390,A,A,A,A,A,A,A,A
1598,ETLA JASHWANTH,IOT,IOT,C2,SI21,R504A,2300100017,P,P,P,P,P,P,P,P
1599,BATTHULAEKALAVYA,CSE,CSE3,C2,GK23,R504B,2300030075,P,P,P,P,P,P,P,P
1600,B.HESHMITHA REDDY,CSE,CSE3,C2,GK23,R504B,2300030094,P,P,P,P,P,P,P,P
1601,CHANDU VENKATA SAI PHANI GOPI,CSE,CSE3,C2,GK23,R504B,2300030117,A,A,A,A,A,A,A,A
1602,NIHITH CHAVALAM,CSE,CSE3,C2,GK23,R504B,2300030123,A,A,A,A,A,A,A,A
1603,CHEPURI. DURGA GAYATRI,CSE,CSE3,C2,GK23,R504B,2300030128,P,P,P,P,P,P,P,P
1604,GADUPUDI AMARA NAGESWARI,CSE,CSE3,C2,GK23,R504B,2300030190,P,P,P,P,P,P,P,P
1605,NIHAR JANAPALA,CSE,CSE3,C2,GK23,R504B,2300030268,P,P,P,P,P,P,P,P
1606,SAIPRANATHI,CSE,CSE3,C2,GK23,R504B,2300030400,P,P,P,P,P,P,P,P
1607,MOGGA DAVIDU RAJU,CSE,CSE3,C2,GK23,R504B,2300030428,A,A,A,A,A,A,A,A
1608,SHAIK RIZVANA,CSE,CSE3,C2,GK23,R504B,2300030624,P,P,P,P,P,P,P,P
1609,KHUSHIYA SHAIK,CSE,CSE3,C2,GK23,R504B,2300030632,A,A,A,A,A,A,A,A
1610,SINDIRI ARAYAN,CSE,CSE3,C2,GK23,R504B,2300030639,A,A,A,A,A,A,A,A
1611,YATHAPU SUNAINA,CSE,CSE3,C2,GK23,R504B,2300030752,P,P,P,P,P,P,P,P
1612,TADIPARTHI AKASH,CSE,CSE3,C2,GK23,R504B,2300030836,P,P,P,P,P,P,P,P
1613,GARIKIPATI. SATYA KEERTHIKA,CSE,CSE3,C2,GK23,R504B,2300030988,P,P,P,P,P,P,P,P
1614,GOLLLANAPALLI HRUDAY BHARADWAJ,CSE,CSE3,C2,GK23,R504B,2300031089,A,A,A,A,A,A,A,A
1615,SAI JAYA DEEP REDDY,CSE,CSE3,C2,GK23,R504B,2300031146,A,A,A,A,A,A,A,A
1616,SANAPAREDDY SREE LIKHITH REDDY,CSE,CSE3,C2,GK23,R504B,2300031148,P,P,P,P,P,P,P,P
1617,PRAGADA LEKHYA GOGULA SATYA LAKSHMI,CSE,CSE3,C2,GK23,R504B,2300031207,P,P,P,P,P,P,P,P
1618,MINNIKANTI V N S DEVIKA SIVANI,CSE,CSE3,C2,GK23,R504B,2300031242,P,P,P,P,P,P,P,P
1619,PEDDAMALLU SRIKANTH,CSE,CSE3,C2,GK23,R504B,2300031251,A,A,A,A,A,A,A,A
1620,N.AKHILA,CSE,CSE3,C2,GK23,R504B,2300031309,A,A,A,A,A,A,A,A
1621,VAJINEPALLI SRI KRISHNA SAI BHARGAV,CSE,CSE3,C2,GK23,R504B,2300031354,A,A,A,A,A,A,A,A
1622,RACHAMALLA MOHAN SAI,CSE,CSE3,C2,GK23,R504B,2300031416,A,A,A,A,P,P,P,P
1623,CHITTIPROLU VENKATA SAI,CSE,CSE3,C2,GK23,R504B,2300031434,A,A,A,A,A,A,A,A
1624,BALI VIJAYA VARDHAN NAIDU,CSE,CSE3,C2,GK23,R504B,2300031489,A,A,A,A,A,A,A,A
1625,KALLURI MOKSHAGNA SAI TEJA,CSE,CSE3,C2,GK23,R504B,2300031586,A,A,A,A,A,A,A,A
1626,SINGULURI RAGHU MARUTHI SAI SIDDHU GANESH,CSE,CSE3,C2,GK23,R504B,2300031587,A,A,A,A,A,A,A,A
1627,RAHUL CHALLAGULLA,CSE,CSE3,C2,GK23,R504B,2300031598,P,P,P,P,P,P,P,P
1628,CHETHANA SREE,CSE,CSE3,C2,GK23,R504B,2300031639,A,A,A,A,A,A,A,A
1629,NEELAPU POOJITHA,CSE,CSE3,C2,GK23,R504B,2300031653,P,P,P,P,P,P,P,P
1630,SHAIK ASIF,CSE,CSE3,C2,GK23,R504B,2300031663,P,P,P,P,P,P,P,P
1631,KANDAGADDALA PENCHALA ARJUN,CSE,CSE3,C2,GK23,R504B,2300031687,P,P,P,P,P,P,P,P
1632,PUJARI MANJU SWASTHIK,CSE,CSE3,C2,GK23,R504B,2300031812,P,P,P,P,P,P,P,P
1633,BOLLINENI PREM SAI,CSE,CSE3,C2,GK23,R504B,2300031822,P,P,P,P,P,P,P,P
1634,JAMPANI YUVA NAGA MEGHANA,CSE,CSE3,C2,GK23,R504B,2300031866,P,P,P,P,P,P,P,P
1635,KEERTHI MEDURI,CSE,CSE3,C2,GK23,R504B,2300031903,A,A,A,A,A,A,A,A
1636,MADDULA CHANDRA HARSHITHA,CSE,CSE3,C2,GK23,R504B,2300031949,P,P,P,P,P,P,P,P
1637,JOLLA NIHARIKA,CSE,CSE3,C2,GK23,R504B,2300031950,P,P,P,P,P,P,P,P
1638,PYLA MURALI,CSE,CSE3,C2,GK23,R504B,2300031972,A,A,A,A,A,A,A,A
1639,SETTY JASWANTH,CSE,CSE3,C2,GK23,R504B,2300032023,A,A,A,A,A,A,A,A
1640,DATLA VIGNESH VARMA,CSE,CSE3,C2,GK23,R504B,2300032042,A,A,A,A,A,A,A,A
1641,KANAPARTHI SHEMA GANDHI,CSE,CSE3,C2,GK23,R504B,2300032067,P,P,P,P,P,P,P,P
1642,JALLEPALLI LAKSHMI VASUDHA,CSE,CSE3,C2,GK23,R504B,2300032096,A,A,A,A,A,A,A,A
1643,MENNI SRINIVAS CHOWDARY,CSE,CSE3,C2,GK23,R504B,2300032128,P,P,P,P,P,P,P,P
1644,THOTA GOKULA KRISHNA,CSE,CSE3,C2,GK23,R504B,2300032228,P,P,P,P,P,P,P,P
1645,YASHWITHA KASANENI,CSE,CSE3,C2,GK23,R504B,2300032242,P,P,P,P,P,P,P,P
1646,KARI MIDHUN,CSE,CSE3,C2,GK23,R504B,2300032456,A,A,A,A,A,A,A,A
1647,SHAIK SAZIDA,CSE,CSE3,C2,GK23,R504B,2300032458,P,P,A,A,A,A,A,A
1648,INTI HANITHA SAI GAYATHRI,CSE,CSE3,C2,GK23,R504B,2300032512,P,P,A,A,A,A,A,A
1649,JAGANNADHA SWAMY,CSE,CSE3,C2,GK23,R504B,2300032537,A,A,A,A,P,P,A,A
1650,KAKANI NAGA PRAJWAL,CSE,CSE3,C2,GK23,R504B,2300032557,A,A,A,A,A,A,A,A
1651,SEELAM VARA LAKSHMI PRASANNA,CSE,CSE3,C2,GK23,R504B,2300032561,P,P,P,P,P,P,P,P
1652,S.NITHYA SANTHOSHI,CSE,CSE3,C2,GK23,R504B,2300032565,P,P,P,P,P,P,P,P
1653,GOTETI SAI SIDDHARDHA,CSE,CSE3,C2,GK23,R504B,2300032578,A,A,A,A,A,A,A,A
1654,KRISHNA SRI SATHI,CSE,CSE3,C2,GK23,R504B,2300032600,A,A,A,A,A,A,A,A
1655,KOKKILA BINDUSREE,CSE,CSE3,C2,GK23,R504B,2300032632,P,P,P,P,P,P,P,P
1656,AKSHAYA SIMHADRI,CSE,CSE3,C2,GK23,R504B,2300032753,P,P,A,A,A,A,A,A
1657,BALABOMMALA KALYANKUMAR,CSE,CSE3,C2,GK23,R504B,2300032820,P,P,P,P,P,P,P,P
1658,SRI KARTHIK PENDEM,CSE,CSE3,C2,GK23,R504B,2300032924,P,P,P,P,P,P,P,P
1659,PADMANABHUNI V G T SESHA SRI SAI,CSE,CSE3,C2,GK23,R504B,2300033016,A,A,A,A,A,A,A,A
1660,NALLA CHANDRASEKHAR NAIDU,CSE,CSE3,C2,GK23,R504B,2300033089,P,P,P,P,P,P,P,P
1661,VEMURI LAKSHMI MANJULA,CSE,CSE3,C2,GK23,R504B,2300033164,P,P,P,P,P,P,P,P
1662,KAVYA SRI DURGA.G,CSE,CSE3,C2,GK23,R504B,2300033223,P,P,P,P,P,P,P,P
1663,VOBILISHETTI SHARANYA,CSE,CSE3,C2,GK23,R504B,2300033234,P,P,P,P,P,P,P,P
1664,DHANUSH NELLAMBAKAM,CSE,CSE3,C2,GK23,R504B,2300033333,P,P,P,P,P,P,P,P
1665,DODLA RANGA SAI,CSE,CSE3,C2,GK23,R504B,2300033437,A,A,A,A,A,A,A,A
1666,VELPULAMANASA,CSE,CSE3,C2,GK23,R504B,2300033465,A,A,A,A,A,A,A,A
1667,TELA DAMAYANTH,CSE,CSE3,C2,GK23,R504B,2300033500,A,A,A,A,A,A,A,A
1668,KALAKOTA KARTHIK REDDY,CSE,CSE3,C2,GK23,R504B,2300033590,P,P,P,P,P,P,P,P
1669,TELAGANI MAHESH,CSE,CSE3,C2,GK23,R504B,2300033602,A,A,A,A,A,A,A,A
1670,SHAIK KARISHMA,CSE,CSE3,C2,GK23,R504B,2300033610,A,A,A,A,A,A,A,A
1671,BORIGORLA HARISH,CSE,CSE3,C2,GK23,R504B,2300033614,A,A,A,A,A,A,A,A
1672,VENDIDANDI RISHIK REDDY,CSE,CSE3,C2,GK23,R504B,2300033638,P,P,P,P,P,P,P,P
1673,VADDADIDINESHKUMAR,CSE,CSE3,C2,GK23,R504B,2300033665,A,A,A,A,A,A,A,A
1674,DOSAPATI KUMAR,CSE,CSE3,C2,GK23,R504B,2300033697,P,P,A,A,A,A,A,A
1675,KANCHARANA LAAHIRI TEJA,CSE,CSE3,C2,GK23,R504B,2300033731,A,A,A,A,A,A,A,A
1676,CHAKRIKA VEGI,CSE,CSE4,C2,GK23,R504B,2300033820,P,P,P,P,P,P,P,P
1677,POLIMERA JOSHITH REDDY,CSE,CSE3,C2,GK23,R504B,2300033897,P,P,P,P,P,P,P,P
1678,CHOPPPAVARAPU JOSYA SANJANA,CSE,CSE3,C2,GK23,R504B,2300039050,A,A,A,A,A,A,A,A
1679,BETHA JAYANTH KUMAR,CSE,CSE3,C2,GK23,R504B,2300039077,P,P,P,P,P,P,P,P
1680,SENAPATHI PRAVEEN,CSE,CSE3,C2,GK23,R504B,2300039100,A,A,A,A,A,A,A,A
1681,GAJULA KARTHIKEYA,CSE,CSE3,C2,GK23,R504B,2300039136,A,A,A,A,A,A,A,A
1682,SANDEEP NADELLA,CSE,CSE3,C2,GK23,R504B,2300031336,P,P,P,P,P,P,P,P
1683,NEELAMKESAVA,CSE,CSE3,C2,GK23,R504B,2300032972,A,A,A,A,A,A,A,A
1684,ALAVALA VEDA SAMHITHA,CSE,CSE2,C1,CGN11,R505A,2300030027,P,P,P,P,P,P,P,P
1685,ANNAMNENI GOWTHAM,CSE,CSE2,C1,CGN11,R505A,2300030039,A,A,A,A,A,A,A,A
1686,ARUMALLA JAHNAVI,CSE,CSE2,C1,CGN11,R505A,2300030046,P,P,P,P,P,P,P,P
1687,CHINNARI LASYA,CSE,CSE2,C1,CGN11,R505A,2300030138,A,A,A,A,A,A,A,A
1688,KAVYA SRI DASETTY,CSE,CSE2,C1,CGN11,R505A,2300030159,P,P,P,P,P,P,P,P
1689,DUDDUKURU SANHITHA,CSE,CSE2,C1,CGN11,R505A,2300030173,P,P,P,P,P,P,P,P
1690,GOLU KUMAR,CSE,CSE2,C1,CGN11,R505A,2300030215,P,P,P,P,P,P,P,P
1691,GORIJAVOLU MANOGNA,CSE,CSE2,C1,CGN11,R505A,2300030220,A,A,P,P,P,P,P,P
1692,GUDE.BHUVANA,CSE,CSE2,C1,CGN11,R505A,2300030227,A,A,A,A,A,A,A,A
1693,JANAGAM NAGA PARDHIV,CSE,CSE2,C1,CGN11,R505A,2300030267,A,A,A,A,A,A,A,A
1694,KOPPARTHI HEMAVARDHAN,CSE,CSE2,C1,CGN11,R505A,2300030348,P,P,P,P,P,P,P,P
1695,KOTHA SRIRAM PRASAD,CSE,CSE2,C1,CGN11,R505A,2300030356,P,P,P,P,P,P,A,A
1696,KOTNI PRADIPTI,CSE,CSE2,C1,CGN11,R505A,2300030361,P,P,P,P,P,P,P,P
1697,KURASALA SASI VARDHAN NARASIMHA MURTHY,CSE,CSE2,C1,CGN11,R505A,2300030374,A,A,A,A,A,A,A,A
1698,MEKALA AKHIL,CSE,CSE2,C1,CGN11,R505A,2300030422,P,P,P,P,P,P,P,P
1699,MICHANAGATLA VISHNU,CSE,CSE2,C1,CGN11,R505A,2300030425,A,A,A,A,A,A,A,A
1700,NALLA BHAVITHA,CSE,CSE2,C1,CGN11,R505A,2300030469,A,A,A,A,A,A,A,A
1701,JOSHIRAM PANCHIREDDI,CSE,CSE2,C1,CGN11,R505A,2300030507,P,P,P,P,P,P,P,P
1702,RAMAKRISHNA PAREPALLI,CSE,CSE2,C1,CGN11,R505A,2300030512,P,P,P,P,P,P,P,P
1703,PEDDAKOTLA PRUDHVI,CSE,CSE2,C1,CGN11,R505A,2300030521,P,P,P,P,P,P,P,P
1704,BHARGAVI REDDAM,CSE,CSE2,C1,CGN11,R505A,2300030568,P,P,P,P,P,P,P,P
1705,SHAIK ABBAS,CSE,CSE2,C1,CGN11,R505A,2300030610,P,P,P,P,P,P,P,P
1706,TAMMINA ROHIT KUMAR,CSE,CSE2,C1,CGN11,R505A,2300030667,A,A,A,A,A,A,A,A
1707,NALLI ROSHAN,CSE,CSE2,C1,CGN11,R505A,2300030773,A,A,A,A,A,A,A,A
1708,GUNJI SOWMYA,CSE,CSE2,C1,CGN11,R505A,2300030775,A,A,A,A,A,A,A,A
1709,JANNU SAI RAM,CSE,CSE2,C1,CGN11,R505A,2300030777,P,P,P,P,P,P,P,P
1710,MALLADI SANJAY,CSE,CSE2,C1,CGN11,R505A,2300030787,P,P,P,P,P,P,P,P
1711,AKSHITHA KARANAM,CSE,CSE2,C1,CGN11,R505A,2300030807,A,A,A,A,A,A,A,A
1712,SEELAM DEDEEPYA,CSE,CSE2,C1,CGN11,R505A,2300030813,P,P,P,P,P,P,P,P
1713,NALLANI LOKAKALYAN,CSE,CSE2,C1,CGN11,R505A,2300030853,A,A,A,A,A,A,A,A
1714,EEDHA KOWSHIK REDDY,CSE,CSE2,C1,CGN11,R505A,2300030862,P,P,P,P,P,P,P,P
1715,POLEPALLIPRAMODINI,CSE,CSE2,C1,CGN11,R505A,2300030871,P,P,P,P,P,P,A,A
1716,GOGULA NAGA MAHESWAR REDDY,CSE,CSE2,C1,CGN11,R505A,2300030990,P,P,P,P,P,P,P,P
1717,BOMMIDI VENKATA SAI AMARNADH,CSE,CSE2,C1,CGN11,R505A,2300031107,P,P,P,P,P,P,P,P
1718,ARIKATLA GEETHA TEJASWINI REDDY,CSE,CSE2,C1,CGN11,R505A,2300031170,P,P,P,P,P,P,P,P
1719,K SRI GEETHAMRUTHA VARSHINI,CSE,CSE2,C1,CGN11,R505A,2300031172,A,A,A,A,A,A,A,A
1720,KONAGALLAA VEERA NAGA SATYANARAYANA,CSE,CSE2,C1,CGN11,R505A,2300031203,A,A,A,A,A,A,A,A
1721,NARDHALA SRIHASA,CSE,CSE2,C1,CGN11,R505A,2300031351,A,A,A,A,A,A,A,A
1722,BHUDETI D V V SIVARAMPRASAD,CSE,CSE2,C1,CGN11,R505A,2300031408,P,P,P,P,P,P,P,P
1723,MADDINENI SAI VENKATA SIVA KRISHNA,CSE,CSE2,C1,CGN11,R505A,2300031531,P,P,P,P,P,P,P,P
1724,MOTAKATLA SASHANK REDDY,CSE,CSE2,C1,CGN11,R505A,2300031661,A,A,A,A,A,A,A,A
1725,DHARMALA BHARGAV REDDY,CSE,CSE2,C1,CGN11,R505A,2300031767,P,P,P,P,P,P,P,P
1726,NANDINILAKSHMI,CSE,CSE2,C1,CGN11,R505A,2300031777,A,A,A,A,A,A,A,A
1727,GANIKAPUDI DEEVEN KUMAR,CSE,CSE2,C1,CGN11,R505A,2300031792,A,A,A,A,A,A,A,A
1728,CHILAKA NAGA VAISHNAVI,CSE,CSE2,C1,CGN11,R505A,2300031804,A,A,A,A,A,A,A,A
1729,CHOPPERLA KAILASH SATYA SAI,CSE,CSE2,C1,CGN11,R505A,2300031814,A,A,A,A,A,A,A,A
1730,GUDURU VEENA RAGHAVI,CSE,CSE2,C1,CGN11,R505A,2300031932,P,P,P,P,P,P,P,P
1731,SRI NITHYA,CSE,CSE2,C1,CGN11,R505A,2300032000,P,P,P,P,P,P,P,P
1732,NARAMANENI RISHITHA,CSE,CSE2,C1,CGN11,R505A,2300032052,A,A,A,A,A,A,A,A
1733,VEERESH JADAVA,CSE,CSE2,C1,CGN11,R505A,2300032078,P,P,P,P,P,P,P,P
1734,DONTHIREDDY PHANINDRA REDDY,CSE,CSE2,C1,CGN11,R505A,2300032080,P,P,P,P,P,P,P,P
1735,KOTAMRAJU LAKSHMI NAGA HIMA MADHURI,CSE,CSE2,C1,CGN11,R505A,2300032134,P,P,P,P,P,P,P,P
1736,SHAIK HUSSAIN VALI,CSE,CSE2,C1,CGN11,R505A,2300032145,P,P,P,P,P,P,P,P
1737,BANDI ROHITH MANI TEJA,CSE,CSE2,C1,CGN11,R505A,2300032152,P,P,P,P,P,P,P,P
1738,ANJU SRI SYAMALA,CSE,CSE2,C1,CGN11,R505A,2300032212,P,P,P,P,P,P,P,P
1739,DATLA KAUSHIK VARMA,CSE,CSE2,C1,CGN11,R505A,2300032232,P,P,P,P,P,P,P,P
1740,VULLIGADDALA GOWTHAM,CSE,CSE2,C1,CGN11,R505A,2300032235,A,A,A,A,A,A,A,A
1741,YENUGU SRINIVAS THARUN,CSE,CSE2,C1,CGN11,R505A,2300032258,P,P,P,P,P,P,P,P
1742,YOGENDRA NADH AREPALLI,CSE,CSE2,C1,CGN11,R505A,2300032284,P,P,P,P,P,P,A,A
1743,THUGUTLA RADHIKA,CSE,CSE2,C1,CGN11,R505A,2300032297,A,A,A,A,A,A,A,A
1744,BANDLAMUDI GANESH BABU,CSE,CSE2,C1,CGN11,R505A,2300032316,P,P,P,P,P,P,P,P
1745,PAVANI.G,CSE,CSE2,C1,CGN11,R505A,2300032383,P,P,P,P,P,P,P,P
1746,JEEVAN SAI KUMAR.BOTLA,CSE,CSE2,C1,CGN11,R505A,2300032393,P,P,P,P,P,P,P,P
1747,RAVILLA HARINISRI,CSE,CSE2,C1,CGN11,R505A,2300032430,P,P,P,P,P,P,P,P
1748,ANISHITHA GARAGA,CSE,CSE2,C1,CGN11,R505A,2300032606,A,A,A,A,A,A,A,A
1749,BADIGA AASHRITHA,CSE,CSE2,C1,CGN11,R505A,2300032615,A,A,A,A,A,A,A,A
1750,PALLE VENKATA SRINIVASA REDDY,CSE,CSE2,C1,CGN11,R505A,2300032622,A,A,A,A,A,A,A,A
1751,RISHITHA VELLANKI,CSE,CSE2,C1,CGN11,R505A,2300032639,P,P,P,P,P,P,P,P
1752,SANIYA PATRI,CSE,CSE2,C1,CGN11,R505A,2300032657,A,A,A,A,A,A,A,A
1753,ARJA MANISH,CSE,CSE2,C1,CGN11,R505A,2300032668,A,A,A,A,A,A,A,A
1754,P SATYA SRI CHAITANYA,CSE,CSE2,C1,CGN11,R505A,2300032798,A,A,A,A,A,A,A,A
1755,RAVI KRISHNA REDDY KARRI,CSE,CSE2,C1,CGN11,R505A,2300032817,A,A,A,A,A,A,A,A
1756,SAI HARSHITHA PUVVADA,CSE,CSE2,C1,CGN11,R505A,2300032838,P,P,P,P,P,P,P,P
1757,MULE SAI SATVIK REDDY,CSE,CSE2,C1,CGN11,R505A,2300032844,P,P,P,P,A,A,A,A
1758,CHALLAPALLI LAHARI,CSE,CSE2,C1,CGN11,R505A,2300032900,P,P,P,P,P,P,P,P
1759,LAKKONDA LEELASRI,CSE,CSE2,C1,CGN11,R505A,2300032914,A,A,A,A,A,A,A,A
1760,KAKUMANU VENKATA LAKSHMI SIVA BALA NAGA SAI,CSE,CSE2,C1,CGN11,R505A,2300032999,P,P,P,P,P,P,P,P
1761,KOLISETTY LOKENDRA VAMSI SUJITH GUPTHA,CSE,CSE2,C1,CGN11,R505A,2300033005,P,P,P,P,P,P,P,P
1762,THUPAKULA BHARGAVA SAI KRISHNA,CSE,CSE2,C1,CGN11,R505A,2300033034,A,A,A,A,A,A,A,A
1763,SRI HIMA VARSHA DAYANA,CSE,CSE2,C1,CGN11,R505A,2300033187,A,A,A,A,A,A,A,A
1764,MICHANAGATLAJASWANTH,CSE,CSE2,C1,CGN11,R505A,2300033197,A,A,A,A,A,A,A,A
1765,G.GEETHANJALI,CSE,CSE2,C1,CGN11,R505A,2300033270,A,A,A,A,A,A,A,A
1766,GADDAMADUGU SUJITH,CSE,CSE2,C1,CGN11,R505A,2300033318,A,A,A,A,A,A,A,A
1767,GARREPELLY DHRUVA,CSE,CSE2,C1,CGN11,R505A,2300033356,A,A,A,A,A,A,A,A
1768,RAVILLA NITHYA SRI,CSE,CSE2,C1,CGN11,R505A,2300033368,P,P,P,P,P,P,P,P
1769,VADLAMUDI SHALINI,CSE,CSE2,C1,CGN11,R505A,2300033384,P,P,A,A,A,A,A,A
1770,PALLAVI PINNINTI,CSE,CSE2,C1,CGN11,R505A,2300033405,P,P,P,P,P,P,P,P
1771,NAREDLA PALLAVI,CSE,CSE2,C1,CGN11,R505A,2300033430,P,P,P,P,P,P,P,P
1772,PRAVALLIKA GUBBA,CSE,CSE2,C1,CGN11,R505A,2300033432,P,P,P,P,P,P,P,P
1773,CHETAN KALAGARLA,CSE,CSE2,C1,CGN11,R505A,2300033450,A,A,P,P,P,P,P,P
1774,BUDIGI DHEERAJ,CSE,CSE2,C1,CGN11,R505A,2300033467,P,P,A,A,A,A,A,A
1775,HARINI BOPPUDI,CSE,CSE2,C1,CGN11,R505A,2300033486,A,A,P,P,P,P,P,P
1776,SHAIK SAJID,CSE,CSE2,C1,CGN11,R505A,2300033564,A,A,A,A,A,A,A,A
1777,P THARUN,CSE,CSE2,C1,CGN11,R505A,2300033575,A,A,A,A,A,A,A,A
1778,SARWASIDDI KARTHIKEYA,CSE,CSE2,C1,CGN11,R505A,2300033579,A,A,A,A,A,A,A,A
1779,TAMMINANA PRANEETH,CSE,CSE2,C1,CGN11,R505A,2300033661,A,A,P,P,P,P,A,A
1780,MAPATI LALIT KRISHNA,CSE,CSE2,C1,CGN11,R505A,2300033683,A,A,A,A,A,A,A,A
1781,KADAPA ABHISHEK REDDY,CSE,CSE2,C1,CGN11,R505A,2300033766,P,P,P,P,P,P,P,P
1782,SHAIK JALAL BABU SOHEL,CSE,CSE2,C1,CGN11,R505A,2300033768,A,A,A,A,A,A,A,A
1783,G DINDESWARA SEETARAMA SAI,CSE,CSE2,C1,CGN11,R505A,2300033895,P,P,P,P,P,P,A,A
1784,KURMA KRISHNA KISHORE,CSE,CSE2,C1,CGN11,R505A,2300032412,P,P,P,P,P,P,P,P
1785,ALAPATI VIKAS,CSE,CSE2,C1,CGN11,R505A,2300033507,P,P,P,P,P,P,P,P
1786,BODDU HARSHA VARDHAN,CSE,HTE,C1,GK11,R505B,2300030086,A,A,A,A,A,A,A,A
1787,CHARANYA GADE,CSE,HTR,C1,GK11,R505B,2300030188,P,P,P,P,P,P,P,P
1788,ANANTHA GOWTHAM GUNDE,CSE,HTE,C1,GK11,R505B,2300030236,A,A,P,P,P,P,P,P
1789,NITHYA SRI INDURU,CSE,HTE,C1,GK11,R505B,2300030254,P,P,A,A,P,P,P,P
1790,KALYANAM NARENDRA,CSE,HTE,C1,GK11,R505B,2300030292,A,A,A,A,P,P,P,P
1791,LADE DHATRINATH,CSE,HTE,C1,GK11,R505B,2300030375,A,A,A,A,A,A,A,A
1792,MAJJIGA VENKATA ASHIKA REDDY,CSE,HTE,C1,GK11,R505B,2300030398,P,P,P,P,P,P,P,P
1793,MALLAREDDI BALA KRISHNA,CSE,HTE,C1,GK11,R505B,2300030399,A,A,A,A,A,A,A,A
1794,THULASI REDDY MANCHURI,CSE,HTE,C1,GK11,R505B,2300030402,A,A,A,A,A,A,A,A
1795,MARELLA SOMA SEKHAR,CSE,HTE,C1,GK11,R505B,2300030411,P,P,P,P,P,P,P,P
1796,MOKA HEMANTH KUMAR,CSE,HTE,C1,GK11,R505B,2300030439,P,P,P,P,A,A,A,A
1797,NARLA ARAVIND,CSE,HTE,C1,GK11,R505B,2300030478,A,A,A,A,P,P,P,P
1798,PONDURU KOMALI,CSE,HTR,C1,GK11,R505B,2300030544,A,A,A,A,A,A,A,A
1799,SETTI RUCHITA,CSE,HTE,C1,GK11,R505B,2300030609,P,P,P,P,P,P,P,P
1800,SHAIK AFREEN,CSE,HTE,C1,GK11,R505B,2300030613,P,P,P,P,P,P,P,P
1801,RESHITHATALLURI,CSE,HTR,C1,GK11,R505B,2300030666,P,P,P,P,P,P,P,P
1802,THALLURI JASWANTH,CSE,HTE,C1,GK11,R505B,2300030674,P,P,P,P,P,P,P,P
1803,UZMA NAZIA,CSE,HTE,C1,GK11,R505B,2300030694,P,P,P,P,P,P,P,P
1804,VEERAMANENI RUNVISHA,CSE,HTR,C1,GK11,R505B,2300030715,A,A,A,A,A,A,A,A
1805,VEERARAPU SRI POOJITHA,CSE,HTI,C1,GK11,R505B,2300030717,P,P,P,P,P,P,P,P
1806,VIROTHI POORNA CHANDRA,CSE,HTE,C1,GK11,R505B,2300030733,A,A,A,A,A,A,A,A
1807,KUSURI KARTHIK,CSE,HTR,C1,GK11,R505B,2300030799,A,A,A,A,A,A,A,A
1808,MEDA LOHITH PAVAN KUMAR,CSE,HTE,C1,GK11,R505B,2300030921,A,A,A,A,A,A,A,A
1809,BANNUR HARSHAVARDHAN REDDY,CSE,HTI,C1,GK11,R505B,2300031024,P,P,P,P,P,P,P,P
1810,SOMISETTY TIRUMALA VINAY KUMAR,CSE,HTE,C1,GK11,R505B,2300031124,A,A,A,A,A,A,A,A
1811,GOKAVARAPU SRI MANI SAI ABHINAV,CSE,HTE,C1,GK11,R505B,2300031133,P,P,P,P,P,P,P,P
1812,N. MOHITH KUMAR,CSE,HTE,C1,GK11,R505B,2300031357,A,A,A,A,A,A,A,A
1813,BUSHA KOUSHIK REDDY,CSE,HTI,C1,GK11,R505B,2300031368,P,P,P,P,P,P,P,P
1814,ESLAVATH VINEETH NAIK,CSE,HTE,C1,GK11,R505B,2300031417,P,P,A,A,A,A,A,A
1815,PACHARU LAKSHMI KANTH,CSE,HTR,C1,GK11,R505B,2300031442,A,A,A,A,A,A,A,A
1816,JAYANITH BATHULA,CSE,HTE,C1,GK11,R505B,2300031535,A,A,A,A,A,A,A,A
1817,JIMMALA SIDHARTHA REDDY,CSE,HTR,C1,GK11,R505B,2300031546,A,A,A,A,A,A,A,A
1818,BYSANISANDEEPKUMAR,CSE,HTE,C1,GK11,R505B,2300031548,P,P,P,P,P,P,P,P
1819,ARAVA THARUNI PRIYA,CSE,HTR,C1,GK11,R505B,2300031560,A,A,A,A,A,A,A,A
1820,G.KRANTI KUMAR,CSE,HTE,C1,GK11,R505B,2300031725,A,A,A,A,A,A,A,A
1821,ANIL AMBATI,CSE,HTE,C1,GK11,R505B,2300031781,P,P,P,P,P,P,P,P
1822,TEJA ILLA,CSE,HTE,C1,GK11,R505B,2300031868,A,A,A,A,A,A,A,A
1823,TATA SIDDHARTH,CSE,HTR,C1,GK11,R505B,2300031877,A,A,A,A,A,A,A,A
1824,ALIMILLA ABHINANDAN,CSE,HTE,C1,GK11,R505B,2300031943,P,P,P,P,P,P,P,P
1825,GUNTAKA SOWMYASRI,CSE,HTE,C1,GK11,R505B,2300032019,P,P,P,P,P,P,P,P
1826,A C SASMITA,CSE,HTE,C1,GK11,R505B,2300032029,A,A,A,A,A,A,A,A
1827,VEMPATI BALA RUPANJALI,CSE,HTI,C1,GK11,R505B,2300032185,P,P,P,P,P,P,P,P
1828,SAM CHERIAN MATHEW,CSE,HTE,C1,GK11,R505B,2300032271,P,P,P,P,P,P,P,P
1829,KANDRA VENKATESH,CSE,HTE,C1,GK11,R505B,2300032324,P,P,P,P,P,P,P,P
1830,KARTHIKEYA VELIVELA,CSE,HTE,C1,GK11,R505B,2300032330,P,P,P,P,P,P,P,P
1831,DEVAPRIYA RAM CHARAN SAI,CSE,HTE,C1,GK11,R505B,2300032364,A,A,A,A,A,A,A,A
1832,UDAY RAHUL,CSE,HTE,C1,GK11,R505B,2300032388,A,A,A,A,A,A,A,A
1833,BEESU CHARAN SAI,CSE,HTE,C1,GK11,R505B,2300032454,A,A,A,A,A,A,A,A
1834,PATHAN NAZIYA,CSE,HTR,C1,GK11,R505B,2300032461,A,A,A,A,A,A,A,A
1835,SREEKAR SREEPADA,CSE,HTR,C1,GK11,R505B,2300032481,A,A,A,A,A,A,A,A
1836,SAI LAKSHMI BATTA,CSE,HTR,C1,GK11,R505B,2300032555,A,A,A,A,A,A,A,A
1837,BHARGAV SAI DHIRAVATHU,CSE,HTE,C1,GK11,R505B,2300032558,P,P,P,P,P,P,P,P
1838,NANDAMURI NUTANA,CSE,HTE,C1,GK11,R505B,2300032708,A,A,A,A,A,A,A,A
1839,KATIKINENI THANVEER RAYANAM,CSE,HTR,C1,GK11,R505B,2300032789,A,A,A,A,A,A,A,A
1840,NEHA SRUSTI SREE,CSE,HTE,C1,GK11,R505B,2300032816,A,A,P,P,P,P,A,A
1841,INDUPALLI SIVA RAGHAVA,CSE,HTI,C1,GK11,R505B,2300032843,P,P,P,P,P,P,P,P
1842,TALARIMANOHAR,CSE,HTI,C1,GK11,R505B,2300032955,P,P,P,P,P,P,P,P
1843,DIVI YASWANTHI,CSE,HTE,C1,GK11,R505B,2300032962,A,A,A,A,A,A,A,A
1844,KOPPISETTI HARSHA,CSE,HTE,C1,GK11,R505B,2300033026,A,A,A,A,A,A,A,A
1845,ANNAPUREDDY RUSHINDER REDDY,CSE,HTE,C1,GK11,R505B,2300033078,A,A,A,A,A,A,A,A
1846,MANJUNADH PRANAVSAI,CSE,HTE,C1,GK11,R505B,2300033112,P,P,P,P,P,P,P,P
1847,VATTIKUTI HANIVARSHITHA,CSE,HTI,C1,GK11,R505B,2300033171,P,P,P,P,P,P,P,P
1848,MAHANTI SHYAM KUMAR,CSE,HTE,C1,GK11,R505B,2300033304,P,P,P,P,P,P,P,P
1849,GANGAVARAPU BHARGAV,CSE,HTE,C1,GK11,R505B,2300033319,A,A,A,A,A,A,A,A
1850,MATAM LEELADHAR,CSE,HTI,C1,GK11,R505B,2300033325,P,P,P,P,P,P,P,P
1851,TAMMINENI VINEESHA,CSE,HTR,C1,GK11,R505B,2300033329,A,A,A,A,A,A,A,A
1852,MUPPA BHARGAVA RAM,CSE,HTE,C1,GK11,R505B,2300033362,P,P,P,P,P,P,P,P
1853,PALASA SAI ABHINAV,CSE,HTE,C1,GK11,R505B,2300033365,A,A,A,A,A,A,A,A
1854,HARINI MEDIKONDURU,CSE,HTI,C1,GK11,R505B,2300033374,A,A,A,A,A,A,A,A
1855,OHEMAANUSHA,CSE,HTR,C1,GK11,R505B,2300033402,A,A,A,A,A,A,A,A
1856,BEZAWADA AMRUTHA,CSE,HTI,C1,GK11,R505B,2300033446,A,A,A,A,A,A,A,A
1857,PRIYANKA KUMARI,CSE,HTI,C1,GK11,R505B,2300033474,P,P,P,P,A,A,A,A
1858,VARUN SHARMA,CSE,HTE,C1,GK11,R505B,2300033535,A,A,A,A,A,A,A,A
1859,PAVAN V,CSE,HTE,C1,GK11,R505B,2300033576,A,A,A,A,A,A,A,A
1860,PALISETTI UDAY SHANKAR,CSE,HTE,C1,GK11,R505B,2300033639,A,A,A,A,A,A,A,A
1861,ASUPALLE BHUVANA CHNADRA REDDY,CSE,HTR,C1,GK11,R505B,2300033774,A,A,A,A,A,A,A,A
1862,MALLIDI VENKATA MANOJ REDDY,CSE,HTE,C1,GK11,R505B,2300033780,A,A,A,A,A,A,A,A
1863,JAHNAVI NUSUM,CSE,HTR,C1,GK11,R505B,2300033809,P,P,P,P,P,P,P,P
1864,DOSAPALLI KALYAN,CSE,HTE,C1,GK11,R505B,2300033906,A,A,A,A,A,A,A,A
1865,SRUTHI SAHASRA,ECE,HTE,C1,GK11,R505B,2300040029,P,P,P,P,P,P,P,P
1866,BATHALA TEJA,ECE,HTE,C1,GK11,R505B,2300040087,A,A,A,A,A,A,A,A
1867,K ANUSHA,ECE,HTR,C1,GK11,R505B,2300040091,P,P,P,P,P,P,P,P
1868,PULI GEETHIKA,ECE,HTE,C1,GK11,R505B,2300040132,A,A,A,A,A,A,A,A
1869,SANIKOMMU MANASA,ECE,HTI,C1,GK11,R505B,2300040140,P,P,P,P,P,P,P,P
1870,D KAVYA,ECE,HTR,C1,GK11,R505B,2300040236,A,A,A,A,A,A,A,A
1871,KATIKI BABY NAGA SAI JASMITHA,ECE,HTE,C1,GK11,R505B,2300040239,A,A,A,A,A,A,A,A
1872,VAMSI KARUMANCHI,ECE,HTI,C1,GK11,R505B,2300040242,P,P,P,P,P,P,P,P
1873,MULLANGI POOJITH RAHUL,ECE,HTE,C1,GK11,R505B,2300040276,P,P,P,P,P,P,P,P
1874,PABBATHI JUHI HIMA VARSHA,ECE,HTI,C1,GK11,R505B,2300040331,P,P,P,P,P,P,P,P
1875,RAYUDU ABHISHEK,ECE,HTE,C1,GK11,R505B,2300040374,A,A,A,A,A,A,A,A
1876,GUNTAKA AMRUTHA,ECE,HTI,C1,GK11,R505B,2300040375,P,P,P,P,P,P,P,P
1877,C HARTHIK,AIDS,HTE,C1,GK11,R505B,2300080208,A,A,A,A,A,A,A,A
1878,KUNAMNENI EEKSHITHA,AIDS,HTR,C1,GK11,R505B,2300080255,P,P,P,P,P,P,P,P
1879,SALIPELA BHAVYANJALI,AIDS,HTR,C1,GK11,R505B,2300080361,P,P,P,P,P,P,P,P
1880,SAI TEJA BASAVA,CSIT,HTE,C1,GK11,R505B,2300090005,A,A,A,A,A,A,A,A
1881,KETEPALLY LAXMIPRIYANKA,CSIT,HTE,C1,GK11,R505B,2300090018,A,A,A,A,A,A,A,A
1882,JAGINI PRANEETHA,CSIT,HTI,C1,GK11,R505B,2300090144,A,A,P,P,P,P,P,P
1883,RENDLA PAVITHRA,CSIT,HTE,C1,GK11,R505B,2300090355,P,P,P,P,P,P,P,P
1884,KANUGONDA KEDHARNATH REDDY,CSIT,HTE,C1,GK11,R505B,2300090396,A,A,A,A,A,A,A,A
1885,AMIRNENI NEEHARIKA,CSE,CSE1,C1,RS11,R506A,2300030030,A,A,P,P,A,A,A,A
1886,ANKATHA SIDDARTHA,CSE,CSE2,C1,RS11,R506A,2300030035,P,P,P,P,P,P,P,P
1887,CHATRATHI ABHIRAM,CSE,CSE1,C1,RS11,R506A,2300030120,P,P,P,P,P,P,P,P
1888,RUSHITHA CHEKURI,CSE,CSE2,C1,RS11,R506A,2300030125,P,P,P,P,P,P,P,P
1889,DARAPU KEERTHANA,CSE,CSE1,C1,RS11,R506A,2300030154,A,A,A,A,A,A,A,A
1890,DUMPA TRIVENI,CSE,CSE1,C1,RS11,R506A,2300030176,A,A,A,A,A,A,A,A
1891,GADDE CAVIN SAM PATRICK,CSE,CSE2,C1,RS11,R506A,2300030187,P,P,P,P,P,P,P,P
1892,GUDURU HEMA HARSHITHA,CSE,CSE1,C1,RS11,R506A,2300030231,P,P,P,P,P,P,P,P
1893,HARITHA VELAGAPUDI,CSE,CSE2,C1,RS11,R506A,2300030248,P,P,P,P,P,P,P,P
1894,VISHNU VAMSI JANNU,CSE,CSE2,C1,RS11,R506A,2300030270,P,P,P,P,P,P,P,P
1895,K BHANU KAMAL,CSE,CSE2,C1,RS11,R506A,2300030287,A,A,A,A,A,A,A,A
1896,KODAVATI ROHITH,CSE,CSE2,C1,RS11,R506A,2300030327,P,P,P,P,P,P,P,P
1897,KOLLI RISHITHA,CSE,CSE1,C1,RS11,R506A,2300030332,P,P,P,P,P,P,P,P
1898,MUDRABOINA SANTHOSH KUMAR,CSE,CSE2,C1,RS11,R506A,2300030387,P,P,P,P,P,P,P,P
1899,MORUSU JYOSHNA,CSE,CSE1,C1,RS11,R506A,2300030443,A,A,A,A,A,A,P,P
1900,NAKKA TRILOKESH,CSE,CSE2,C1,RS11,R506A,2300030466,P,P,P,P,P,P,P,P
1901,NARAMANENI SPOORTHY,CSE,CSE1,C1,RS11,R506A,2300030477,P,P,P,P,P,P,P,P
1902,P. LAKSHMI PRASANNA,CSE,CSE1,C1,RS11,R506A,2300030488,P,P,P,P,P,P,P,P
1903,PAPOLU BHANU HARSHINI,CSE,CSE2,C1,RS11,R506A,2300030510,A,A,A,A,A,A,A,A
1904,SADDALA SAI DEEPIKA,CSE,CSE1,C1,RS11,R506A,2300030592,A,A,A,A,A,A,A,A
1905,SHAIK ABDUL AZEEZ,CSE,CSE2,C1,RS11,R506A,2300030611,A,A,A,A,A,A,A,A
1906,SINGIRIKONDA SAI MAHIMA,CSE,CSE1,C1,RS11,R506A,2300030641,P,P,P,P,P,P,P,P
1907,NISHITHA SIRAPU,CSE,CSE1,C1,RS11,R506A,2300030642,A,A,A,A,A,A,A,A
1908,THOTA JAI SAI SANKAR,CSE,CSE2,C1,RS11,R506A,2300030677,A,A,A,A,A,A,A,A
1909,VADDAMANI PALLAVI,CSE,CSE1,C1,RS11,R506A,2300030696,P,P,P,P,P,P,P,P
1910,RUTWEEK BHAGWAN VAIDYA,CSE,CSE1,C1,RS11,R506A,2300030699,A,A,A,A,A,A,A,A
1911,KALLI RANJIT,CSE,CSE2,C1,RS11,R506A,2300030772,A,A,A,A,A,A,A,A
1912,JAKKULA VAMSI,CSE,CSE1,C1,RS11,R506A,2300030776,P,P,P,P,A,A,A,A
1913,MOHAMMAD MUSHTHAQUDDIN,CSE,CSE1,C1,RS11,R506A,2300030908,A,A,A,A,A,A,A,A
1914,VINNAKOTA SAI SHANMUKH,CSE,CSE1,C1,RS11,R506A,2300030914,P,P,P,P,P,P,P,P
1915,PESHIMAM ASHAR MOHAMMED,CSE,CSE1,C1,RS11,R506A,2300030935,P,P,P,P,P,P,P,P
1916,ISRATH YASIN AHAMAD SHAIK,CSE,CSE2,C1,RS11,R506A,2300030973,P,P,P,P,P,P,P,P
1917,VARIKUTI LAKSHMI SATYA SRI,CSE,CSE2,C1,RS11,R506A,2300031053,A,A,A,A,A,A,A,A
1918,YAKKANTI SAI HAVINASH REDDY,CSE,CSE2,C1,RS11,R506A,2300031076,P,P,P,P,P,P,P,P
1919,RAJULA KUNDAN SAI KALYAN REDDY,CSE,CSE2,C1,RS11,R506A,2300031122,P,P,P,P,P,P,P,P
1920,VAYUGUNDLA VENKATA SIVA AASRITH,CSE,CSE1,C1,RS11,R506A,2300031167,P,P,P,P,P,P,P,P
1921,CHINTHALAPUDI PHANI KRISHNA VISHAL,CSE,CSE1,C1,RS11,R506A,2300031183,A,A,A,A,A,A,A,A
1922,PATHAPATI SUBBU KAMAKSHI JYOTHSNA,CSE,CSE1,C1,RS11,R506A,2300031190,P,P,P,P,P,P,P,P
1923,AJJUGUTTU SAI RAM REDDY,CSE,CSE2,C1,RS11,R506A,2300031252,P,P,P,P,P,P,P,P
1924,PALACHARLA SIVA GANESH,CSE,CSE2,C1,RS11,R506A,2300031308,P,P,P,P,P,P,P,P
1925,GOWRI LOHITH REDDY,CSE,CSE2,C1,RS11,R506A,2300031345,A,A,A,A,A,A,A,A
1926,SHAIK ABDUL KHADAR ZILANI,CSE,CSE1,C1,RS11,R506A,2300031356,P,P,P,P,P,P,P,P
1927,MADDINENI NAGA CHAITANYA KRISHNA,CSE,CSE2,C1,RS11,R506A,2300031371,P,P,P,P,P,P,P,P
1928,NITHIN KUMAR KOPPISETTI,CSE,CSE2,C1,RS11,R506A,2300031401,P,P,P,P,P,P,P,P
1929,KELAM SRI DIVYA HARSHITHA,CSE,CSE1,C1,RS11,R506A,2300031423,A,A,A,A,A,A,A,A
1930,MANDADI RAJESH ROSHAN,CSE,CSE2,C1,RS11,R506A,2300031524,P,P,P,P,P,P,P,P
1931,VADLAPATLA KRISHNA MOHAN,CSE,CSE2,C1,RS11,R506A,2300031540,P,P,P,P,P,P,P,P
1932,MARGANI DHEERAJ NAGA SAI SUBHASH,CSE,CSE2,C1,RS11,R506A,2300031575,P,P,P,P,P,P,P,P
1933,BALLA KODANDA VENKATA SURYATEJA,CSE,CSE1,C1,RS11,R506A,2300031579,A,A,A,A,A,A,A,A
1934,SANTOSH DANDANGI,CSE,CSE2,C1,RS11,R506A,2300031694,A,A,A,A,A,A,A,A
1935,TALLA SATYA KALYAN SRI TEJA,CSE,CSE1,C1,RS11,R506A,2300031765,P,P,P,P,P,P,P,P
1936,VINJARAPU VENKATA SATYA SAI LALITH PRASAD,CSE,CSE1,C1,RS11,R506A,2300031817,A,A,A,A,A,A,A,A
1937,VUDUMULA SATHWIKA REDDY,CSE,CSE2,C1,RS11,R506A,2300031912,A,A,A,A,A,A,A,A
1938,NAGA SRI HARSHA,CSE,CSE2,C1,RS11,R506A,2300031935,P,P,P,P,P,P,P,P
1939,KOULURI MITHIN,CSE,CSE2,C1,RS11,R506A,2300031977,P,P,P,P,P,P,P,P
1940,MUDIGONDASUHAS,CSE,CSE2,C1,RS11,R506A,2300032038,P,P,P,P,P,P,P,P
1941,YANNAM DURGA BHAVANI,CSE,CSE1,C1,RS11,R506A,2300032092,P,P,P,P,P,P,P,P
1942,YARAMAREDDY VINUTHNA,CSE,CSE1,C1,RS11,R506A,2300032182,P,P,P,P,P,P,P,P
1943,SAIMEGHANA,CSE,CSE2,C1,RS11,R506A,2300032218,P,P,P,P,P,P,P,P
1944,MEKA CHANDU,CSE,CSE1,C1,RS11,R506A,2300032272,P,P,P,P,P,P,P,P
1945,GUDEPU LAKSHMI RAJA RAM,CSE,CSE1,C1,RS11,R506A,2300032377,A,A,A,A,A,A,A,A
1946,NAGARAJU LAKSHMI GAYATHRI,CSE,CSE2,C1,RS11,R506A,2300032400,P,P,P,P,P,P,P,P
1947,VELPURI LAKSHMI KIRAN,CSE,CSE2,C1,RS11,R506A,2300032406,P,P,P,P,P,P,P,P
1948,DASARI SIVA NAGA DILEEP KUMAR,CSE,CSE2,C1,RS11,R506A,2300032414,P,P,P,P,P,P,P,P
1949,HASRITHA DEVALLA,CSE,CSE2,C1,RS11,R506A,2300032465,A,A,A,A,A,A,A,A
1950,BURADA SATYA SATVIKA,CSE,CSE2,C1,RS11,R506A,2300032533,A,A,A,A,A,A,A,A
1951,VIGNESH PULIPATI,CSE,CSE1,C1,RS11,R506A,2300032549,P,P,P,P,P,P,P,P
1952,POTHAMSETTI VENKATA NAGA MANISHA,CSE,CSE2,C1,RS11,R506A,2300032585,A,A,A,A,A,A,A,A
1953,ANUSHA CHALLAPALLI,CSE,CSE1,C1,RS11,R506A,2300032634,P,P,P,P,P,P,P,P
1954,JANNU VISHNU PRIYANKA,CSE,CSE1,C1,RS11,R506A,2300032742,P,P,P,P,P,P,P,P
1955,BIKKINA SRI VARSHINI,CSE,CSE2,C1,RS11,R506A,2300032750,A,A,A,A,A,A,A,A
1956,GUJJULA JYOTHI SAI VENKATA VYSHNAVI,CSE,CSE1,C1,RS11,R506A,2300032768,P,P,P,P,P,P,P,P
1957,SHAIK MOHAMMAD MUAAZ,CSE,CSE2,C1,RS11,R506A,2300032858,A,A,A,A,A,A,A,A
1958,KADALI THANOJ KUMAR,CSE,CSE2,C1,RS11,R506A,2300032859,P,P,P,P,P,P,P,P
1959,B.KESHAVA NAIDU,CSE,CSE2,C1,RS11,R506A,2300032899,P,P,P,P,P,P,P,P
1960,VENGALA MOUNIKA,CSE,CSE1,C1,RS11,R506A,2300032943,P,P,P,P,P,P,P,P
1961,NALI NANDINI,CSE,CSE2,C1,RS11,R506A,2300032967,A,A,A,A,A,A,A,A
1962,SUSHMAPODILI,CSE,CSE2,C1,RS11,R506A,2300032968,P,P,P,P,P,P,P,P
1963,SABBAVARAPU YESWANTH SIVA KUMAR,CSE,CSE1,C1,RS11,R506A,2300033027,A,A,A,A,A,A,A,A
1964,BANDA BHAVYASRI LAKSHMI MAYUKHA,CSE,CSE2,C1,RS11,R506A,2300033029,P,P,P,P,P,P,P,P
1965,CHAPPIDI LOWKHYA NANDINI REDDY,CSE,CSE2,C1,RS11,R506A,2300033036,P,P,P,P,P,P,P,P
1966,K.CHAITANYA KUMAR REDDY,CSE,CSE2,C1,RS11,R506A,2300033066,P,P,P,P,P,P,P,P
1967,MARAMSETTY SAI AISHWARYA,CSE,CSE1,C1,RS11,R506A,2300033118,P,P,P,P,P,P,P,P
1968,SHAIK MANDURU NILOUFER,CSE,CSE1,C1,RS11,R506A,2300033216,P,P,P,P,P,P,P,P
1969,CHINTHAGUNTA AASRITHA,CSE,CSE1,C1,RS11,R506A,2300033219,P,P,P,P,P,P,P,P
1970,PAIDIMARRY VARUN SAI,CSE,CSE1,C1,RS11,R506A,2300033246,P,P,P,P,P,P,P,P
1971,KOTHAGUNDLA HARSHITHA,CSE,CSE1,C1,RS11,R506A,2300033251,A,A,P,P,A,A,A,A
1972,KAVYASREE PARASELLI,CSE,CSE1,C1,RS11,R506A,2300033337,P,P,P,P,P,P,P,P
1973,MACHARAM PRANEETH,CSE,CSE1,C1,RS11,R506A,2300033361,A,A,A,A,A,A,A,A
1974,MUPPALA YUVARAJU,CSE,CSE2,C1,RS11,R506A,2300033400,P,P,P,P,P,P,P,P
1975,RAGHURAM ADDANKI,CSE,CSE2,C1,RS11,R506A,2300033413,P,P,P,P,P,P,P,P
1976,ANE SAI SPOORTHY,CSE,CSE1,C1,RS11,R506A,2300033416,P,P,P,P,P,P,P,P
1977,PALADUGU AAKASH,CSE,CSE2,C1,RS11,R506A,2300033462,P,P,P,P,P,P,P,P
1978,CHANDU AKHIL,CSE,CSE2,C1,RS11,R506A,2300033509,A,A,A,A,A,A,A,A
1979,SAKALA NEERAJ,CSE,CSE1,C1,RS11,R506A,2300033528,P,P,P,P,P,P,P,P
1980,KOTLA GOPICHAND,CSE,CSE1,C1,RS11,R506A,2300033555,P,P,P,P,P,P,P,P
1981,KOLLI JAYANTH ESWAR,CSE,CSE2,C1,RS11,R506A,2300033578,P,P,P,P,P,P,P,P
1982,NANDYALA SAI SOWMYA,CSE,CSE1,C1,RS11,R506A,2300033675,P,P,P,P,P,P,P,P
1983,JUPUDIGURUVARDHANACHARY,CSE,CSE2,C1,RS11,R506A,2300033691,A,A,A,A,A,A,A,A
1984,BANDLAMUDI SARANYA,CSE,CSE2,C1,RS11,R506A,2300033888,A,A,P,P,P,P,P,P
1985,ADUSUMALLI MANASVI,CSE,CSE2,C2,SI22,R506B,2300030001,P,P,P,P,P,P,P,P
1986,ANKITH CHOWDARY,CSE,CSE2,C2,SI22,R506B,2300030038,P,P,P,P,P,P,P,P
1987,ARYAN YALAVARTHI,CSE,HTE,C2,SI22,R506B,2300030049,P,P,P,P,P,P,P,P
1988,DASARI HARI CHARAN,CSE,CSE1,C2,SI22,R506B,2300030157,P,P,P,P,P,P,P,P
1989,DOLA AVINASH,CSE,HTE,C2,SI22,R506B,2300030169,P,P,P,P,P,P,P,P
1990,DUGGEMPUDI THANUJ REDDY,CSE,HTE,C2,SI22,R506B,2300030174,P,P,P,P,P,P,P,P
1991,JAVVAJI JYOTHI KEERTHANA,CSE,HTE,C2,SI22,R506B,2300030278,P,P,P,P,P,P,P,P
1992,JEENEPALLY ADISESHU,CSE,HTE,C2,SI22,R506B,2300030279,P,P,P,P,P,P,P,P
1993,KAKA MOULI BRAHMA,CSE,CSE1,C2,SI22,R506B,2300030284,P,P,P,P,P,P,P,P
1994,KOTHAGUNDLA NOKESH,CSE,CSE2,C2,SI22,R506B,2300030357,A,A,A,A,A,A,A,A
1995,MARADA MANIKANTA,CSE,HTE,C2,SI22,R506B,2300030407,A,A,A,A,P,P,P,P
1996,MOHAMMED ABDUL REHMAN,CSE,CSE3,C2,SI22,R506B,2300030436,P,P,P,P,P,P,P,P
1997,NEKKANTI SAI VIGHNESH,CSE,CSE2,C2,SI22,R506B,2300030455,P,P,P,P,P,P,P,P
1998,POREDDY SIDDARTHA REDDY,CSE,CSE3,C2,SI22,R506B,2300030547,A,A,A,A,A,A,A,A
1999,ADITYA REDDY,CSE,CSE2,C2,SI22,R506B,2300030551,P,P,P,P,P,P,P,P
2000,SHAIK ABDULHAFEEZ,CSE,CSE2,C2,SI22,R506B,2300030612,P,P,P,P,P,P,P,P
2001,SINGIREDDY VARUN REDDY,CSE,CSE2,C2,SI22,R506B,2300030640,P,P,P,P,P,P,P,P
2002,VANGAVOLU SAI KEERTHI,CSE,CSE2,C2,SI22,R506B,2300030706,P,P,P,P,P,P,P,P
2003,MUNI VENKATA ROHITH VEMA,CSE,HTE,C2,SI22,R506B,2300030722,P,P,P,P,P,P,P,P
2004,YENUMULA MEGAN REDDY,CSE,CSE3,C2,SI22,R506B,2300030760,P,P,P,P,P,P,P,P
2005,KUMMARI SHIVARAM,CSE,HTI,C2,SI22,R506B,2300030810,A,A,A,A,A,A,A,A
2006,BODDHAPU HAREENDRA,CSE,HTR,C2,SI22,R506B,2300030857,P,P,P,P,P,P,P,P
2007,VAMSI KRISHNA NAGUMOTU,CSE,CSE1,C2,SI22,R506B,2300030922,P,P,P,P,P,P,P,P
2008,MONISHA LAKSHMI MADDI,CSE,CSE2,C2,SI22,R506B,2300030930,P,P,P,P,P,P,P,P
2009,ANCHURI YOGA NARSI REDDY,CSE,CSE4,C2,SI22,R506B,2300030939,P,P,P,P,P,P,P,P
2010,BOBBILI SIVA RAMA KRISHNA,CSE,CSE1,C2,SI22,R506B,2300030984,P,P,P,P,P,P,P,P
2011,GUDIPATI LAYAVARDHAN REDDY,CSE,HTE,C2,SI22,R506B,2300031034,P,P,P,P,P,P,A,A
2012,VENNAPUREDDY RISHITHA REDDY,CSE,HTE,C2,SI22,R506B,2300031055,P,P,P,P,A,A,A,A
2013,ADDEPALLI NAGA SAI CHAITANYA,CSE,CSE1,C2,SI22,R506B,2300031057,P,P,P,P,P,P,A,A
2014,CHITTAMURU VENKATA S YASWANTH KUMAR,CSE,HTR,C2,SI22,R506B,2300031198,A,A,A,A,A,A,A,A
2015,KAKARLA LEELA PENCHALA SAI KRISHNA,CSE,CSE1,C2,SI22,R506B,2300031202,A,A,A,A,A,A,A,A
2016,PENUMARTHI GOVINDA SAI HARSHAVARDHAN,CSE,CSE1,C2,SI22,R506B,2300031220,P,P,P,P,P,P,P,P
2017,KONJETI GNANA VENKATA NAGA GOPI PRASANTH,CSE,CSE1,C2,SI22,R506B,2300031235,P,P,P,P,P,P,P,P
2018,BHOJANAPALLI NAGA VENKATA DURGA OM JNAANESH,CSE,CSE3,C2,SI22,R506B,2300031244,P,P,P,P,A,A,A,A
2019,JOSHETHA MAHESWARI POLIREDDY,CSE,HTE,C2,SI22,R506B,2300031264,A,A,A,A,A,A,A,A
2020,BOMMIDI SREE PRANATHI,CSE,CSE2,C2,SI22,R506B,2300031339,P,P,P,P,P,P,P,P
2021,SINGALURI VENKATA SAI RAM,CSE,CSE4,C2,SI22,R506B,2300031437,P,P,P,P,P,P,P,P
2022,GOWTHAM ADAPA,CSE,CSE2,C2,SI22,R506B,2300031448,A,A,A,A,A,A,A,A
2023,DEVABHAKTHUNI BHAVANI,CSE,CSE1,C2,SI22,R506B,2300031461,P,P,P,P,P,P,P,P
2024,KOTTE YASWANTH SAI,CSE,CSE1,C2,SI22,R506B,2300031475,A,A,A,A,A,A,A,A
2025,KALAGARLA GOVARDHINI SRIHITHA,CSE,CSE1,C2,SI22,R506B,2300031485,A,A,A,A,A,A,A,A
2026,BACHAMPALLY SAIPRANEETH,CSE,HTE,C2,SI22,R506B,2300031549,P,P,P,P,P,P,P,P
2027,ABHISHEK MAMIDI,CSE,CSE2,C2,SI22,R506B,2300031571,A,A,A,A,A,A,A,A
2028,PASUPULETI REVATHI MEENAKSHI,CSE,CSE2,C2,SI22,R506B,2300031690,P,P,P,P,P,P,A,A
2029,BURLA LAKSHMI PRASANNA,CSE,CSE1,C2,SI22,R506B,2300031726,P,P,P,P,P,P,P,P
2030,NAGA SAHITHYA,CSE,CSE1,C2,SI22,R506B,2300031892,P,P,P,P,P,P,P,P
2031,JAGAN MOHAN REDDY VEDURU,CSE,CSE2,C2,SI22,R506B,2300031899,P,P,P,P,P,P,P,P
2032,TALLURI JAYA SANKAR HARSHIT,CSE,HTI,C2,SI22,R506B,2300031945,A,A,A,A,A,A,A,A
2033,PASUMARTHI SAI MANIKANTA,CSE,CSE1,C2,SI22,R506B,2300031961,P,P,P,P,P,P,P,P
2034,YAKKATI JYOTHINADH,CSE,CSE1,C2,SI22,R506B,2300031967,A,A,A,A,A,A,A,A
2035,GORLE JYOTHI PAVAN PRAKASH,CSE,CSE1,C2,SI22,R506B,2300031973,P,P,P,P,P,P,P,P
2036,KUSAM KOMAL VISHNU VENKATA REDDY,CSE,CSE1,C2,SI22,R506B,2300032086,P,P,P,P,P,P,P,P
2037,SUNKARA HIMANISH SRI SAI,CSE,CSE2,C2,SI22,R506B,2300032090,A,A,A,A,A,A,A,A
2038,SHAIK ABDUL RAQEEB,CSE,CSE1,C2,SI22,R506B,2300032292,A,A,A,A,A,A,A,A
2039,MANASA TAMMANA,CSE,CSE2,C2,SI22,R506B,2300032299,P,P,P,P,P,P,P,P
2040,M. TARUN SIVA KUMAR,CSE,HTI,C2,SI22,R506B,2300032334,P,P,P,P,P,P,P,P
2041,GANGAVARAPU SRAVANTHI,CSE,HTE,C2,SI22,R506B,2300032420,A,A,A,A,A,A,A,A
2042,VEDULLA VASAVI PAVITRA HANUMA SRI,CSE,CSE1,C2,SI22,R506B,2300032448,A,A,A,A,A,A,A,A
2043,B SAHITHYA,CSE,CSE1,C2,SI22,R506B,2300032509,A,A,A,A,A,A,A,A
2044,VARIKUTI JAGAN MOHAN REDDY,CSE,HTE,C2,SI22,R506B,2300032523,A,A,A,A,A,A,A,A
2045,NUNE SRI DURGA,CSE,HTE,C2,SI22,R506B,2300032568,A,A,A,A,A,A,A,A
2046,PRUDHVI RAJ YENUMULA,CSE,CSE2,C2,SI22,R506B,2300032654,P,P,P,P,P,P,P,P
2047,SURUBHOTLA SRI RAM SAKETH,CSE,CSE1,C2,SI22,R506B,2300032669,P,P,P,P,P,P,P,P
2048,DEEPAN CHANDRASEKARAN,CSE,CSE3,C2,SI22,R506B,2300032731,P,P,P,P,P,P,P,P
2049,VANGIPURAPU JAYANTH SRI SAI,CSE,CSE1,C2,SI22,R506B,2300032760,A,A,A,A,A,A,P,P
2050,REETHIKA MUPPIDI,CSE,CSE1,C2,SI22,R506B,2300032779,A,A,A,A,A,A,A,A
2051,CHAKKA KAVYA VENKATA NAGA SATYA HARSHITHA,CSE,CSE2,C2,SI22,R506B,2300033001,P,P,P,P,P,P,P,P
2052,BARLA VENKATA VIGNESH SREE CHARAN,CSE,CSE1,C2,SI22,R506B,2300033010,P,P,P,P,P,P,P,P
2053,J UMESH CHANDRA,CSE,CSE1,C2,SI22,R506B,2300033105,P,P,P,P,P,P,P,P
2054,MULAGADA VENKATA HEMANTH,CSE,CSE3,C2,SI22,R506B,2300033113,A,A,A,A,A,A,A,A
2055,KATHARI GIRISH KUMAR,CSE,CSE2,C2,SI22,R506B,2300033271,P,P,P,P,P,P,P,P
2056,NIHARIKA KAKI,CSE,HTE,C2,SI22,R506B,2300033494,P,P,P,P,P,P,P,P
2057,ILU JESHWANTH,CSE,CSE4,C2,SI22,R506B,2300033541,A,A,A,A,P,P,P,P
2058,HASRITHA RAYAVARAM,CSE,HTR,C2,SI22,R506B,2300033608,P,P,P,P,P,P,P,P
2059,NAVULURU V S M BALA YASASWI,CSE,HTI,C2,SI22,R506B,2300033733,A,A,A,A,A,A,A,A
2060,RESHMA PAAVANI MANCHEM,CSE,CSE1,C2,SI22,R506B,2300033811,A,A,A,A,A,A,A,A
2061,ROHITH PARVATHANENI,CSE,CSE1,C2,SI22,R506B,2300033870,P,P,P,P,P,P,P,P
2062,BATTULA MOHAN PRIYA VARDHAN REDDY,CSE,HTE,C2,SI22,R506B,2300033900,A,A,A,A,A,A,A,A
2063,THATAVARTHI KEERTI CHANDAN,CSE,HTE,C2,SI22,R506B,2300033901,P,P,P,P,P,P,P,P
2064,MAYAKUNTLA LAKSHMI VIJAYA,CSE,CSE3,C2,SI22,R506B,2300039013,P,P,P,P,P,P,P,P
2065,KANCHARLAPALLI ESHWAR KRISHNA,CSE,CSE3,C2,SI22,R506B,2300039063,P,P,P,P,P,P,P,P
2066,PRAPULKRISHNA SHAIK,CSE,HTI,C2,SI22,R506B,2300039099,P,P,P,P,P,P,P,P
2067,RUSHENDRA NAIDU YERRAMSETTI,CSE,CSE3,C2,SI22,R506B,2300039104,A,A,A,A,A,A,A,A
2068,GALLA NANDA SIVA SRINIVAS,CSE,CSE3,C2,SI22,R506B,2300039112,A,A,A,A,P,P,P,P
2069,SHAIK VALIYA BABJI,CSE,CSE3,C2,SI22,R506B,2300039117,A,A,A,A,P,P,P,P
2070,POTLA AKSHAYA SRI,CSE,CSE3,C2,SI22,R506B,2300039122,P,P,P,P,P,P,P,P
2071,THOTA RISHI KUMAR,CSE,CSE3,C2,SI22,R506B,2300039134,A,A,A,A,A,A,A,A
2072,MUNNANGI LAKSHMI NARASIMHA REDDY,CSE,CSE3,C2,SI22,R506B,2300039139,P,P,P,P,P,P,P,P
2073,BHANU ANDE,CSE,CSE3,C2,SI22,R506B,2300039147,P,P,P,P,P,P,P,P
2074,AKI NAGA VENKATA SRI NOWSHIDH,ECE,ECE,C2,SI22,R506B,2300040050,P,P,P,P,P,P,P,P
2075,MARLA NANDAKISHOR REDDY,ECE,ECE,C2,SI22,R506B,2300040177,P,P,P,P,P,P,P,P
2076,CHEEMAKURTHI VENKATA SAI LAKSHMI GAYATHRI,ECE,ECE,C2,SI22,R506B,2300040430,P,P,P,P,P,P,P,P
2077,MEDA SIVA SAI RAGHAVENDRA PRASAD,ECE,ECE,C2,SI22,R506B,2300049001,P,P,P,P,P,P,P,P
2078,G.RAGASUJITH,ECE,ECE,C2,SI22,R506B,2300049144,P,P,P,P,P,P,P,P
2079,M SAI PAAVAN KUMAR REDDY,EEE,EEE,C2,SI22,R506B,2300060005,A,A,A,A,A,A,A,A
2080,DRONAVALLI ANUHYA,AIDS,HTR,C2,SI22,R506B,2300080091,A,A,A,A,A,A,A,A
2081,PANYAM HIMA BINDU,AIDS,AIDS,C2,SI22,R506B,2300080113,A,A,A,A,A,A,A,A
2082,KAVYA PULIPATI,AIDS,AIDS,C2,SI22,R506B,2300080152,P,P,P,P,A,A,A,A
2083,POORNIMA DATLA,AIDS,HTE,C2,SI22,R506B,2300080217,P,P,P,P,P,P,P,P
2084,ANDHAVARAPU SURYA PRAKASH,AIDS,AIDS,C2,SI22,R506B,2300080245,A,A,A,A,A,A,A,A
2085,VUPPALAPATTI SURYA THEJA,AIDS,AIDS,C2,SI22,R506B,2300080283,P,P,P,P,P,P,P,P
2086,TAPPA KAMAL HUSSAIN,AIDS,AIDS,C2,SI22,R506B,2300080299,A,A,A,A,A,A,A,A
2087,PALAGIRI RUDRA CHARAN,AIDS,AIDS,C2,SI22,R506B,2300080342,P,P,P,P,P,P,P,P
2088,PADALA TEJASRI REDDY,CSIT,HTR,C2,SI22,R506B,2300090249,P,P,P,P,P,P,P,P
2089,SHAIK SHAHID AMEER,CSIT,CSIT,C2,SI22,R506B,2300090402,A,A,A,A,P,P,P,P
2090,ALAMURI RUSHIL MURARI,CSE,CSE3,C1,CGN13,R507A,2300030023,P,P,P,P,P,P,P,P
2091,CH.V.DHEERAJ,CSE,CSE3,C1,CGN13,R507A,2300030109,P,P,P,P,P,P,P,P
2092,DEEKSHITHA CHAPA,CSE,CSE3,C1,CGN13,R507A,2300030118,P,P,P,P,P,P,P,P
2093,CHIKKAM SIVA RAMA VINAY,CSE,CSE3,C1,CGN13,R507A,2300030134,P,P,A,A,A,A,A,A
2094,E.SNEHA,CSE,CSE3,C1,CGN13,R507A,2300030179,A,A,A,A,A,A,A,A
2095,GETTEM SIRI,CSE,CSE3,C1,CGN13,R507A,2300030208,P,P,P,P,P,P,P,P
2096,POOJITH REDDY GUNTAKA,CSE,CSE3,C1,CGN13,R507A,2300030240,A,A,A,A,A,A,A,A
2097,GURRAM JEEVAN SURYA,CSE,CSE3,C1,CGN13,R507A,2300030246,A,A,A,A,A,A,A,A
2098,J. VEDA SAMHITH REDDY,CSE,CSE3,C1,CGN13,R507A,2300030259,A,A,A,A,A,A,A,A
2099,JAHNAVI DEVI,CSE,CSE3,C1,CGN13,R507A,2300030261,P,P,P,P,P,P,P,P
2100,MOGILISETTY JYOTHIKA,CSE,CSE3,C1,CGN13,R507A,2300030430,P,P,P,P,P,P,P,P
2101,NANDIVELUGU KARTHIVANI,CSE,CSE3,C1,CGN13,R507A,2300030475,P,P,P,P,P,P,P,P
2102,SOUDAGAR MEHEK TEHSEEN,CSE,CSE3,C1,CGN13,R507A,2300030648,A,A,A,A,P,P,P,P
2103,AKSHAYA SUNKAVALLI,CSE,CSE3,C1,CGN13,R507A,2300030655,P,P,P,P,P,P,P,P
2104,MANIKANTH THIKKISETTTY,CSE,CSE3,C1,CGN13,R507A,2300030676,A,A,A,A,A,A,A,A
2105,VELPULA DURGA PRASAD,CSE,CSE3,C1,CGN13,R507A,2300030721,P,P,P,P,P,P,P,P
2106,VEMALAPAVANI,CSE,CSE3,C1,CGN13,R507A,2300030723,P,P,P,P,P,P,P,P
2107,YARREDDU SRI LAKSHMI,CSE,CSE3,C1,CGN13,R507A,2300030750,P,P,P,P,P,P,P,P
2108,KADIYAM SIRISHA,CSE,CSE3,C1,CGN13,R507A,2300030806,P,P,P,P,P,P,P,P
2109,BALLA POOJITH RAJ,CSE,CSE3,C1,CGN13,R507A,2300030816,P,P,P,P,P,P,P,P
2110,PONNALURI LAKSHMI SARANYA,CSE,CSE3,C1,CGN13,R507A,2300030968,P,P,P,P,P,P,P,P
2111,KISHAN REDDY YARRAPANENI,CSE,CSE3,C1,CGN13,R507A,2300030979,P,P,P,P,P,P,P,P
2112,KARIBANDI AKSHAYA ANURADHA,CSE,CSE3,C1,CGN13,R507A,2300030995,A,A,A,A,A,A,A,A
2113,HEMA CHANDRA REDDY,CSE,CSE3,C1,CGN13,R507A,2300031120,P,P,P,P,P,P,P,P
2114,ALEKHAYA SUCHANDRIKA DEVI,CSE,CSE3,C1,CGN13,R507A,2300031209,P,P,P,P,P,P,P,P
2115,VEMURI VENKATA NAGA SAI SRI HARSHAD,CSE,CSE3,C1,CGN13,R507A,2300031215,P,P,P,P,P,P,P,P
2116,KOPPISETTY PURNA SRI DANESWARI BHAVYA,CSE,CSE3,C1,CGN13,R507A,2300031218,A,A,A,A,A,A,A,A
2117,KONDAPALLI GOPAL CHOWDARY,CSE,CSE3,C1,CGN13,R507A,2300031315,P,P,P,P,P,P,A,A
2118,PALANATI KUSHAL,CSE,CSE3,C1,CGN13,R507A,2300031426,A,A,A,A,A,A,A,A
2119,KOTA SADGUNA RAO,CSE,CSE3,C1,CGN13,R507A,2300031431,A,A,A,A,A,A,A,A
2120,AKHIL GAIKWAD,CSE,CSE3,C1,CGN13,R507A,2300031529,P,P,A,A,A,A,A,A
2121,PINNAMANENI ROHITH VENKATA SAI,CSE,CSE3,C1,CGN13,R507A,2300031556,P,P,P,P,P,P,P,P
2122,ONGOLU SRI KRISHNA,CSE,CSE3,C1,CGN13,R507A,2300031620,P,P,P,P,P,P,P,P
2123,SATTENAPALLI PAVAN KUMAR,CSE,CSE3,C1,CGN13,R507A,2300031670,A,A,A,A,A,A,A,A
2124,SANKURATRI MOHANA SAI SRI PRANATHI,CSE,CSE3,C1,CGN13,R507A,2300031730,A,A,A,A,A,A,P,P
2125,BANDARU SAI VENKAT RAM,CSE,CSE3,C1,CGN13,R507A,2300031764,P,P,P,P,P,P,P,P
2126,BOPPANA NAGA SAI VENKATA DINISH,CSE,CSE3,C1,CGN13,R507A,2300031805,A,A,A,A,A,A,A,A
2127,SOMALANKA SIVA NAGA VENKATA TRINATH,CSE,CSE3,C1,CGN13,R507A,2300031926,P,P,P,P,P,P,A,A
2128,DHANEKULA SUNIL KUMAR,CSE,CSE3,C1,CGN13,R507A,2300032016,A,A,A,A,A,A,A,A
2129,KONDA NANDINI REDDY,CSE,CSE3,C1,CGN13,R507A,2300032022,A,A,A,A,A,A,A,A
2130,KONAKALLA HARIKA,CSE,CSE3,C1,CGN13,R507A,2300032105,P,P,P,P,P,P,P,P
2131,SEREDDY LOKESH,CSE,CSE3,C1,CGN13,R507A,2300032164,P,P,P,P,P,P,P,P
2132,YALAPALLI TRIPURANDHESWARI,CSE,CSE3,C1,CGN13,R507A,2300032170,A,A,A,A,A,A,A,A
2133,RAM_LOKESH_MALEPATI,CSE,CSE3,C1,CGN13,R507A,2300032273,P,P,P,P,P,P,P,P
2134,LALITH PAVAN CHEEDELLA,CSE,CSE3,C1,CGN13,R507A,2300032418,A,A,A,A,A,A,A,A
2135,VEERAPANENI VAMSI KRISHNA,CSE,CSE3,C1,CGN13,R507A,2300032421,P,P,P,P,P,P,P,P
2136,V SAINADH REDDY,CSE,CSE3,C1,CGN13,R507A,2300032496,P,P,P,P,P,P,P,P
2137,HEMANTHSAI GUBBALA,CSE,CSE3,C1,CGN13,R507A,2300032508,A,A,A,A,A,A,A,A
2138,VARIKUTI HARI PRATHAP REDDY,CSE,CSE3,C1,CGN13,R507A,2300032522,A,A,A,A,A,A,A,A
2139,VIJAYKUMARGOPU,CSE,CSE3,C1,CGN13,R507A,2300032526,A,A,A,A,A,A,A,A
2140,V. JYOTHI SWAROOP,CSE,CSE3,C1,CGN13,R507A,2300032529,P,P,P,P,P,P,P,P
2141,KAKARLAPUDI KOUSHIL VARMA,CSE,CSE3,C1,CGN13,R507A,2300032614,P,P,P,P,P,P,P,P
2142,BUTTI PURUSHOTHAM REDDY,CSE,CSE3,C1,CGN13,R507A,2300032653,A,A,A,A,A,A,A,A
2143,SHAIK SAMIYA,CSE,CSE3,C1,CGN13,R507A,2300032675,P,P,P,P,P,P,P,P
2144,MEESALA NAGESWARA SATHVIK,CSE,CSE3,C1,CGN13,R507A,2300032686,A,A,A,A,A,A,A,A
2145,LAKSHMI NIKHITA ALLA,CSE,CSE3,C1,CGN13,R507A,2300032688,P,P,P,P,P,P,P,P
2146,VENKATA SAI RAMISETTY,CSE,CSE3,C1,CGN13,R507A,2300032707,A,A,A,A,A,A,A,A
2147,YASWANTH SRI SAI CHAVALA,CSE,CSE3,C1,CGN13,R507A,2300032745,A,A,A,A,A,A,A,A
2148,MANASWINI VAKKANTHULA,CSE,CSE3,C1,CGN13,R507A,2300032756,A,A,A,A,A,A,A,A
2149,PUTLURU UDAY KUMAR REDDY,CSE,CSE3,C1,CGN13,R507A,2300032807,P,P,P,P,P,P,P,P
2150,PADALA SRI GOPI PRASANTH,CSE,CSE3,C1,CGN13,R507A,2300032815,A,A,A,A,A,A,A,A
2151,SURAPANENI NANDHINI SAI,CSE,CSE3,C1,CGN13,R507A,2300032821,P,P,P,P,P,P,P,P
2152,SHAIK ASDAQ KHUNDMEER,CSE,CSE3,C1,CGN13,R507A,2300032830,A,A,A,A,A,A,A,A
2153,SHAIK NAGULMEERA,CSE,CSE3,C1,CGN13,R507A,2300032913,A,A,A,A,A,A,A,A
2154,BANDI PAVAN KUMAR,CSE,CSE3,C1,CGN13,R507A,2300032915,A,A,A,A,A,A,A,A
2155,MALLAMPALLI HARI SRINIVASA RAO,CSE,CSE3,C1,CGN13,R507A,2300033031,P,P,P,P,A,A,A,A
2156,SIVASHANKARREDDY,CSE,CSE3,C1,CGN13,R507A,2300033046,A,A,A,A,A,A,A,A
2157,CH.SRAVAN SAI BALAJI,CSE,CSE3,C1,CGN13,R507A,2300033057,A,A,A,A,A,A,A,A
2158,THOTAKURA JITHENDRA KRISHNA,CSE,CSE3,C1,CGN13,R507A,2300033073,P,P,P,P,P,P,P,P
2159,KONGITALA JASWANTH DONGE,CSE,CSE3,C1,CGN13,R507A,2300033106,P,P,P,P,P,P,P,P
2160,KOTHA AMUKTHA MALYADA,CSE,CSE3,C1,CGN13,R507A,2300033192,A,A,A,A,A,A,A,A
2161,INDUKURI SRI RUSHITHA,CSE,CSE3,C1,CGN13,R507A,2300033206,A,A,A,A,A,A,A,A
2162,NANDIREDDY SRAVANTHI,CSE,CSE3,C1,CGN13,R507A,2300033267,A,A,A,A,A,A,A,A
2163,SATHYA NAIDU,CSE,CSE3,C1,CGN13,R507A,2300033302,P,P,P,P,P,P,P,P
2164,REVANTH,CSE,CSE3,C1,CGN13,R507A,2300033354,A,A,A,A,A,A,A,A
2165,KURUMALLA SAMEERA,CSE,CSE3,C1,CGN13,R507A,2300033396,A,A,A,A,A,A,P,P
2166,MALLEM PATI SAI RAM,CSE,CSE3,C1,CGN13,R507A,2300033398,A,A,A,A,A,A,A,A
2167,NANDIGAMA THAMAN,CSE,CSE3,C1,CGN13,R507A,2300033401,A,A,A,A,A,A,A,A
2168,BHAVAGNA MADALA,CSE,CSE3,C1,CGN13,R507A,2300033472,A,A,A,A,A,A,A,A
2169,MOUNIKA PUPPALA,CSE,CSE3,C1,CGN13,R507A,2300033496,P,P,P,P,P,P,P,P
2170,THANUSHA GALI,CSE,CSE3,C1,CGN13,R507A,2300033510,A,A,P,P,P,P,P,P
2171,MEKALA VISHNU,CSE,CSE3,C1,CGN13,R507A,2300033511,A,A,A,A,A,A,A,A
2172,RAHUL KARANAM,CSE,CSE3,C1,CGN13,R507A,2300033521,A,A,A,A,A,A,A,A
2173,ARE LIKHITHA,CSE,CSE3,C1,CGN13,R507A,2300033542,P,P,P,P,P,P,P,P
2174,LODE ADITYA,CSE,CSE3,C1,CGN13,R507A,2300033566,A,A,A,A,A,A,A,A
2175,GANGURI SREE HARSHNI,CSE,CSE3,C1,CGN13,R507A,2300033700,P,P,P,P,P,P,P,P
2176,BHANU PRAKASH MANDADAPU,CSE,CSE3,C1,CGN13,R507A,2300033778,A,A,A,A,A,A,A,A
2177,KARRI UDAY SHASHANK,CSE,CSE3,C1,CGN13,R507A,2300033796,A,A,P,P,P,P,P,P
2178,HARSHITHAMAREEDU,CSE,CSE3,C1,CGN13,R507A,2300033806,A,A,A,A,A,A,A,A
2179,BADUGU LIKHITHA,CSE,CSE3,C1,CGN13,R507A,2300039012,P,P,P,P,P,P,P,P
2180,JONNALAGADDA.NAVYA,CSE,CSE3,C1,CGN13,R507A,2300039035,P,P,P,P,P,P,P,P
2181,MANDAVA HARSHIT BABU,CSE,CSE3,C1,CGN13,R507A,2300039041,P,P,P,P,P,P,P,P
2182,KUNCHAM SIVA,CSE,CSE3,C1,CGN13,R507A,2300039048,A,A,A,A,A,A,A,A
2183,MEKA NAGA SRIHARI,CSE,CSE3,C1,CGN13,R507A,2300039049,P,P,P,P,A,A,A,A
2184,KESAMSETTY SAILOKESH,CSE,CSE3,C1,CGN13,R507A,2300039060,P,P,P,P,P,P,P,P
2185,VALLABHUDASU YAMINI,CSE,CSE3,C1,CGN13,R507A,2300039143,P,P,P,P,P,P,P,P
2186,ROHID BAIG,CSE,CSE3,C1,CGN13,R507A,2300039146,A,A,A,A,A,A,A,A
2187,MUNNANGI HARI HARA NADH,CSE,CSE3,C1,CGN13,R507A,2300039148,P,P,P,P,P,P,P,P
2188,BANDI SAI,CSE,CSE3,C1,CGN13,R507A,2300039159,P,P,P,P,P,P,P,P
2189,GANGINENI DEEPIKA,CSE,CSE3,C1,CGN13,R507A,2300033355,P,P,P,P,P,P,P,P
2190,AVANIGADDA NAVADEEP,CSE,CSE2,C2,GK22,R507B,2300030055,P,P,P,P,P,P,P,P
2191,B.PINAKA PANI,CSE,CSE2,C2,GK22,R507B,2300030068,A,A,A,A,A,A,A,A
2192,CHILUKURI MOKSHA SRI,CSE,CSE2,C2,GK22,R507B,2300030135,P,P,P,P,P,P,P,P
2193,VARSHITH SAI CHITTA,CSE,CSE2,C2,GK22,R507B,2300030143,A,A,A,A,A,A,A,A
2194,JANNU JAYAVARDHINI,CSE,CSE2,C2,GK22,R507B,2300030271,P,P,P,P,P,P,P,P
2195,KAMMA GIRIDHAR,CSE,CSE2,C2,GK22,R507B,2300030295,P,P,P,P,P,P,P,P
2196,KOLLA LEKHAN,CSE,CSE2,C2,GK22,R507B,2300030330,A,A,A,A,A,A,A,A
2197,KONDETI MANASA,CSE,CSE2,C2,GK22,R507B,2300030342,A,A,A,A,A,A,A,A
2198,KONJETI SRIMANNARAYANA,CSE,CSE2,C2,GK22,R507B,2300030346,P,P,P,P,P,P,P,P
2199,KUNA SAHANA,CSE,CSE2,C2,GK22,R507B,2300030369,A,A,A,A,A,A,A,A
2200,SIVA SANKAR LOYA,CSE,CSE2,C2,GK22,R507B,2300030384,P,P,P,P,P,P,A,A
2201,MATHI_VAIBHAV SRIPRADA,CSE,CSE2,C2,GK22,R507B,2300030415,P,P,P,P,P,P,P,P
2202,MUPPA AKKHASH,CSE,CSE2,C2,GK22,R507B,2300030446,A,A,A,A,A,A,A,A
2203,P VIJAYA RAM,CSE,CSE2,C2,GK22,R507B,2300030486,A,A,A,A,A,A,A,A
2204,PADALA JAYA VANDANA,CSE,CSE2,C2,GK22,R507B,2300030491,P,P,A,A,A,P,A,A
2205,PADALA KAVYA,CSE,CSE2,C2,GK22,R507B,2300030492,P,P,P,P,P,A,P,P
2206,ANIRUDH PALUKURI,CSE,CSE2,C2,GK22,R507B,2300030504,A,A,A,A,A,A,A,A
2207,POTNURU AKSHAY KUMAR,CSE,CSE2,C2,GK22,R507B,2300030553,A,A,A,A,A,P,A,A
2208,SALI.SHALINI,CSE,CSE2,C2,GK22,R507B,2300030598,P,P,P,P,P,A,P,P
2209,HARSHITHA TALLAPANENI,CSE,CSE2,C2,GK22,R507B,2300030665,A,A,A,A,A,P,A,A
2210,GNANAMBHIKA VENNAMPALLI,CSE,CSE2,C2,GK22,R507B,2300030727,P,P,P,P,P,P,P,P
2211,VYAMAJALA NIHARIKA,CSE,CSE2,C2,GK22,R507B,2300030736,P,P,P,P,P,P,P,P
2212,CHAVA AASRITHA,CSE,CSE2,C2,GK22,R507B,2300030793,P,P,P,P,P,A,P,P
2213,SRUJANA NANDURI,CSE,CSE2,C2,GK22,R507B,2300030814,A,A,A,A,A,A,A,A
2214,NEMALIPURI RAJESH,CSE,CSE2,C2,GK22,R507B,2300030827,A,A,A,A,A,A,A,A
2215,LADE KRISHNA DATTA,CSE,CSE2,C2,GK22,R507B,2300030864,A,A,A,A,A,A,A,A
2216,KAMAKSHI DEVI,CSE,CSE2,C2,GK22,R507B,2300030895,A,A,A,A,A,P,A,A
2217,GRANDHI SATYA SRUJANA SRI,CSE,CSE2,C2,GK22,R507B,2300030949,P,P,P,P,P,P,P,P
2218,HEMASUDHA PRIYADARSINI JANNAVULA,CSE,CSE2,C2,GK22,R507B,2300030951,P,P,P,P,P,P,P,P
2219,T. VENKATESWARA RAO,CSE,CSE2,C2,GK22,R507B,2300030975,A,A,A,A,A,A,A,A
2220,DONTHIREDDY SOUJANYA REDDY,CSE,CSE2,C2,GK22,R507B,2300031028,P,P,P,P,P,P,P,P
2221,M.VENKATA SIVA CHAITANYA KUMAR,CSE,CSE2,C2,GK22,R507B,2300031231,P,P,P,P,P,P,P,P
2222,ALLAM MOKSHITH,CSE,CSE2,C2,GK22,R507B,2300031254,A,A,A,A,A,A,A,A
2223,CH JESWANTH VARUN,CSE,CSE2,C2,GK22,R507B,2300031256,A,A,A,A,A,A,A,A
2224,MAREEDU PRASANNA KUMAR,CSE,CSE2,C2,GK22,R507B,2300031262,A,A,A,A,A,A,A,A
2225,AKHIL SIVA SAI,CSE,CSE2,C2,GK22,R507B,2300031317,P,P,P,P,P,P,P,P
2226,SIGIRISETTY SUBHA SNEHA,CSE,CSE2,C2,GK22,R507B,2300031380,A,A,A,A,A,A,A,A
2227,VEMPATI DURGA VENKAT,CSE,CSE2,C2,GK22,R507B,2300031422,P,P,P,P,P,P,P,P
2228,NADIRA FERHAD,CSE,CSE2,C2,GK22,R507B,2300031441,A,A,A,A,A,A,A,A
2229,SANKURATHRI SAKETH,CSE,CSE2,C2,GK22,R507B,2300031460,P,P,P,P,P,P,P,P
2230,ATLURI NEEHA SAI SRI,CSE,CSE2,C2,GK22,R507B,2300031527,P,P,A,A,A,A,A,A
2231,HARSHITH NALLAPANENI,CSE,CSE2,C2,GK22,R507B,2300031592,P,P,A,A,A,A,A,A
2232,KODI BHAVANA,CSE,CSE2,C2,GK22,R507B,2300031631,A,A,A,A,A,P,A,A
2233,JAKKA HARSHINI,CSE,CSE2,C2,GK22,R507B,2300031640,P,P,P,P,P,A,P,P
2234,PULIVARTHI BASAVA BHARGAV,CSE,CSE2,C2,GK22,R507B,2300031645,A,A,A,A,A,P,A,A
2235,SUBHASH VEMULAMADA,CSE,CSE2,C2,GK22,R507B,2300031655,P,P,P,P,P,A,P,P
2236,KUSAL KUMAR PAKALAPATI,CSE,CSE2,C2,GK22,R507B,2300031738,A,A,A,A,A,P,A,A
2237,JOSHIKA VALLABHANENI,CSE,CSE2,C2,GK22,R507B,2300031746,P,P,P,P,P,P,P,P
2238,MADHABATTULA SANJAY KUMAR,CSE,CSE2,C2,GK22,R507B,2300031758,P,P,P,P,P,A,A,A
2239,DIVYA CHAND CHILLA,CSE,CSE2,C2,GK22,R507B,2300031893,A,A,A,A,A,A,A,A
2240,K.POORNA VIGHNESH,CSE,CSE2,C2,GK22,R507B,2300031894,A,A,A,A,A,A,A,A
2241,RUDRU VENKATESH,CSE,CSE2,C2,GK22,R507B,2300031896,A,A,A,A,A,A,A,A
2242,THADDI CHAKRADHAR,CSE,CSE2,C2,GK22,R507B,2300031905,A,A,A,A,A,P,A,A
2243,NALLAGATLA CHARITARDHA,CSE,CSE2,C2,GK22,R507B,2300031985,P,P,P,P,P,A,P,P
2244,THOTA PRIYANKA,CSE,CSE2,C2,GK22,R507B,2300031991,A,A,A,A,A,A,A,A
2245,KANCHETI.REVANTHNADH CHOWDARY,CSE,CSE2,C2,GK22,R507B,2300031995,A,A,A,A,A,P,A,A
2246,SHAIK MUKTHAR BASHA,CSE,CSE2,C2,GK22,R507B,2300032055,P,P,P,P,P,P,P,P
2247,BALUSUPALLI LIKITHA,CSE,CSE2,C2,GK22,R507B,2300032061,P,P,P,P,P,A,P,P
2248,BANDI ASHOK,CSE,CSE2,C2,GK22,R507B,2300032190,A,A,A,A,A,P,A,A
2249,PAKALAPATI SRAVANI SAI,CSE,CSE2,C2,GK22,R507B,2300032196,P,P,P,P,P,P,A,A
2250,NAGAM TEJA NARAYANA REDDY,CSE,CSE2,C2,GK22,R507B,2300032255,P,P,P,P,P,P,A,A
2251,MOHAMMAD KHWAJA MOINNUDDIN,CSE,CSE2,C2,GK22,R507B,2300032276,P,P,P,P,P,P,P,P
2252,MADALA ISHITA SAI,CSE,CSE2,C2,GK22,R507B,2300032303,P,P,P,P,P,P,P,P
2253,YAGANTI DEEPAK SACHIN SAI CHOWDARY,CSE,CSE2,C2,GK22,R507B,2300032331,P,P,P,P,P,P,P,P
2254,MEGHAVARSHINI PRATHAPANI,CSE,CSE2,C2,GK22,R507B,2300032341,P,P,P,P,P,P,P,P
2255,KAKUMANU DINESH NAGA GOWTHAM KRISHNA,CSE,CSE2,C2,GK22,R507B,2300032348,P,P,P,P,P,P,P,P
2256,SAI USHA GAYATHRI CHALLAPALLI,CSE,CSE2,C2,GK22,R507B,2300032398,P,P,P,P,P,P,A,A
2257,BRAHMANDAM HARI CHANDANA,CSE,CSE2,C2,GK22,R507B,2300032493,P,P,P,P,P,A,P,P
2258,KALAGOTLA ASWITHA,CSE,CSE2,C2,GK22,R507B,2300032499,A,A,A,A,A,A,A,A
2259,MOVVA SRIHIMA,CSE,CSE2,C2,GK22,R507B,2300032517,A,A,A,A,A,A,A,A
2260,NALABOTHU DEEKSHITHA,CSE,CSE2,C2,GK22,R507B,2300032584,A,A,A,A,A,A,A,A
2261,DONTHIREDDY HIMASISIRA,CSE,CSE2,C2,GK22,R507B,2300032673,P,P,P,P,P,P,P,P
2262,JAGARLAMUDI SUSHMACHOWDARY,CSE,CSE2,C2,GK22,R507B,2300032693,A,A,A,A,A,A,A,A
2263,BADINA.VENKATA DURGA ARAVINDH,CSE,CSE2,C2,GK22,R507B,2300032774,P,P,P,P,P,P,P,P
2264,THIRIVIDHI GAYATRI LAKSHMI,CSE,CSE2,C2,GK22,R507B,2300032791,P,P,P,P,P,P,P,P
2265,VINODH KUMAR GIRISH GAUTAM,CSE,CSE2,C2,GK22,R507B,2300032804,A,A,A,A,A,A,A,A
2266,GANDHAM SWATHI SREE,CSE,CSE2,C2,GK22,R507B,2300032867,P,P,P,P,P,P,P,P
2267,GATTU PHANI KUMAR,CSE,CSE2,C2,GK22,R507B,2300032905,A,A,A,A,A,A,A,A
2268,SATYALA GANGADHAR,CSE,CSE2,C2,GK22,R507B,2300033048,A,A,A,A,A,A,A,A
2269,KATTIBOYINA ANAND KUMAR,CSE,CSE2,C2,GK22,R507B,2300033168,A,A,A,A,A,A,P,A
2270,SUVALLIKA ADUSUMILLI,CSE,CSE2,C2,GK22,R507B,2300033230,P,P,P,P,P,P,A,P
2271,GUJJULA DHANUSH REDDY,CSE,CSE2,C2,GK22,R507B,2300033238,A,A,A,A,A,A,A,A
2272,SAI APOORVA KAKUMANU,CSE,CSE2,C2,GK22,R507B,2300033260,A,A,A,A,A,A,A,A
2273,KUNDURTHI SUCHARITHA,CSE,CSE2,C2,GK22,R507B,2300033286,A,A,A,A,A,A,P,A
2274,HARIKA LANKALAPALLI,CSE,CSE2,C2,GK22,R507B,2300033321,P,P,P,P,P,P,A,P
2275,PABBATHI BALAJI,CSE,CSE2,C2,GK22,R507B,2300033454,A,A,A,A,A,A,A,A
2276,MORTHA AKHIL,CSE,CSE2,C2,GK22,R507B,2300033525,A,A,A,A,A,A,A,A
2277,MUGHAL NAFISA,CSE,CSE2,C2,GK22,R507B,2300033526,A,A,A,A,A,A,P,A
2278,ALLAM HASITHA,CSE,CSE2,C2,GK22,R507B,2300033536,P,P,P,P,P,P,A,P
2279,TANISH NELLURI,CSE,CSE2,C2,GK22,R507B,2300033630,A,A,A,A,A,A,A,A
2280,SHAIK SAHIN,CSE,CSE2,C2,GK22,R507B,2300033695,A,A,A,A,A,A,A,A
2281,SHAIK JASWAR,CSE,CSE2,C2,GK22,R507B,2300033757,A,A,A,A,A,A,A,A
2282,K MOHAMMED SHAHID,CSE,CSE2,C2,GK22,R507B,2300033762,A,A,A,A,A,A,A,A
2283,SURYADEVARA RENA SIVANI,CSE,CSE2,C2,GK22,R507B,2300033798,P,P,P,P,P,P,P,P
2284,MIRIYALA MURALI ABHIRAM,CSE,CSE2,C2,GK22,R507B,2300033815,P,P,P,P,P,P,P,P
2285,TIRUMANI PAVAN KALYAN,CSE,CSE2,C2,GK22,R507B,2300040397,A,A,A,A,A,A,A,A
2286,JOGI VINAY KUMAR,ECE,ECE,C2,IS205,C008,2300040011,P,P,P,P,P,P,A,A
2287,VANTIPALLIVINAY,ECE,ECE,C2,IS205,C008,2300040031,A,A,A,A,A,A,A,A
2288,REVALLA HARSHAVARDHAN,ECE,ECE,C2,IS205,C008,2300040041,A,A,A,A,A,A,A,A
2289,MADDUKURI CHAITANYA LOKESH,ECE,ECE,C2,IS205,C008,2300040047,P,P,P,P,P,P,P,P
2290,SREEVIDYA HARI,ECE,ECE,C2,IS205,C008,2300040053,A,A,A,A,A,A,A,A
2291,PALAKURTHI YASWANTH VEERA PAVAN,ECE,ECE,C2,IS205,C008,2300040054,A,A,A,A,A,A,A,A
2292,THOTA BALAJI NAGA MARUTHI SAI KRISHNA,ECE,ECE,C2,IS205,C008,2300040065,A,A,A,A,A,A,A,A
2293,KALISETTY SHANMUKHA JYOTHI PRIYA,ECE,ECE,C2,IS205,C008,2300040069,A,A,A,A,A,A,A,A
2294,R JYOTHEESWAR RAJ,ECE,ECE,C2,IS205,C008,2300040081,A,A,A,A,A,A,A,A
2295,HRUSHIKESH PARIMI,ECE,ECE,C2,IS205,C008,2300040088,A,A,A,A,A,A,A,A
2296,BARINELASUJAN,ECE,ECE,C2,IS205,C008,2300040092,A,A,A,A,A,A,A,A
2297,BATTA KANTIRAVA ABHIRAM NARAYANAMURTHY,ECE,ECE,C2,IS205,C008,2300040097,A,A,A,A,A,A,A,A
2298,GANDIKOTA LAKSHMI MOHAN,ECE,ECE,C2,IS205,C008,2300040098,A,A,A,A,A,A,A,A
2299,PASUPULETI GIRISH BABU,ECE,ECE,C2,IS205,C008,2300040110,A,A,A,A,A,A,A,A
2300,NADAKUDURU KARTHIKEYA,ECE,ECE,C2,IS205,C008,2300040154,A,A,A,A,A,A,A,A
2301,NARAHARISETTY GEETHIKA,ECE,ECE,C2,IS205,C008,2300040172,A,A,A,A,A,A,A,A
2302,KOUSHIK REDDY CHIDURALA,ECE,ECE,C2,IS205,C008,2300040183,P,P,P,P,P,P,P,P
2303,PEDDINTI MAHESH,ECE,ECE,C2,IS205,C008,2300040186,A,A,A,A,A,A,A,A
2304,JONNALA RISHITHA REDDY,ECE,ECE,C2,IS205,C008,2300040188,P,P,P,P,P,P,P,P
2305,SHAIK MANSOOR,ECE,ECE,C2,IS205,C008,2300040190,A,A,A,A,A,A,A,A
2306,HUSSAIN SHAIK,ECE,ECE,C2,IS205,C008,2300040192,A,A,A,A,A,A,A,A
2307,SUNA YASASWINI,ECE,ECE,C2,IS205,C008,2300040193,P,P,P,P,P,P,P,P
2308,SK.NAGEENABEE,ECE,ECE,C2,IS205,C008,2300040208,P,P,P,P,P,P,P,P
2309,JALLIPALLE S R S S VARA PRASAD,ECE,ECE,C2,IS205,C008,2300040213,P,P,P,P,P,P,A,A
2310,BARNALA REVANTH KUMAR,ECE,ECE,C2,IS205,C008,2300040214,P,P,P,P,P,P,P,P
2311,PRAVALLIKA NAGA SRI,ECE,ECE,C2,IS205,C008,2300040222,A,A,A,A,A,A,A,A
2312,CHEKURI S S R ADITYA VARMA,ECE,ECE,C2,IS205,C008,2300040247,A,A,A,A,A,A,A,A
2313,REGU VAMSI BALA DURGA SIVATEJA,ECE,ECE,C2,IS205,C008,2300040254,P,P,P,P,P,P,P,P
2314,PUTCHAKAYALA VENKATA SIDDHARTHA,ECE,ECE,C2,IS205,C008,2300040256,A,A,A,A,A,A,A,A
2315,MAKINEEDI SATYA SANDEEP,ECE,ECE,C2,IS205,C008,2300040270,A,A,A,A,A,A,A,A
2316,SURA VENKATA CHARAN SAI,ECE,ECE,C2,IS205,C008,2300040271,A,A,A,A,A,A,A,A
2317,SOMIREDDI INDRANI,ECE,ECE,C2,IS205,C008,2300040292,P,P,P,P,P,P,P,P
2318,ALA JASWANTH REDDY,ECE,ECE,C2,IS205,C008,2300040301,A,A,A,A,A,A,A,A
2319,ADITHYAKOLLALA,ECE,ECE,C2,IS205,C008,2300040303,A,A,A,A,A,A,A,A
2320,ROHITH INTURI,ECE,ECE,C2,IS205,C008,2300040312,P,P,P,P,P,P,P,P
2321,PASUMARTHI VENKATA MANIKANTA SAIRAM,ECE,ECE,C2,IS205,C008,2300040315,A,A,A,A,A,A,A,A
2322,MANDALANENI BALA MURALI KRISHNA,ECE,ECE,C2,IS205,C008,2300040320,A,A,A,A,A,A,A,A
2323,ARIBOLU SRIRAM GANESH PARDHU,ECE,ECE,C2,IS205,C008,2300040325,A,A,A,A,A,A,A,A
2324,LAKIDI SAI DEEPAK,ECE,ECE,C2,IS205,C008,2300040369,A,A,A,A,A,A,A,A
2325,CHENIKALA VASU,ECE,ECE,C2,IS205,C008,2300040376,A,A,A,A,A,A,A,A
2326,ANNAPAREDDY VISHNU VARDHAN REDDY,ECE,ECE,C2,IS205,C008,2300040396,P,P,A,A,A,A,A,A
2327,KARTHIK KANOLLA,ECE,ECE,C2,IS205,C008,2300040412,P,P,P,P,P,P,P,P
2328,RAMYA,ECE,ECE,C2,IS205,C008,2300040425,P,P,P,P,P,P,P,P
2329,PAILOPALLI PURUSHOTHAM,ECE,ECE,C2,IS205,C008,2300040426,A,A,A,A,A,A,A,A
2330,MANUKONDA PARDHIV,ECE,ECE,C2,IS205,C008,2300040429,A,A,A,A,A,A,A,A
2331,LANKE UMESH,ECE,ECE,C2,IS205,C008,2300040454,A,A,A,A,A,A,A,A
2332,AVINASH BATTULA,ECE,ECE,C2,IS205,C008,2300049008,P,P,P,P,P,P,P,P
2333,KOLLA VIGNESH,ECE,ECE,C2,IS205,C008,2300049015,A,A,A,A,A,A,A,A
2334,CHILAKALAPUDI VENKATA DURGARAO,ECE,ECE,C2,IS205,C008,2300049023,A,A,A,A,A,A,A,A
2335,PRAVIN KUMAR TAMMISETTY,ECE,ECE,C2,IS205,C008,2300049028,A,A,A,A,A,A,A,A
2336,S.KESAVA KALI,ECE,ECE,C2,IS205,C008,2300049032,P,P,P,P,P,P,P,P
2337,RAVIKUMAR,ECE,ECE,C2,IS205,C008,2300049035,P,P,P,P,P,P,P,P
2338,PAVAN KUMAR KOPPU,ECE,ECE,C2,IS205,C008,2300049040,A,A,A,A,A,A,A,A
2339,SHAIK SAJEETH SHAREEF,ECE,ECE,C2,IS205,C008,2300049047,P,P,P,P,P,P,P,P
2340,RIMMANAPUDI DHANUSH SRI SAI,ECE,ECE,C2,IS205,C008,2300049050,A,A,A,A,A,A,A,A
2341,RELLA GAYATRI,ECE,ECE,C2,IS205,C008,2300049060,A,A,A,A,A,A,A,A
2342,MUDRABOYINA VENKATA NAGA PRAVEEN KUMAR,ECE,ECE,C2,IS205,C008,2300049061,P,P,P,P,P,P,P,P
2343,MULAGALA SESHA RAGHAVA SRIKANTH,ECE,ECE,C2,IS205,C008,2300049066,A,A,A,A,A,A,A,A
2344,KOWTHARAPU VENKATA HEMANTH KUMAR,ECE,ECE,C2,IS205,C008,2300049067,P,P,P,P,P,P,P,P
2345,PATHA NAGA NIKHILA TEJASWI,ECE,ECE,C2,IS205,C008,2300049069,P,P,P,P,P,P,P,P
2346,MASIMUKKU PARDHASARDHI,ECE,ECE,C2,IS205,C008,2300049071,P,P,P,P,P,P,P,P
2347,VEERELLI ROSHITH REDDY,ECE,ECE,C2,IS205,C008,2300049072,A,A,A,A,A,A,A,A
2348,PAILA VIVEKVARDHAN,ECE,ECE,C2,IS205,C008,2300049074,A,A,A,A,A,A,A,A
2349,MUKKU SRIKHARI,ECE,ECE,C2,IS205,C008,2300049081,A,A,A,A,A,A,A,A
2350,KAJA SAI CHARAN,ECE,ECE,C2,IS205,C008,2300049092,P,P,P,P,P,P,P,P
2351,CHARUGULLA. BABY SRIVIDYA,ECE,ECE,C2,IS205,C008,2300049102,P,P,P,P,A,A,A,A
2352,PATAN USMAN,ECE,ECE,C2,IS205,C008,2300049114,P,P,P,P,P,P,P,P
2353,DEVARAKONDA GUNA SEKHAR,ECE,ECE,C2,IS205,C008,2300049125,A,A,A,A,A,A,A,A
2354,CHITIKELA MANOJ KUMAR,ECE,ECE,C2,IS205,C008,2300049135,A,A,A,A,A,A,A,A
2355,PILLAMONIKA,ECE,ECE,C2,IS205,C008,2300049147,A,A,A,A,A,A,A,A
2356,KATTA VEERA VENKATA SATYA GUNA VARDHAN,ECE,ECE,C2,IS205,C008,2300049163,A,A,A,A,A,A,A,A
2357,PALAPATI VENU,ECE,ECE,C2,IS205,C008,2300049179,P,P,P,P,P,P,P,P
2358,KONDREDDY BHARGAVI,ECE,ECE,C2,IS205,C008,2300049191,P,P,P,P,P,P,P,P
2359,DUDALA SRI SATYA SAI VISHNU MUKESH,ECE,ECE,C2,IS205,C008,2300049195,A,A,A,A,A,A,A,A
2360,NOMULA ABHILASH,ECE,ECE,C2,IS205,C008,2300049207,A,A,A,A,A,A,A,A
2361,SANA.UDAYBHASKAR,ECE,ECE,C2,IS205,C008,2300049218,A,A,A,A,A,A,A,A
2362,ROSHINIACHANTA,CSE,CSE4,C2,IS206,C009,2300030010,A,A,A,A,A,A,A,A
2363,CHANDANAM MANASWINI,CSE,CSE4,C2,IS206,C009,2300030114,P,P,P,P,P,P,P,P
2364,ERLE CHANDRA HARSHA,CSE,CSE4,C2,IS206,C009,2300030182,A,A,A,A,A,A,A,A
2365,MADINENI KAVYA SRI,CSE,CSE4,C2,IS206,C009,2300030395,A,A,A,A,A,A,A,A
2366,LAKSHMI NEDIGANTI,CSE,CSE4,C2,IS206,C009,2300030458,P,P,P,P,P,P,P,P
2367,TANUJA PALLAPU,CSE,CSE4,C2,IS206,C009,2300030501,P,P,P,P,P,P,P,P
2368,PULUGUTHA SAKETH,CSE,CSE4,C2,IS206,C009,2300030561,P,P,P,P,A,A,A,A
2369,SYED MOHIDDIN,CSE,CSE4,C2,IS206,C009,2300030660,P,P,P,P,P,P,P,P
2370,BHUMA HANEESH,CSE,CSE4,C2,IS206,C009,2300030784,P,P,P,P,P,P,P,P
2371,KOMMALAPATI SIVESH,CSE,CSE4,C2,IS206,C009,2300030863,P,P,P,P,P,P,P,P
2372,VEGESNA PRAVEEN VARMA,CSE,CSE4,C2,IS206,C009,2300030900,A,A,A,A,A,A,A,A
2373,NAGA MOUNIKA VALIVETI,CSE,CSE4,C2,IS206,C009,2300030913,P,P,P,P,P,P,P,P
2374,KEESARA GANESH KUMAR REDDY,CSE,CSE4,C2,IS206,C009,2300030997,P,P,P,P,P,P,P,P
2375,TAMATAMA HEMANTH SAI SRINIVAS,CSE,CSE4,C2,IS206,C009,2300031125,P,P,P,P,P,P,P,P
2376,VISHNU PAVAN CHAITANYA TELLAKULA,CSE,CSE4,C2,IS206,C009,2300031164,P,P,P,P,P,P,P,P
2377,EEDALA LAHARI NAGA ANJANI SRIDEVI,CSE,CSE4,C2,IS206,C009,2300031171,P,P,P,P,P,P,P,P
2378,ADDAGARLA VARSHITH SRIKAR,CSE,CSE4,C2,IS206,C009,2300031250,P,P,P,P,P,P,P,P
2379,BOJJA SAI ROHIT,CSE,CSE4,C2,IS206,C009,2300031271,A,A,A,A,A,A,A,A
2380,NAGA MANOHAR REDDY PERAM,CSE,CSE4,C2,IS206,C009,2300031295,A,A,A,A,A,A,A,A
2381,KASU KARTHIKEYA REDDY,CSE,CSE4,C2,IS206,C009,2300031468,A,A,A,A,A,A,A,A
2382,BHARATH CHEPURI,CSE,CSE4,C2,IS206,C009,2300031558,P,P,P,P,A,A,A,A
2383,SOMU NITHIN REDDY,CSE,CSE4,C2,IS206,C009,2300031626,A,A,A,A,A,A,A,A
2384,VEGESNA PRANAV VARMA,CSE,CSE4,C2,IS206,C009,2300031796,A,A,A,A,A,A,A,A
2385,DAMMA SHANTHAN REDDY,CSE,CSE4,C2,IS206,C009,2300031835,A,A,A,A,A,A,A,A
2386,YUGANDHAR AVVARU,CSE,CSE4,C2,IS206,C009,2300031862,A,A,A,A,A,A,A,A
2387,KATAKAM DAKSHIT,CSE,CSE4,C2,IS206,C009,2300031865,P,P,P,P,P,P,P,P
2388,ADAPA SRI NAG NAIDU,CSE,CSE4,C2,IS206,C009,2300031929,P,P,P,P,P,P,A,A
2389,MOHAMMED ZUHAYR MOHIDDIN,CSE,CSE4,C2,IS206,C009,2300031936,P,P,P,P,P,P,P,P
2390,MOHAMMAD KHAZA MOHIDDIN,CSE,CSE4,C2,IS206,C009,2300031958,P,P,P,P,P,P,P,P
2391,BALAJI GAJULA,CSE,CSE4,C2,IS206,C009,2300032004,A,A,A,A,A,A,A,A
2392,POLINA LAASYA PRIYA,CSE,CSE4,C2,IS206,C009,2300032010,A,A,A,A,A,A,A,A
2393,VANKA PAVAN KRISHNA,CSE,CSE4,C2,IS206,C009,2300032057,P,P,P,P,P,P,P,P
2394,MANDAVACHARANSAI,CSE,CSE4,C2,IS206,C009,2300032065,P,P,P,P,P,P,A,A
2395,A. VIJAY RAM GOPAL,CSE,CSE4,C2,IS206,C009,2300032069,P,P,P,P,P,P,A,A
2396,RAKESHNALLAMOTHU,CSE,CSE4,C2,IS206,C009,2300032071,A,A,A,A,A,A,A,A
2397,K.KOMAL,CSE,CSE4,C2,IS206,C009,2300032073,P,P,P,P,P,P,A,A
2398,THRISHASRI TALLURI,CSE,CSE4,C2,IS206,C009,2300032131,P,P,P,P,P,P,A,A
2399,MAMIDI AKSHAYA,CSE,CSE4,C2,IS206,C009,2300032133,A,A,A,A,A,A,A,A
2400,BANDI VENU,CSE,CSE4,C2,IS206,C009,2300032200,A,A,A,A,A,A,A,A
2401,CHAKALIABHINAY,CSE,CSE4,C2,IS206,C009,2300032229,A,A,A,A,A,A,A,A
2402,GATTUPALLI VENKATA MANI SAI ROHITH,CSE,CSE4,C2,IS206,C009,2300032323,P,P,P,P,P,P,P,P
2403,MOHAMMAD NAVEDA MUSKAN,CSE,CSE4,C2,IS206,C009,2300032352,A,A,A,A,A,A,A,A
2404,G.BHARGAVA SAI PRAKASH,CSE,CSE4,C2,IS206,C009,2300032363,A,A,A,A,A,A,A,A
2405,CHERUKUMALLI TEJESH SAI,CSE,CSE4,C2,IS206,C009,2300032514,P,P,P,P,P,P,P,P
2406,JYOTHIRDHAR AATUKURU,CSE,CSE4,C2,IS206,C009,2300032641,P,P,P,P,P,P,P,P
2407,MAGANOOR JAYASREE,CSE,CSE4,C2,IS206,C009,2300032677,P,P,P,P,P,P,P,P
2408,KODI JNANESWARI,CSE,CSE4,C2,IS206,C009,2300032736,A,A,A,A,A,A,A,A
2409,KAVALA SAI VENKATA SURYANARAYANA,CSE,CSE4,C2,IS206,C009,2300032770,P,P,P,P,P,P,P,P
2410,KONDREDDY SUJITH HARSHA VARDHAN REDDY,CSE,CSE4,C2,IS206,C009,2300033009,A,A,A,A,A,A,A,A
2411,M.S.S.L.TEJENDRA,CSE,CSE4,C2,IS206,C009,2300033061,P,P,P,P,P,P,P,P
2412,CHERUVU YASHWANTH KUMAR,CSE,CSE4,C2,IS206,C009,2300033124,A,A,A,A,A,A,A,A
2413,SRUTHI SRI,CSE,CSE4,C2,IS206,C009,2300033179,P,P,P,P,P,P,A,A
2414,MANCHIKALAPUDI DIVYESH,CSE,CSE4,C2,IS206,C009,2300033201,P,P,P,P,P,P,P,P
2415,TONDAPU JASWANTH REDDY,CSE,CSE4,C2,IS206,C009,2300033211,P,P,P,P,P,P,P,P
2416,PONNA KOUSHIK SAI,CSE,CSE4,C2,IS206,C009,2300033366,A,A,A,A,A,A,A,A
2417,ELAGANDULA SATHWIK,CSE,CSE4,C2,IS206,C009,2300033380,A,A,A,A,A,A,A,A
2418,BALAJI VADLAMUDI,CSE,CSE4,C2,IS206,C009,2300033381,A,A,A,A,A,A,A,A
2419,VADAPELLI NARESH,CSE,CSE4,C2,IS206,C009,2300033388,A,A,A,A,A,A,A,A
2420,GONE ASHISH RAO,CSE,CSE4,C2,IS206,C009,2300033449,A,A,A,A,A,A,A,A
2421,BALLA MANIDEEP,CSE,CSE4,C2,IS206,C009,2300033490,A,A,A,A,A,A,A,A
2422,BANDREDDY GOPIKA DEVI,CSE,CSE4,C2,IS206,C009,2300033587,P,P,P,P,P,P,P,P
2423,GELLA SAI RAKESH,CSE,CSE4,C2,IS206,C009,2300033604,A,A,A,A,A,A,A,A
2424,DATLA SAI HARSHA VARDHAN RAJU,CSE,CSE4,C2,IS206,C009,2300033673,A,A,A,A,A,A,A,A
2425,ROHIT YALAMANCHILI,CSE,CSE4,C2,IS206,C009,2300033714,P,P,P,P,P,P,P,P
2426,BONDAPALLI DINESH,CSE,CSE4,C2,IS206,C009,2300033826,A,A,A,A,A,A,A,A
2427,THOTA RUPESH,CSE,CSE4,C2,IS206,C009,2300033894,A,A,A,A,A,A,A,A
2428,UDAY SANKAR KARNATI,CSE,CSE4,C2,IS206,C009,2300033909,A,A,A,A,A,A,A,A
2429,CHIRUMAMILLA JASWANTH SAI CHOWDARY,ECE,ECE,C2,IS212,C011,2300040071,A,A,A,A,A,A,A,A
2430,NAMRATHA ATMAKURI,ECE,ECE,C2,IS212,C011,2300040148,A,A,A,A,A,A,A,A
2431,NARAHARISETTY PRIYANKA,ECE,ECE,C2,IS212,C011,2300040176,A,A,A,A,A,A,A,A
2432,BHANU TEJA BHEEMAVARAM,ECE,ECE,C2,IS212,C011,2300040449,A,A,A,A,A,A,A,A
2433,PALLAGANI PRAVEEN KUMAR,ECE,ECE,C2,IS212,C011,2300049088,P,P,P,P,P,P,P,P
2434,K.SAIDURGAVIVEK,ECE,ECE,C2,IS212,C011,2300049181,P,P,P,P,P,P,P,P
2435,PALLAPATI SUDHARSHAN,ECE,ECE,C2,IS212,C011,2300049225,P,P,P,P,P,P,P,P
2436,THOTTEMPUDI HAARYA,EEE,EEE,C2,IS212,C011,2300060001,P,P,P,P,P,P,P,P
2437,SANKULA SUDEEKSHA,EEE,EEE,C2,IS212,C011,2300060020,P,P,P,P,P,P,P,P
2438,MALLA PRASHANTH,EEE,EEE,C2,IS212,C011,2300069002,P,P,P,P,A,A,A,A
2439,MEKA GANESH,EEE,EEE,C2,IS212,C011,2300069005,P,P,P,P,P,P,P,P
2440,P.HEMANTH KUMAR,EEE,EEE,C2,IS212,C011,2300069006,P,P,P,P,P,P,P,P
2441,REDDY PHANEENDRA,EEE,EEE,C2,IS212,C011,2300069007,P,P,P,P,P,P,P,P
2442,R.HARSHA VARDHAN CHOWDARY,EEE,EEE,C2,IS212,C011,2300069008,P,P,P,P,P,P,P,P
2443,GATTEM VENKATESH,EEE,EEE,C2,IS212,C011,2300069010,A,A,A,A,A,A,A,A
2444,K.ABHISHEK,EEE,EEE,C2,IS212,C011,2300069011,A,A,A,A,A,A,A,A
2445,MAKKELLA MANGA,EEE,EEE,C2,IS212,C011,2300069012,P,P,P,P,P,P,P,P
2446,THIPPALURI MANIDEEP REDDY,EEE,EEE,C2,IS212,C011,2300069014,A,A,A,A,A,A,A,A
2447,P SAI VIVEK,EEE,EEE,C2,IS212,C011,2300069015,A,A,A,A,A,A,A,A
2448,VANGARA YASWANTH SAI,EEE,EEE,C2,IS212,C011,2300069018,P,P,P,P,A,A,A,A
2449,LOMADA PREM SANTHOSH KUMAR,EEE,EEE,C2,IS212,C011,2300069019,A,A,A,A,A,A,A,A
2450,CHAKALI CHINNA NARASIMHUDU,EEE,EEE,C2,IS212,C011,2300069020,A,A,A,A,A,A,A,A
2451,JUPALLI INDU,EEE,EEE,C2,IS212,C011,2300069021,P,P,P,P,P,P,P,P
2452,TERLI SAI MANIKANTA ROHITH,EEE,EEE,C2,IS212,C011,2300069025,A,A,A,A,A,A,A,A
2453,ATHMAKURI PAVAN KALYAN,EEE,EEE,C2,IS212,C011,2300069026,A,A,A,A,A,A,A,A
2454,MOHAMMAD MOBIN,EEE,EEE,C2,IS212,C011,2300069028,A,A,A,A,A,A,A,A
2455,KANURI DHANUSH,EEE,EEE,C2,IS212,C011,2300069030,A,A,A,A,A,A,A,A
2456,DANDU JAYA SURYA VARMA,EEE,EEE,C2,IS212,C011,2300069031,P,P,P,P,P,P,P,P
2457,JADDU SATYA SURESH,EEE,EEE,C2,IS212,C011,2300069033,A,A,A,A,A,A,A,A
2458,CHEJARLA MOUNIKA,EEE,EEE,C2,IS212,C011,2300069035,P,P,P,P,P,P,P,P
2459,MALLURI SAI RAGHU,EEE,EEE,C2,IS212,C011,2300069038,P,P,P,P,P,P,P,P
2460,DEVAVARAPU AJAYKUMAR,EEE,EEE,C2,IS212,C011,2300069039,A,A,A,A,A,A,A,A
2461,JIRAYITHI MOHAMMAD GOUSE,EEE,EEE,C2,IS212,C011,2300069041,P,P,P,P,P,P,P,P
2462,SHIVARATHRI MANIKANTA,EEE,EEE,C2,IS212,C011,2300069043,A,A,A,A,A,A,A,A
2463,TOTAMALLA CHARAN,EEE,EEE,C2,IS212,C011,2300069044,A,A,A,A,A,A,A,A
2464,MUNTHA SATHISH,EEE,EEE,C2,IS212,C011,2300069049,A,A,A,A,A,A,A,A
2465,PAGGILA BHARATH KUMAR,EEE,EEE,C2,IS212,C011,2300069053,A,A,A,A,A,A,A,A
2466,KALLURI.VEERA SWAMI,EEE,EEE,C2,IS212,C011,2300069054,A,A,A,A,A,A,A,A
2467,SHAIK MOHAMMAD IMRAN ALI,EEE,EEE,C2,IS212,C011,2300069059,P,P,P,P,P,P,P,P
2468,D KALYAN VENKAT,MECH,MECH,C2,IS212,C011,2300070001,A,A,A,A,A,A,A,A
2469,MALIPEDDI SAI SIVA LALITH,MECH,MECH,C2,IS212,C011,2300070002,A,A,A,A,A,A,A,A
2470,PASALAPUDI VEEERA VENKATA RAVI KISHORE,MECH,MECH,C2,IS212,C011,2300070004,A,A,A,A,A,A,A,A
2471,PENUPOTHULA VEERA MANIKANTA,MECH,MECH,C2,IS212,C011,2300070008,A,A,A,A,A,A,A,A
2472,SALADI KUMAR GANESH,MECH,MECH,C2,IS212,C011,2300070019,A,A,A,A,A,A,A,A
2473,M ROHITH,MECH,MECH,C2,IS212,C011,2300070021,A,A,A,A,A,A,A,A
2474,DEEVI SRINIVASA GOWTHAM,MECH,MECH,C2,IS212,C011,2300079007,P,P,P,P,P,P,P,P
2475,GORAVA RAMALINGA,MECH,MECH,C2,IS212,C011,2300079013,P,P,P,P,P,P,P,P
2476,CH ARAVIND,MECH,MECH,C2,IS212,C011,2300079021,A,A,A,A,A,A,A,A
2477,S.JAGADEESH SAI KUMAR,MECH,MECH,C2,IS212,C011,2300079026,A,A,A,A,A,A,A,A
2478,VENKATA SAI NEERAJ MALLARPU,IOT,IOT,C2,IS212,C011,2300100018,P,P,P,P,P,P,P,P
2479,HEMANTH KOLAGANI,IOT,IOT,C2,IS212,C011,2300100020,P,P,P,P,P,P,P,P
2480,HARSHA .V,IOT,IOT,C2,IS212,C011,2300100021,P,P,P,P,P,P,P,P
2481,JAYANTH MEDURI,IOT,IOT,C2,IS212,C011,2300100025,A,A,A,A,A,A,A,A
2482,VENIGALLA SHANMUK SRINIVAS,IOT,IOT,C2,IS212,C011,2300100027,A,A,A,A,A,A,A,A
2483,SHAIK SANA,IOT,IOT,C2,IS212,C011,2300100030,A,A,A,A,A,A,A,A
2484,KESARI SHARANYA REDDY,IOT,IOT,C2,IS212,C011,2300100033,A,A,A,A,A,A,A,A
2485,MAGANTI TEJASWINI,IOT,IOT,C2,IS212,C011,2300100041,A,A,A,A,A,A,A,A
2486,GHADGE ABHIJITH,IOT,IOT,C2,IS212,C011,2300100042,A,A,A,A,A,A,A,A
2487,POPURI HARSHINI,IOT,IOT,C2,IS212,C011,2300100043,A,A,A,A,A,A,A,A
2488,SREE SATHVIK GADDE,IOT,IOT,C2,IS212,C011,2300100059,P,P,P,P,P,P,P,P
2489,MALLAVARAPU HARINI,IOT,IOT,C2,IS212,C011,2300100063,A,A,A,A,A,A,A,A
2490,SULAKE SRIKANTH,AIDS,AIDS,C1,IS103,C108,2300080038,P,P,P,P,P,P,P,P
2491,VELISETTY HARSHINI,AIDS,AIDS,C1,IS103,C108,2300080049,P,P,P,P,P,P,P,P
2492,LOHITH REDDY PONAKA,AIDS,AIDS,C1,IS103,C108,2300080096,A,A,A,A,A,A,A,A
2493,BHAVANAM LIKHITHA,AIDS,AIDS,C1,IS103,C108,2300080109,A,A,A,A,P,P,P,P
2494,TALLAPANENI SRI DHRUTI,AIDS,AIDS,C1,IS103,C108,2300080121,P,P,P,P,P,P,P,P
2495,VEMPATI VENKATA NAGA DURGA KRISHNA SUDARSAN,AIDS,AIDS,C1,IS103,C108,2300080127,P,P,P,P,P,P,P,P
2496,POTHARLANKA SESAANK,AIDS,AIDS,C1,IS103,C108,2300080153,P,P,P,P,P,P,P,P
2497,AMMIKA LOKESH,AIDS,AIDS,C1,IS103,C108,2300080160,P,P,P,P,P,P,P,P
2498,SYED ALMAS ALI,AIDS,AIDS,C1,IS103,C108,2300080161,A,A,A,A,A,A,P,P
2499,JANAPATI VAMSI KRISHNA,AIDS,AIDS,C1,IS103,C108,2300080170,P,P,P,P,P,P,P,P
2500,TEJA TARUN SRINIVAS KARRI,AIDS,AIDS,C1,IS103,C108,2300080229,A,A,A,A,A,A,A,A
2501,ACHYUTHA SAI LAKSHMI,AIDS,AIDS,C1,IS103,C108,2300080269,A,A,A,A,A,A,A,A
2502,CH.VASU DEVA REDDY,AIDS,AIDS,C1,IS103,C108,2300080270,A,A,A,A,A,A,A,A
2503,MANASA SOWMYA,AIDS,AIDS,C1,IS103,C108,2300080282,P,P,P,P,P,P,P,P
2504,GUTTA SAI PHANINDRA,AIDS,AIDS,C1,IS103,C108,2300080300,A,A,A,A,A,A,A,A
2505,PILLI SAI PRASANTH,AIDS,AIDS,C1,IS103,C108,2300080305,P,P,P,P,P,P,P,P
2506,KONDURU SAII RAAM,AIDS,AIDS,C1,IS103,C108,2300080317,A,A,A,A,A,A,A,A
2507,TALAKOLA BHAVANA,AIDS,AIDS,C1,IS103,C108,2300080321,A,A,A,A,A,A,A,A
2508,EPURI SWATHI,AIDS,AIDS,C1,IS103,C108,2300080344,A,A,A,A,A,A,A,A
2509,MAHESH KANDUKURI,AIDS,AIDS,C1,IS103,C108,2300080347,P,P,P,P,P,P,P,P
2510,UDAY CHARAN RADA,AIDS,AIDS,C1,IS103,C108,2300080360,P,P,P,P,P,P,P,P
2511,KOUSAR SULTANA,AIDS,AIDS,C1,IS103,C108,2300080369,A,A,A,A,A,A,A,A
2512,L N A K GURU CHARAN,AIDS,AIDS,C1,IS103,C108,2300080378,A,A,A,A,A,A,A,A
2513,DAMMU TEJASWI,AIDS,AIDS,C1,IS103,C108,2300080410,A,A,A,A,A,A,A,A
2514,PALURI YESWANTH NAGA RAMA ABHISHEK,AIDS,AIDS,C1,IS103,C108,2300080417,A,A,A,A,A,A,A,A
2515,ANAND KRISHNA,AIDS,AIDS,C1,IS103,C108,2300089008,A,A,A,A,A,A,A,A
2516,MUHAMMAD YUNUS,AIDS,AIDS,C1,IS103,C108,2300089015,P,P,P,P,P,P,P,P
2517,SHAIK YOUHUL,AIDS,AIDS,C1,IS103,C108,2300089023,A,A,A,A,A,A,P,P
2518,VURA VENKATA SIVA NAGA SAI KARTHIKEYA,AIDS,AIDS,C1,IS103,C108,2300089026,A,A,A,A,A,A,A,A
2519,MIDUTHURU RAJA KULLAYAPPA,AIDS,AIDS,C1,IS103,C108,2300089042,A,A,A,A,A,A,A,A
2520,DEEKSHITHA DWARAM,CSIT,CSIT,C1,IS103,C108,2300090014,A,A,A,A,A,A,P,P
2521,K. NIKITHA,CSIT,CSIT,C1,IS103,C108,2300090019,A,A,A,A,A,A,A,A
2522,KAMPANA.HARSHITHA DURGA,CSIT,CSIT,C1,IS103,C108,2300090021,P,P,P,P,P,P,P,P
2523,K MANOJ,CSIT,CSIT,C1,IS103,C108,2300090048,A,A,A,A,A,A,A,A
2524,S. ADITYA BALAVARDAN,CSIT,CSIT,C1,IS103,C108,2300090059,P,P,P,P,P,P,P,P
2525,N S D K TRISHA BAI,CSIT,CSIT,C1,IS103,C108,2300090071,P,P,P,P,P,P,P,P
2526,CHITTAJALLU HARSHA VARDHAN,CSIT,CSIT,C1,IS103,C108,2300090080,A,A,A,A,A,A,A,A
2527,MANDAVILLI SUDHEER,CSIT,CSIT,C1,IS103,C108,2300090120,P,P,P,P,P,P,P,P
2528,KAVURI SIVA NAGA KOWSHIK,CSIT,CSIT,C1,IS103,C108,2300090133,A,A,A,A,A,A,A,A
2529,A SRIKANTH,CSIT,CSIT,C1,IS103,C108,2300090146,P,P,P,P,P,P,P,P
2530,THOTA BHARGHAV,CSIT,CSIT,C1,IS103,C108,2300090152,P,P,P,P,P,P,P,P
2531,SHAIK KHAJAVALI,CSIT,CSIT,C1,IS103,C108,2300090159,P,P,P,P,P,P,P,P
2532,NAMUDURI SIVA SRIRAMA SARMA,CSIT,CSIT,C1,IS103,C108,2300090177,A,A,A,A,A,A,A,A
2533,B BHARADWAJ SAI SUDHARSAN GANAPATHI,CSIT,CSIT,C1,IS103,C108,2300090203,A,A,A,A,A,A,A,A
2534,KUMMETHA BHARATH KUMAR REDDY,CSIT,CSIT,C1,IS103,C108,2300090218,A,A,A,A,A,A,A,A
2535,MULLAPUDI SAI RAMANA,CSIT,CSIT,C1,IS103,C108,2300090257,P,P,P,P,P,P,P,P
2536,VIVEKNADH,CSIT,CSIT,C1,IS103,C108,2300090262,A,A,A,A,A,A,A,A
2537,CHITTURI MANIKANTA,CSIT,CSIT,C1,IS103,C108,2300090269,P,P,P,P,P,P,P,P
2538,JANGA SATHVIK REDDY,CSIT,CSIT,C1,IS103,C108,2300090309,P,P,P,P,P,P,P,P
2539,T. DEVI GANESH,CSIT,CSIT,C1,IS103,C108,2300090319,A,A,A,A,A,A,A,A
2540,KRANTHI KUMAR.M,CSIT,CSIT,C1,IS103,C108,2300090330,P,P,P,P,P,P,A,A
2541,MIRIYALA ESWAR TEJ,CSIT,CSIT,C1,IS103,C108,2300090344,P,P,P,P,P,P,P,P
2542,NIRBHAY KUMAR,CSIT,CSIT,C1,IS103,C108,2300090360,P,P,P,P,P,P,P,P
2543,LANKADASU VEERA SWAMY,CSIT,CSIT,C1,IS103,C108,2300090370,A,A,A,A,A,A,A,A
2544,ROHAN KUMAR,CSIT,CSIT,C1,IS103,C108,2300090374,P,P,P,P,P,P,P,P
2545,SHAIK FAZRUN,AIDS,AIDS,C1,IS103,C108,2300089033,A,A,A,A,A,A,A,A
2546,SASIDHAR REDDY T,CSIT,CSIT,C1,IS103,C108,2300090315,P,P,P,P,P,P,P,P
2547,U.S.S.KARTHIKEYA,ECE,ECE,C1,IS104,C109,2300040061,P,P,P,P,P,P,P,P
2548,MORTHA NAVADEEP LAKSHMI SAI RAJ KUMAR,ECE,ECE,C1,IS104,C109,2300040064,A,A,A,A,A,A,A,A
2549,PODILA B RAMA SUBRAHMANYA VINAY KASYAP,ECE,ECE,C1,IS104,C109,2300040067,A,A,A,A,A,A,A,A
2550,DHANUKONDA. S L NRUSIMHACHANDRASEKHAR,ECE,ECE,C1,IS104,C109,2300040082,A,A,A,A,A,A,A,A
2551,PEDDISETTY KARTHIK,ECE,ECE,C1,IS104,C109,2300040094,A,A,A,A,A,A,A,A
2552,MUTYALA SIVAKUMAR,ECE,ECE,C1,IS104,C109,2300040101,A,A,A,A,A,A,A,A
2553,NIHARTEJA MUPPIDI,ECE,ECE,C1,IS104,C109,2300040122,P,P,P,P,P,P,P,P
2554,D HARSHA VARDHAN,ECE,ECE,C1,IS104,C109,2300040128,A,A,A,A,A,A,A,A
2555,GATTUPALLI HARI SANJAY KUMAR,ECE,ECE,C1,IS104,C109,2300040137,P,P,P,P,P,P,P,P
2556,ABBURI MANJUSRI,ECE,ECE,C1,IS104,C109,2300040144,P,P,P,P,P,P,P,P
2557,KOTA VENKATA SAI SRINIVAS,ECE,ECE,C1,IS104,C109,2300040149,A,A,A,A,A,A,A,A
2558,GOPU SATHWIK,ECE,ECE,C1,IS104,C109,2300040162,A,A,A,A,A,A,A,A
2559,NALLURI LAVANYA,ECE,ECE,C1,IS104,C109,2300040173,A,A,A,A,A,A,A,A
2560,LALITHA NALLURI,ECE,ECE,C1,IS104,C109,2300040174,A,A,A,A,A,A,A,A
2561,PASUPULA SUJITHA,ECE,ECE,C1,IS104,C109,2300040178,A,A,A,A,A,A,A,A
2562,PADECHIHEMACHANDRASAI,ECE,ECE,C1,IS104,C109,2300040207,P,P,P,P,P,P,P,P
2563,THOTA ESWAR,ECE,ECE,C1,IS104,C109,2300040226,P,P,P,P,P,P,P,P
2564,KANDE JHANSI,ECE,ECE,C1,IS104,C109,2300040244,P,P,P,P,P,P,P,P
2565,SAMPATHI SAMPATHI,ECE,ECE,C1,IS104,C109,2300040297,A,A,A,A,A,A,A,A
2566,GATTEM HEMANTH,ECE,ECE,C1,IS104,C109,2300040309,A,A,A,A,A,A,A,A
2567,K JAISREE,ECE,ECE,C1,IS104,C109,2300040313,P,P,P,P,A,A,A,A
2568,ADUSUMALLI VENKATA SAI KOUSHIK CHOWDARY,ECE,ECE,C1,IS104,C109,2300040314,A,A,A,A,A,A,A,A
2569,JASHWANTH BATTARUSETTY,ECE,ECE,C1,IS104,C109,2300040328,A,A,A,A,A,A,A,A
2570,MANIKANTA SWAMY,ECE,ECE,C1,IS104,C109,2300040337,A,A,A,A,A,A,A,A
2571,PANDARABOINA VENKATESH,ECE,ECE,C1,IS104,C109,2300040340,A,A,A,A,A,A,A,A
2572,SRI RATNA HARSHA,ECE,ECE,C1,IS104,C109,2300040344,A,A,A,A,A,A,A,A
2573,TRIPURAM VIGNESH REDDY,ECE,ECE,C1,IS104,C109,2300040345,A,A,A,A,A,A,A,A
2574,TALARI MANASA,ECE,ECE,C1,IS104,C109,2300040384,A,A,A,A,A,A,A,A
2575,RAKSHITHA DEVARAPALLI,ECE,ECE,C1,IS104,C109,2300040391,A,A,A,A,A,A,A,A
2576,RAMISETTI NAGENDRA BABU,ECE,ECE,C1,IS104,C109,2300040448,A,A,A,A,A,A,A,A
2577,MUDRAGADA VEERA JANAKIRAM,ECE,ECE,C1,IS104,C109,2300040459,A,A,A,A,A,A,A,A
2578,ASWANTH BANDARU,ECE,ECE,C1,IS104,C109,2300049005,P,P,P,P,P,P,P,P
2579,YANNAM PRAVEEN KUMAR REDDY,ECE,ECE,C1,IS104,C109,2300049012,P,P,P,P,A,A,A,A
2580,KANAGALA BHARATH,ECE,ECE,C1,IS104,C109,2300049017,A,A,A,A,A,A,A,A
2581,PANYAM NAGA MALLIKA,ECE,ECE,C1,IS104,C109,2300049025,A,A,A,A,A,A,A,A
2582,KEDHARISETTY L V N RAJKUMAR,ECE,ECE,C1,IS104,C109,2300049029,A,A,A,A,A,A,A,A
2583,KOTHAPALLI ROOPIKA,ECE,ECE,C1,IS104,C109,2300049031,A,A,A,A,A,A,A,A
2584,VELAMANCHI LIKHITHA,ECE,ECE,C1,IS104,C109,2300049038,A,A,A,A,A,A,A,A
2585,BHASKARA NANDINI,ECE,ECE,C1,IS104,C109,2300049041,A,A,A,A,A,A,A,A
2586,VENKATA BHASKAR CHALLA,ECE,ECE,C1,IS104,C109,2300049057,P,P,P,P,P,P,P,P
2587,POLURI RAMESH,ECE,ECE,C1,IS104,C109,2300049068,P,P,P,P,P,P,P,P
2588,BALAGANI VINAY,ECE,ECE,C1,IS104,C109,2300049070,A,A,A,A,A,A,A,A
2589,VADADA JHANSI,ECE,ECE,C1,IS104,C109,2300049090,P,P,P,P,P,P,P,P
2590,JAVVADI RAJESWARI,ECE,ECE,C1,IS104,C109,2300049107,A,A,A,A,A,A,A,A
2591,VENKATA CHENNA KESHAV,ECE,ECE,C1,IS104,C109,2300049116,A,A,A,A,A,A,A,A
2592,MUKATHA NANDINI,ECE,ECE,C1,IS104,C109,2300049118,A,A,A,A,A,A,A,A
2593,M.P.V.KRISHNA KUMAR,ECE,ECE,C1,IS104,C109,2300049119,P,P,P,P,P,P,P,P
2594,SUMA TEJASRI SANAKA,ECE,ECE,C1,IS104,C109,2300049128,A,A,A,A,A,A,A,A
2595,ANKIREDDY INDHU SREE,ECE,ECE,C1,IS104,C109,2300049139,A,A,A,A,A,A,A,A
2596,VENKAT TIRUPATHIRAO CHEEPU,ECE,ECE,C1,IS104,C109,2300049145,A,A,A,A,A,A,A,A
2597,CHENAMAREDDYGARI DINESWAR REDDY,ECE,ECE,C1,IS104,C109,2300049148,A,A,A,A,A,A,A,A
2598,REDDY RAMAKRISHNA,ECE,ECE,C1,IS104,C109,2300049151,A,A,A,A,A,A,A,A
2599,GANGULA JITENDRA BABU,ECE,ECE,C1,IS104,C109,2300049152,A,A,A,A,A,A,A,A
2600,VEMA VASAVI VISWAJITHA,ECE,ECE,C1,IS104,C109,2300049155,A,A,A,A,P,P,P,P
2601,SIMMA VENKATA RAMANA,ECE,ECE,C1,IS104,C109,2300049157,A,A,A,A,A,A,A,A
2602,GANGOJI JAGADEESWAR,ECE,ECE,C1,IS104,C109,2300049158,A,A,A,A,A,A,A,A
2603,GUDAVALLI ROCHISHA PRAJNA,ECE,ECE,C1,IS104,C109,2300049161,P,P,P,P,P,P,P,P
2604,C.SATISH REDDY,ECE,ECE,C1,IS104,C109,2300049166,P,P,P,P,A,A,A,A
2605,MANCHIMSETTI SYAMALA,ECE,ECE,C1,IS104,C109,2300049170,P,P,P,P,P,P,P,P
2606,CHINTA SAI SATISH,ECE,ECE,C1,IS104,C109,2300049175,A,A,A,A,A,A,A,A
2607,PRANAV M V R,ECE,ECE,C1,IS104,C109,2300049184,A,A,A,A,A,A,A,A
2608,VALLAPU GOPI RAJU,ECE,ECE,C1,IS104,C109,2300049190,A,A,A,A,A,A,A,A
2609,MOHAMMED NAZMA BEGUM,ECE,ECE,C1,IS104,C109,2300049197,A,A,A,A,A,A,A,A
2610,SHAIK SAJEEDHA,ECE,ECE,C1,IS104,C109,2300049206,A,A,A,A,A,A,A,A
2611,YELAGANI SAI SAI KRISHNA,ECE,ECE,C1,IS104,C109,2300049214,P,P,P,P,A,A,A,A
2612,KAVURI SAHITHI,ECE,ECE,C1,IS104,C109,2300040180,A,A,A,A,A,A,A,A
2613,RACHAPUDI DHARMENDRA KARTHIK,ECE,ECE,C1,IS104,C109,2300040409,P,P,P,P,P,P,P,P
2614,ARIGELA SAI SURYA,CSE,CSE1,C2,CGN21,C121,2300030045,A,A,A,A,A,A,A,A
2615,VAIBHAV BATCHU,CSE,CSE1,C2,CGN21,C121,2300030074,A,A,A,A,A,A,A,A
2616,BODDU PARDHA SARADHI,CSE,CSE1,C2,CGN21,C121,2300030087,P,P,P,P,P,P,P,P
2617,BOLLIPALLI CHAKRITHA,CSE,CSE1,C2,CGN21,C121,2300030091,P,P,P,P,P,P,P,P
2618,BOYINA DASARADHA SAI,CSE,CSE1,C2,CGN21,C121,2300030104,P,P,P,P,P,P,P,P
2619,GADDAM NAVYASRI,CSE,CSE1,C2,CGN21,C121,2300030186,P,P,P,P,P,P,P,P
2620,ANU GATTHAM,CSE,CSE1,C2,CGN21,C121,2300030204,A,A,A,A,A,A,A,A
2621,GUDIPUDI SAI MANIKANTA,CSE,CSE1,C2,CGN21,C121,2300030229,A,A,A,A,A,A,A,A
2622,JARAJAPU INDRA NEEL,CSE,CSE1,C2,CGN21,C121,2300030272,P,P,P,P,P,P,P,P
2623,KARNA SAI PUJA,CSE,CSE1,C2,CGN21,C121,2300030307,P,P,P,P,P,P,P,P
2624,KUDITHIRI BHARATH KUMAR,CSE,CSE1,C2,CGN21,C121,2300030365,A,A,A,A,A,A,A,A
2625,MANTHENA V K BHAGYA SRI,CSE,CSE1,C2,CGN21,C121,2300030406,P,P,P,P,P,P,P,P
2626,MOUNIKANJALI POPURI,CSE,CSE1,C2,CGN21,C121,2300030489,P,P,P,P,P,P,P,P
2627,PARIMI SATHWIKA,CSE,CSE1,C2,CGN21,C121,2300030513,P,P,P,P,P,P,P,P
2628,PINDIGANTI SRAVANTHI,CSE,CSE1,C2,CGN21,C121,2300030537,A,A,A,A,A,A,A,A
2629,PURNAM UDAY KEERTHI,CSE,CSE1,C2,CGN21,C121,2300030562,P,P,P,P,P,P,P,P
2630,RAMBA KARTHIK AJAY,CSE,HTR,C2,CGN21,C121,2300030575,P,P,P,P,P,P,P,P
2631,SAAVUKAARI MEGHANADH,CSE,CSE1,C2,CGN21,C121,2300030591,A,A,A,A,A,A,A,A
2632,DEEPTHI,CSE,HTR,C2,CGN21,C121,2300030649,A,A,A,A,A,A,A,A
2633,TEJASWINI SADINENI,CSE,CSE1,C2,CGN21,C121,2300030672,P,P,P,P,P,P,P,P
2634,SUBHASH VADAPARTHI,CSE,HTR,C2,CGN21,C121,2300030695,P,P,P,P,P,P,P,P
2635,VAITLA HARSHITHA,CSE,CSE1,C2,CGN21,C121,2300030700,P,P,P,P,P,P,P,P
2636,VENKATA SATYA SHANMUKHA VEERA,CSE,CSE1,C2,CGN21,C121,2300030726,A,A,A,A,A,A,A,A
2637,VINJAMURI ABHIJNA,CSE,HTR,C2,CGN21,C121,2300030732,P,P,P,P,P,P,P,P
2638,KESAVA SUSHANTH,CSE,HTR,C2,CGN21,C121,2300030795,P,P,P,P,P,P,P,P
2639,KOKA SAI YASASWI,CSE,CSE1,C2,CGN21,C121,2300030809,P,P,P,P,P,P,P,P
2640,GUDIPUDI RUTWIKA,CSE,CSE1,C2,CGN21,C121,2300030819,P,P,P,P,P,P,P,P
2641,MONISH KARIPINENI,CSE,HTR,C2,CGN21,C121,2300030824,A,A,A,A,A,A,A,A
2642,BANDREDDY HARSHITHA,CSE,CSE1,C2,CGN21,C121,2300030879,P,P,P,P,P,P,P,P
2643,SHAIK MAHAMMAD ALTHAF,CSE,CSE1,C2,CGN21,C121,2300030899,P,P,P,P,P,P,A,A
2644,GOKAVARAPUDIMPLEAKSHAYA,CSE,CSE1,C2,CGN21,C121,2300030991,P,P,P,P,P,P,P,P
2645,KONDEPATI SHANMUKHA VIJAY,CSE,CSE1,C2,CGN21,C121,2300030999,P,P,A,P,A,A,A,A
2646,RAAGA PRANEETHA VEERISETTY,CSE,CSE1,C2,CGN21,C121,2300031022,P,P,P,P,P,P,P,P
2647,KARIBANDI LAKSHMI CHERISHMA,CSE,CSE1,C2,CGN21,C121,2300031036,P,P,P,P,P,P,P,P
2648,SALADI.SRI ANJANA JYOTHIKA,CSE,CSE1,C2,CGN21,C121,2300031051,P,P,A,P,A,A,A,A
2649,DOPPALAPUDI EPSITHA SAROJINI,CSE,CSE1,C2,CGN21,C121,2300031059,P,P,A,P,A,A,A,A
2650,POTHIREDDY AKHIL KUMAR REDDY,CSE,CSE1,C2,CGN21,C121,2300031067,P,P,A,P,P,P,A,A
2651,CHENNUPALLI LAKSHMI MEGHANA,CSE,CSE1,C2,CGN21,C121,2300031083,P,P,P,P,A,A,A,A
2652,JALLEPALLI KRISHNA HARSHITHA,CSE,CSE1,C2,CGN21,C121,2300031091,P,P,P,P,P,P,P,P
2653,MAMILLAPALLI LIKITHA CHOWDARY,CSE,CSE1,C2,CGN21,C121,2300031098,P,P,P,P,P,P,P,P
2654,ABBABATHULA VENKATA NAVEEN KUMAR,CSE,CSE1,C2,CGN21,C121,2300031168,P,P,P,P,P,P,P,P
2655,VENKATA NAGA SRAVYA SANKARAMANCHI,CSE,CSE1,C2,CGN21,C121,2300031178,A,A,A,A,A,A,A,A
2656,VEMULAKONDA NAAGA DEDEEPYA VIRAAJITHA,CSE,CSE1,C2,CGN21,C121,2300031224,P,P,P,A,P,P,P,P
2657,YENUGU KUMARI SATYA SRI SIVA PRASANNA,CSE,CSE1,C2,CGN21,C121,2300031225,P,P,P,P,P,P,P,P
2658,VEMULAKONDA NAAGA DHANYA HIMA VINEESHA,CSE,CSE1,C2,CGN21,C121,2300031234,P,P,P,P,P,P,P,P
2659,SAI VEEKSHA M,CSE,CSE1,C2,CGN21,C121,2300031322,P,P,P,P,P,P,P,P
2660,MUNAGA RAMYA,CSE,CSE1,C2,CGN21,C121,2300031388,P,P,P,P,P,P,P,P
2661,NIMMAGADDA VIHAS,CSE,HTR,C2,CGN21,C121,2300031452,P,P,P,P,P,P,P,P
2662,MADALA ISHA SRI,CSE,CSE1,C2,CGN21,C121,2300031467,P,P,P,P,P,P,P,P
2663,GARIKI V G MANEESH,CSE,HTR,C2,CGN21,C121,2300031481,P,P,P,P,P,P,P,P
2664,VENNELASRI MIRIYALA,CSE,CSE1,C2,CGN21,C121,2300031526,P,P,P,P,P,P,P,P
2665,MALLEMPUDI VENKATA PREETHI,CSE,CSE1,C2,CGN21,C121,2300031562,P,P,P,P,P,P,P,P
2666,PUVVULA HARSHITHA,CSE,CSE1,C2,CGN21,C121,2300031564,P,P,P,P,A,A,A,A
2667,PONDURI SVVS NAGA VINUTHNA,CSE,CSE1,C2,CGN21,C121,2300031576,P,P,P,P,P,P,P,P
2668,BHUKYA NAGA LAVANYA,CSE,CSE1,C2,CGN21,C121,2300031641,P,P,P,P,P,P,P,P
2669,CHERUKURI ASHA SRI VALLI,CSE,CSE1,C2,CGN21,C121,2300031665,P,P,P,P,P,P,P,P
2670,PATHURI JAI RAM CHOWDARY,CSE,HTR,C2,CGN21,C121,2300031681,A,A,A,A,A,A,A,A
2671,GUDIVADA VENKATA NAGA BHUVANA SRI RAM,CSE,CSE1,C2,CGN21,C121,2300031734,P,P,P,P,P,P,P,P
2672,YAKKALA PAVITRA LATHA,CSE,CSE1,C2,CGN21,C121,2300031745,P,P,P,P,P,P,P,P
2673,KOLLURU LIKITH KUMAR,CSE,HTR,C2,CGN21,C121,2300031752,A,A,A,A,A,A,A,A
2674,MAKARLA SAI PRAVYA,CSE,CSE1,C2,CGN21,C121,2300031755,P,P,P,P,P,P,P,P
2675,MANJULA ESWAR,CSE,CSE1,C2,CGN21,C121,2300031762,P,P,P,P,P,P,P,P
2676,ATLURI MEGHANA,CSE,CSE1,C2,CGN21,C121,2300031791,P,P,P,P,P,P,P,P
2677,MEKALA MARIA SANJITH REDDY,CSE,CSE1,C2,CGN21,C121,2300031810,P,P,P,P,P,P,P,P
2678,KALAKOTI SOHITHA REDDY,CSE,CSE1,C2,CGN21,C121,2300031848,P,P,P,P,P,P,P,P
2679,KAMBHAMPATI RESHA SRI DATTA,CSE,CSE1,C2,CGN21,C121,2300031850,P,P,P,P,P,P,P,P
2680,GOLI GURU VENKATA SAI KUMAR,CSE,CSE1,C2,CGN21,C121,2300031864,A,A,A,A,A,A,A,A
2681,ITHANABOINA GOPI,CSE,HTR,C2,CGN21,C121,2300031876,P,P,P,P,P,P,P,P
2682,MIRIYAMNAVEEN,CSE,CSE1,C2,CGN21,C121,2300031882,P,P,P,P,P,P,P,P
2683,ROOP SAI SATYA MURTHI CHITTI,CSE,CSE1,C2,CGN21,C121,2300031883,A,A,A,A,A,A,A,A
2684,GHANTA PAVANI,CSE,CSE1,C2,CGN21,C121,2300031890,P,P,P,P,P,P,P,P
2685,CHANDU SOWMYA,CSE,CSE1,C2,CGN21,C121,2300031901,P,P,P,P,A,A,A,A
2686,PALLETI SASIDHAR,CSE,HTR,C2,CGN21,C121,2300031906,A,A,A,A,P,P,A,A
2687,MEDAM AAKANKSHA REDDY,CSE,CSE1,C2,CGN21,C121,2300032116,P,P,P,P,P,P,P,P
2688,DANTULURI MANVITHA,CSE,CSE1,C2,CGN21,C121,2300032118,P,P,P,P,P,P,P,P
2689,MEDIKONDA BADHARI NARAYANA,CSE,HTR,C2,CGN21,C121,2300032125,P,P,P,P,A,A,P,P
2690,YAKKALA SRI PUJITHA,CSE,CSE1,C2,CGN21,C121,2300032132,A,A,A,A,A,A,A,A
2691,MADDI RAMYA SRI,CSE,CSE1,C2,CGN21,C121,2300032137,A,A,A,A,A,A,A,A
2692,VASAMSETTI RUPESWARA SRI MANOJ,CSE,CSE1,C2,CGN21,C121,2300032268,A,A,A,A,A,A,A,A
2693,VEERAIAH PAVITHRA,CSE,HTR,C2,CGN21,C121,2300032274,A,A,A,A,P,P,A,A
2694,ELURI SRI VARDHINI,CSE,CSE1,C2,CGN21,C121,2300032290,A,A,A,A,P,P,P,P
2695,TAMMA GUNAVARDHANA REDDY,CSE,CSE1,C2,CGN21,C121,2300032314,P,P,P,P,P,P,P,P
2696,KANITHI PAVAN TEJA,CSE,CSE1,C2,CGN21,C121,2300032344,P,P,P,P,P,P,P,P
2697,CHAGANTI EESWAR REDDY,CSE,CSE1,C2,CGN21,C121,2300032349,P,P,P,P,P,P,A,A
2698,MOPURU ROSHINI,CSE,CSE1,C2,CGN21,C121,2300032405,A,A,A,A,A,A,A,A
2699,MADDINENI PUSHYAMI KRISHNA,CSE,CSE1,C2,CGN21,C121,2300032434,P,P,P,P,P,P,P,P
2700,MEHEK FATIMA SHAIK,CSE,CSE1,C2,CGN21,C121,2300032473,P,P,P,P,P,P,P,P
2701,BHAVYA VARSHITHA. SURE,CSE,CSE1,C2,CGN21,C121,2300032507,A,A,A,A,A,A,A,A
2702,ANNAPANENI D V SHIVANI SWAPNA,CSE,CSE1,C2,CGN21,C121,2300032580,P,P,P,P,P,P,P,P
2703,GUBBALA MOHAN SRI NAGA SATYA SANDEEP,CSE,CSE1,C2,CGN21,C121,2300032624,A,A,A,A,A,A,A,A
2704,GUNTUPALLI JYOTHIRMAYEE,CSE,CSE1,C2,CGN21,C121,2300032650,P,P,P,P,P,P,P,P
2705,CHERUKURI YASASWINI,CSE,CSE1,C2,CGN21,C121,2300032663,P,P,P,P,P,P,P,P
2706,ANNAPUREDDY JESWANTH REDDY,CSE,CSE1,C2,CGN21,C121,2300032665,P,P,P,P,P,P,P,P
2707,MULAGALA DURGA PHANI SPANDANA,CSE,CSE1,C2,CGN21,C121,2300032724,P,P,P,P,A,A,A,A
2708,GANGITLA MOUNIKA,CSE,CSE1,C2,CGN21,C121,2300032747,P,P,P,P,P,P,P,P
2709,JYOTHI RAGA SRI YARLAGADDA,CSE,CSE1,C2,CGN21,C121,2300032759,P,P,P,P,P,P,P,P
2710,TALLAPRAGADA N V AJAY SAI SRIPADA RAJESH,CSE,CSE1,C2,CGN21,C121,2300032763,P,P,P,P,P,P,P,P
2711,BAYI VIVEKAVARDHAN,CSE,CSE1,C2,CGN21,C121,2300032884,A,A,A,A,A,A,A,A
2712,YADLAPALLI MOUNISH,CSE,CSE1,C2,CGN21,C121,2300032885,A,A,A,A,A,A,A,A
2713,YERRAMSETTI MOULI,CSE,CSE1,C2,CGN21,C121,2300032911,A,A,A,A,A,A,A,A
2714,GADE NAGA CHETAN,CSE,CSE1,C2,CGN21,C121,2300032928,P,P,P,P,P,P,P,P
2715,SAGINEEDU LOEHIT,CSE,CSE1,C2,CGN21,C121,2300032938,A,A,A,A,A,A,A,A
2716,R CHAITANYA KRISHNA,CSE,CSE1,C2,CGN21,C121,2300033068,A,A,A,A,A,A,A,A
2717,PUNNAMARAJU SAMPATH ANURAG,CSE,CSE1,C2,CGN21,C121,2300033081,A,A,A,A,A,A,A,A
2718,CHENNAM SIVA NAGESH BABU,CSE,HTR,C2,CGN21,C121,2300033123,P,P,P,P,P,P,P,P
2719,ARUMALLA JAYANTH REDDY,CSE,CSE1,C2,CGN21,C121,2300033175,P,P,P,P,P,P,P,P
2720,MAMIDALA SARA DEEPIKA,CSE,CSE1,C2,CGN21,C121,2300033196,P,P,P,P,P,P,P,P
2721,CHINTALAPUDI PRANEETH,CSE,CSE1,C2,CGN21,C121,2300033208,A,A,A,A,A,A,A,A
2722,SUDULAGUNTA SARVAGNA,CSE,CSE1,C2,CGN21,C121,2300033295,A,A,A,A,A,A,A,A
2723,DEVARAPALLI MYDHILI,CSE,CSE1,C2,CGN21,C121,2300033316,A,A,A,A,A,A,A,A
2724,LOHITHA,CSE,CSE1,C2,CGN21,C121,2300033317,P,P,P,P,P,P,P,P
2725,THAMMINENI PUJITHA,CSE,CSE1,C2,CGN21,C121,2300033349,A,A,A,A,A,A,A,A
2726,SUNIDHI GUDAPATI,CSE,CSE1,C2,CGN21,C121,2300033452,P,P,P,P,P,P,P,P
2727,CHAKKA MALVIKA,CSE,CSE1,C2,CGN21,C121,2300033468,A,A,A,A,A,A,A,A
2728,MANTENA SRAVANI,CSE,CSE1,C2,CGN21,C121,2300033482,A,A,A,A,A,A,A,A
2729,THOTA NIKHITHA,CSE,CSE1,C2,CGN21,C121,2300033484,A,A,A,A,A,A,A,A
2730,B MANOJ KUMAR,CSE,CSE1,C2,CGN21,C121,2300033532,P,P,P,P,P,P,A,A
2731,APPURUBOTHU PRAVALLIKA,CSE,CSE1,C2,CGN21,C121,2300033558,A,A,A,A,A,A,A,A
2732,KATIKINA BHAVYA DEEPTHI,CSE,CSE1,C2,CGN21,C121,2300033621,P,P,P,P,P,P,P,P
2733,SAVVY SALONI KOTNALA,CSE,CSE1,C2,CGN21,C121,2300033666,P,P,P,P,P,P,P,P
2734,CHINNAMALLI REDDY GARI KEERTHANA REDDY,CSE,CSE1,C2,CGN21,C121,2300033874,A,A,A,A,A,A,A,A
2735,SUSANT LANKA,ECE,HTR,C2,CGN21,C121,2300040387,P,P,P,P,P,P,P,P
2736,NAINALA JANAKI SRINIVASA SAI,AIDS,HTR,C2,CGN21,C121,2300080276,P,P,P,P,P,P,A,A
2737,BANDLA NAYANA LAKSHMI PRANAVA,CSIT,HTR,C2,CGN21,C121,2300090214,P,P,P,P,P,P,P,P
2738,BALLA ANUSHA,CSE,CSE3,C2,IS207,C122,2300030066,P,P,P,P,P,P,P,P
2739,CHALASANISAIROHITH,CSE,CSE3,C2,IS207,C122,2300030111,A,A,A,A,A,A,A,A
2740,GAJULA SAI RAMYA SRI,CSE,CSE3,C2,IS207,C122,2300030193,A,A,A,A,A,A,A,A
2741,NITHIN SAI,CSE,CSE3,C2,IS207,C122,2300030445,A,A,A,A,A,A,A,A
2742,DHANA SRIRAM YALLA,CSE,CSE3,C2,IS207,C122,2300030742,A,A,A,A,A,A,A,A
2743,YARASI JHANSI,CSE,CSE3,C2,IS207,C122,2300030747,A,A,A,A,A,A,A,A
2744,YELGODU MOHAMMED ARIEF,CSE,CSE3,C2,IS207,C122,2300030757,P,P,P,P,P,P,P,P
2745,PURANAM ANISH,CSE,CSE3,C2,IS207,C122,2300030781,P,P,P,P,P,P,A,A
2746,KUNA SAI CHARVIK,CSE,CSE3,C2,IS207,C122,2300030822,A,A,A,A,A,A,A,A
2747,SD KAMRAN AKMAL,CSE,CSE4,C2,IS207,C122,2300030835,A,A,A,A,A,A,A,A
2748,KONKIMALLA SHANMUKHASAI,CSE,CSE3,C2,IS207,C122,2300030955,P,P,P,P,P,P,P,P
2749,NIKHIL SRIRAJ,CSE,CSE3,C2,IS207,C122,2300031040,A,A,A,A,A,A,A,A
2750,PATHURI SAI CHANDRA SEKHAR,CSE,CSE3,C2,IS207,C122,2300031049,A,A,A,A,A,A,A,A
2751,PAVAN ADITYA SAI CHILAMAKURI,CSE,CSE3,C2,IS207,C122,2300031084,P,P,P,P,P,P,P,P
2752,YELLAPRAGADA LAKSHMI PHANINDRA,CSE,CSE3,C2,IS207,C122,2300031127,A,A,A,A,A,A,A,A
2753,MALEMPATI NUTHANA PRIYA HARSHINI,CSE,CSE3,C2,IS207,C122,2300031160,P,P,P,P,P,P,P,P
2754,MOGARAMPALLI LAKSHMI SAI MYTHRI,CSE,CSE3,C2,IS207,C122,2300031162,A,A,A,A,A,A,A,A
2755,VLSSS SHANMUKH,CSE,CSE3,C2,IS207,C122,2300031221,P,P,P,P,P,P,P,P
2756,TULLURI VEERA VENKATA DEEPIKA CHOWDARY,CSE,CSE3,C2,IS207,C122,2300031233,A,A,A,A,A,A,A,A
2757,ANNAPUREDDY SRAVYA,CSE,CSE3,C2,IS207,C122,2300031313,P,P,P,P,P,P,P,P
2758,KAKARLAYESWANTHKUMAR,CSE,CSE3,C2,IS207,C122,2300031427,P,P,P,P,P,P,P,P
2759,KADAMBALA MANOJ KUMAR,CSE,CSE3,C2,IS207,C122,2300031447,A,A,A,A,A,A,A,A
2760,GEETHIKA,CSE,CSE3,C2,IS207,C122,2300031513,A,A,A,A,A,A,A,A
2761,KATRAGADDA REETHI,CSE,CSE3,C2,IS207,C122,2300031534,P,P,P,P,P,P,A,A
2762,AJEES SHAIK,CSE,CSE4,C2,IS207,C122,2300031583,A,A,A,A,A,A,A,A
2763,VARSHAREDDY,CSE,CSE3,C2,IS207,C122,2300031596,A,A,A,A,A,A,A,A
2764,VORUGANTI THANMAI,CSE,CSE3,C2,IS207,C122,2300031624,A,A,A,A,A,A,A,A
2765,SHAIK MOHAMMED MAAAZ,CSE,CSE3,C2,IS207,C122,2300031718,A,A,A,A,A,A,A,A
2766,KALIDINDI PUNEETH SRI VARMA,CSE,CSE3,C2,IS207,C122,2300031759,A,A,A,A,A,A,A,A
2767,BONTHU YESWANTH,CSE,CSE4,C2,IS207,C122,2300031838,A,A,A,A,A,A,A,A
2768,SYAM SUNDHAR,CSE,CSE3,C2,IS207,C122,2300031841,A,A,A,A,A,A,A,A
2769,VISHNUVARDHAN RAJU S,CSE,CSE4,C2,IS207,C122,2300031845,A,A,A,A,A,A,A,A
2770,DACHEPALLI BHAVA SATHWIKA,CSE,CSE3,C2,IS207,C122,2300031992,P,P,P,P,P,P,P,P
2771,SADHU GOUTHAM REDDY,CSE,CSE3,C2,IS207,C122,2300032001,A,A,A,A,A,A,A,A
2772,NEELAKANTAM GURU SAHASRA,CSE,CSE3,C2,IS207,C122,2300032007,P,P,P,P,P,P,P,P
2773,KOTA NEERAJA,CSE,CSE3,C2,IS207,C122,2300032041,P,P,P,P,P,P,P,P
2774,MUPPARAPU PRAGNA,CSE,CSE3,C2,IS207,C122,2300032072,A,A,A,A,A,A,A,A
2775,THOTA SYAM,CSE,CSE3,C2,IS207,C122,2300032351,A,A,A,A,A,A,A,A
2776,MARUPILLA PRADEEP KUMAR,CSE,CSE3,C2,IS207,C122,2300032569,P,P,P,P,P,P,A,A
2777,N.MADHUMITHA,CSE,CSE3,C2,IS207,C122,2300032605,P,P,P,P,P,P,P,P
2778,LAHARI DUSNAMONI,CSE,CSE3,C2,IS207,C122,2300032660,A,A,A,A,A,A,A,A
2779,DODDA LOKESH,CSE,CSE3,C2,IS207,C122,2300032704,P,P,P,P,P,P,P,P
2780,G.SHANMUKHANATH REDDY,CSE,CSE3,C2,IS207,C122,2300032773,A,A,A,A,A,A,A,A
2781,KANUBOINAPRAVEEN,CSE,CSE3,C2,IS207,C122,2300032906,A,A,A,A,A,A,A,A
2782,T HEMA SRILATHA,CSE,CSE3,C2,IS207,C122,2300032908,P,P,P,P,P,P,P,P
2783,SHREYA RAI,CSE,CSE3,C2,IS207,C122,2300032993,A,A,A,A,A,A,A,A
2784,RUPESH CH,CSE,CSE3,C2,IS207,C122,2300033030,A,A,A,A,A,A,A,A
2785,I. DHANA VARDHAN REDDY,CSE,CSE3,C2,IS207,C122,2300033092,P,P,P,P,A,A,A,A
2786,SHAIK MULLA MOHAMMAD SANA,CSE,CSE3,C2,IS207,C122,2300033102,A,A,A,A,A,A,P,P
2787,ALLADA P S V SANDHYANA,CSE,CSE3,C2,IS207,C122,2300033182,P,P,P,P,P,P,P,P
2788,A SHANMUKHA SRIYA,CSE,CSE4,C2,IS207,C122,2300033184,P,P,P,P,P,P,P,P
2789,POKURI GAYATRI NIKHILA,CSE,CSE3,C2,IS207,C122,2300033199,P,P,P,P,P,P,P,P
2790,NITHEESH REDDY,CSE,CSE3,C2,IS207,C122,2300033236,A,A,A,A,A,A,A,A
2791,BADAM SUDHEER REDDY,CSE,CSE3,C2,IS207,C122,2300033278,A,A,A,A,A,A,A,A
2792,DEVARAKONDA HEMASRI,CSE,CSE3,C2,IS207,C122,2300033282,A,A,A,A,A,A,A,A
2793,MALLA KETAN HIMAMSU,CSE,CSE3,C2,IS207,C122,2300033323,A,A,A,A,A,A,A,A
2794,VASA SWARNA BLESSY,CSE,CSE3,C2,IS207,C122,2300033338,A,A,A,A,A,A,A,A
2795,PEDDIRAJU GURAJALA,CSE,CSE4,C2,IS207,C122,2300033340,A,A,A,A,A,A,A,A
2796,NITHISHA BOLISETTY,CSE,CSE3,C2,IS207,C122,2300033341,P,P,P,P,P,P,P,P
2797,KARISHMA KAKUMANU,CSE,CSE3,C2,IS207,C122,2300033342,A,A,A,A,A,A,A,A
2798,NISHITHA PAGADALA,CSE,CSE3,C2,IS207,C122,2300033343,A,A,A,A,A,A,A,A
2799,CHAVA VEERA SOWMYA,CSE,CSE3,C2,IS207,C122,2300033352,P,P,P,P,P,P,P,P
2800,SAANVITHA KOPPOJU,CSE,CSE3,C2,IS207,C122,2300033394,A,A,A,A,A,A,A,A
2801,GANGINENI MEGHANA,CSE,CSE3,C2,IS207,C122,2300033417,P,P,P,P,P,P,P,P
2802,RAMGOPAL,CSE,CSE3,C2,IS207,C122,2300033425,P,P,P,P,P,P,P,P
2803,VUNNAVA VASAVI,CSE,CSE3,C2,IS207,C122,2300033488,P,P,P,P,P,P,P,P
2804,LIKHTIH_NUNE,CSE,CSE3,C2,IS207,C122,2300033556,A,A,A,A,A,A,A,A
2805,L MADHAVAN,CSE,CSE3,C2,IS207,C122,2300033571,A,A,A,A,A,A,A,A
2806,RAJULAPATI DWARAKA ANJINI NAGA MANIKANTA,CSE,CSE3,C2,IS207,C122,2300033588,A,A,A,A,A,A,A,A
2807,V NADHAN,CSE,CSE4,C2,IS207,C122,2300033598,P,P,P,P,P,P,A,A
2808,PRANATHI VORUGANTI,CSE,CSE3,C2,IS207,C122,2300033644,A,A,A,A,A,A,A,A
2809,KONAKALLA LOHITH GUPTA,CSE,CSE3,C2,IS207,C122,2300033660,A,A,A,A,A,A,A,A
2810,CHILUKOTI HARIKA,CSE,CSE3,C2,IS207,C122,2300033745,P,P,P,P,P,P,P,P
2811,DHARSI TULESH KUMAR,CSE,CSE3,C2,IS207,C122,2300033791,A,A,A,A,A,A,A,A
2812,MITTA KAVYA NAYANA,CSE,CSE3,C2,IS207,C122,2300033848,A,A,A,A,A,A,P,P
2813,CHAPPATI.MOHANA RAO,CSE,CSE3,C2,IS207,C122,2300033873,A,A,A,A,A,A,A,A
2814,BOMMAREDDY RAM CHARAN REDDY,CSE,CSE3,C2,IS207,C122,2300039024,P,P,P,P,P,P,P,P
2815,PASUPULETI ABHINAV JASWANTH,CSE,CSE3,C2,IS207,C122,2300039119,P,P,P,P,P,P,P,P
2816,PACHIGOLLA AKSHAY NITHIN,CSE,CSE3,C2,IS207,C122,2300031100,P,P,P,P,P,P,P,P
2817,VYBHAV BANDI,CSE,CSE4,C1,IS107,C209,2300030070,P,P,P,P,P,P,P,P
2818,G.DINESH RAJ,CSE,CSE4,C1,IS107,C209,2300030206,A,A,A,A,A,A,A,A
2819,MALLELA REVANTH,CSE,CSE4,C1,IS107,C209,2300030385,A,A,A,A,A,A,A,A
2820,P.JATHIN,CSE,CSE4,C1,IS107,C209,2300030505,A,A,A,A,A,A,A,A
2821,RAVINDRANADHCHAUDHERY,CSE,CSE4,C1,IS107,C209,2300030580,A,A,A,A,A,A,A,A
2822,MANEESHA M,CSE,CSE4,C1,IS107,C209,2300030825,P,P,P,P,P,P,P,P
2823,V JYOTHIRNANDAN,CSE,CSE4,C1,IS107,C209,2300031020,P,P,P,P,P,P,P,P
2824,P SRAVYA MEGHANAREDDY,CSE,CSE4,C1,IS107,C209,2300031068,A,A,A,A,A,A,A,A
2825,BURRAMUKKU SIVA NARAYANA REDDY,CSE,CSE4,C1,IS107,C209,2300031109,P,P,P,P,P,P,P,P
2826,KESHAVA REDDY DEEKSHITHA REDDY,CSE,CSE4,C1,IS107,C209,2300031135,A,A,A,A,A,A,A,A
2827,SHAIK MOHAMMAD SAMI,CSE,CSE4,C1,IS107,C209,2300031276,A,A,A,A,A,A,A,A
2828,MANNAM VENKATESH,CSE,CSE4,C1,IS107,C209,2300031277,A,A,A,A,A,A,A,A
2829,HEMANTH YANAMADALA,CSE,CSE4,C1,IS107,C209,2300031358,P,P,P,P,P,P,P,P
2830,NALLAMILLI SATYA SAI NITHIN REDDY,CSE,CSE4,C1,IS107,C209,2300031414,P,P,P,P,P,P,P,P
2831,KALYAN GADDIPATI,CSE,CSE4,C1,IS107,C209,2300031520,A,A,A,A,A,A,A,A
2832,BHAVISHYAVARDHAN,CSE,CSE4,C1,IS107,C209,2300031521,P,P,P,P,P,P,P,P
2833,ALAHARI.PARIMALA,CSE,CSE4,C1,IS107,C209,2300031673,A,A,A,A,A,A,A,A
2834,LOCHAN VADLAMUDI,CSE,CSE4,C1,IS107,C209,2300031705,P,P,P,P,P,P,P,P
2835,SARIPELLA VIKRAM ADITYA VARMA,CSE,CSE4,C1,IS107,C209,2300031728,A,A,A,A,A,A,A,A
2836,SOMISETTY VENKATA SAI ASISH,CSE,CSE4,C1,IS107,C209,2300031732,P,P,P,P,P,P,P,P
2837,YAPAMANU JAYANTH KUMAR REDDY,CSE,CSE4,C1,IS107,C209,2300031742,A,A,A,A,A,A,A,A
2838,CHAGANTI VENKATA SAI KARTHIKEYA,CSE,CSE4,C1,IS107,C209,2300031782,P,P,P,P,P,P,P,P
2839,ROHITH NAIDU,CSE,CSE4,C1,IS107,C209,2300031800,A,A,A,A,A,A,A,A
2840,L.SREE VIGNESH NAIDU,CSE,CSE4,C1,IS107,C209,2300031843,A,A,A,A,A,A,A,A
2841,LEELAKRISHNA,CSE,CSE4,C1,IS107,C209,2300031928,A,A,A,A,A,A,A,A
2842,BOGGARAPU MANIKANTA SAI KUMAR,CSE,CSE4,C1,IS107,C209,2300031975,P,P,P,P,P,P,P,P
2843,APPIKATLAKAVYASREE,CSE,CSE4,C1,IS107,C209,2300031978,A,A,A,A,A,A,A,A
2844,SRI SARAN VANDANAPU,CSE,CSE4,C1,IS107,C209,2300032013,A,A,A,A,A,A,A,A
2845,K CHAITANYA SUBHASH,CSE,CSE4,C1,IS107,C209,2300032101,P,P,P,P,A,A,A,A
2846,GORANTLA SRI SAI BRAHMENDRA,CSE,CSE4,C1,IS107,C209,2300032102,A,A,A,A,A,A,A,A
2847,G SAI MOHANA VAISHNAVI,CSE,CSE4,C1,IS107,C209,2300032112,P,P,P,P,P,P,P,P
2848,ROHIT KUMAR,CSE,CSE4,C1,IS107,C209,2300032154,A,A,A,A,A,A,A,A
2849,VALIVARTHI SOMANSH VARMA,CSE,CSE4,C1,IS107,C209,2300032204,P,P,P,P,P,P,P,P
2850,KAMIREDDY VAMSHIDHAR REDDY,CSE,CSE4,C1,IS107,C209,2300032468,A,A,A,A,A,A,A,A
2851,SAIVINEELP,CSE,CSE4,C1,IS107,C209,2300032482,A,A,A,A,A,A,A,A
2852,ABDUL AREEF,CSE,CSE4,C1,IS107,C209,2300032485,P,P,P,P,P,P,P,P
2853,AMKSHIT GOUD S,CSE,CSE4,C1,IS107,C209,2300032487,P,P,P,P,P,P,P,P
2854,JYOTHIRMAYI ALAPATI,CSE,CSE4,C1,IS107,C209,2300032702,A,A,A,A,A,A,A,A
2855,GADUPUDI SIDDARTHA KARTHIKEYA,CSE,CSE4,C1,IS107,C209,2300032705,A,A,A,A,A,A,A,A
2856,D SANTHOSH KUMAR,CSE,CSE4,C1,IS107,C209,2300032758,A,A,A,A,A,A,A,A
2857,KANUMURI BHARATH RITHWIK VARMA,CSE,CSE4,C1,IS107,C209,2300032776,A,A,A,A,A,A,A,A
2858,ANUSHKA CHOWDARY,CSE,CSE4,C1,IS107,C209,2300033063,A,A,A,A,A,A,A,A
2859,DANABOYINA MAHENDRA,CSE,CSE4,C1,IS107,C209,2300033281,P,P,P,P,A,A,P,P
2860,JYONITH GADHAMSETTI,CSE,CSE4,C1,IS107,C209,2300033285,A,A,A,A,A,A,A,A
2861,SHAIK ABDUL ROUF,CSE,CSE4,C1,IS107,C209,2300033407,A,A,A,A,A,A,A,A
2862,KURUVA RAVITEJA,CSE,CSE4,C1,IS107,C209,2300033480,P,P,P,P,A,A,A,A
2863,ANKIREDDY SAI VARSHITHA,CSE,HTE,C1,SI12,C225,2300030036,P,P,P,P,P,P,P,P
2864,BALABOINA JYOTI YADAV,CSE,CSE2,C1,SI12,C225,2300030063,P,P,P,P,P,P,P,P
2865,BARMA ASWINI,CSE,CSE1,C1,SI12,C225,2300030072,P,P,P,P,P,P,P,P
2866,CHITHALURU RASAGNA,CSE,CSE2,C1,SI12,C225,2300030141,P,P,P,P,P,P,P,P
2867,SUGGULA DHARANI PRIYA,CSE,HTE,C1,SI12,C225,2300030165,A,A,A,A,A,A,P,P
2868,EDARA SAI PALLAVI REDDY,CSE,CSE2,C1,SI12,C225,2300030180,P,P,P,P,P,P,P,P
2869,JAJJARA ESWAR VARDAN,CSE,CSE2,C1,SI12,C225,2300030262,P,P,P,P,P,P,P,P
2870,LALITHESH MUNNA,CSE,CSE2,C1,SI12,C225,2300030378,P,P,P,P,P,P,P,P
2871,NAINA SAI BHAVANA MADALA,CSE,CSE1,C1,SI12,C225,2300030386,P,P,P,P,P,P,P,P
2872,MARAKA LAKSHMI MEGHANA,CSE,CSE2,C1,SI12,C225,2300030408,P,P,P,P,P,P,P,P
2873,N SANJANA,CSE,CSE2,C1,SI12,C225,2300030456,A,A,A,A,A,A,A,A
2874,NAGULLA SASI GANESH,CSE,CSE3,C1,SI12,C225,2300030463,A,A,A,A,A,A,A,A
2875,VAMSI RAM NANDIGAM,CSE,HTE,C1,SI12,C225,2300030473,A,A,A,A,A,A,A,A
2876,PALCHURI BHAVYA VARSHA,CSE,HTE,C1,SI12,C225,2300030500,P,P,P,P,P,P,P,P
2877,PAPPU HEMANTH SAI,CSE,HTI,C1,SI12,C225,2300030511,P,P,P,P,P,P,P,P
2878,PAVULURI JESHWANTH SAI,CSE,CSE1,C1,SI12,C225,2300030520,P,P,P,P,P,P,P,P
2879,UMASRI LAKSHMI,CSE,CSE2,C1,SI12,C225,2300030533,P,P,P,P,P,P,P,P
2880,TATIPARTHI PAVANI,CSE,CSE3,C1,SI12,C225,2300030671,P,P,P,P,P,P,P,P
2881,VIKAS KUMAR SHARMA,CSE,CSE1,C1,SI12,C225,2300030730,P,P,P,P,P,P,P,P
2882,VYTLA NIKHIL,CSE,HTR,C1,SI12,C225,2300030738,P,P,P,P,P,P,P,P
2883,YELCHURU VENKATA SUHITHA,CSE,CSE1,C1,SI12,C225,2300030756,A,A,A,A,A,A,A,A
2884,AMBATI ABHINAY,CSE,HTE,C1,SI12,C225,2300030791,P,P,P,P,P,P,P,P
2885,AKHILAKOPPOLU,CSE,CSE1,C1,SI12,C225,2300030796,P,P,P,P,P,P,P,P
2886,PENTELA NAVADEEP,CSE,CSE1,C1,SI12,C225,2300030831,P,P,P,P,A,A,A,A
2887,BALIVADA NAVADEEP,CSE,CSE1,C1,SI12,C225,2300030842,A,A,A,A,A,A,A,A
2888,ABDUL AFZAL AHEMAD,CSE,CSE2,C1,SI12,C225,2300030855,P,P,P,P,P,P,P,P
2889,GUDIVADA PRANEETH KUMAR,CSE,HTE,C1,SI12,C225,2300030918,P,P,P,P,P,P,P,P
2890,GULLAPALLI CHETAN KRISHNA,CSE,CSE1,C1,SI12,C225,2300030950,P,P,P,P,P,P,P,P
2891,JONNADULA RAKESH HANUMAN,CSE,CSE2,C1,SI12,C225,2300030952,A,A,A,A,A,A,A,A
2892,VISHNU,CSE,HTE,C1,SI12,C225,2300031042,A,A,A,A,A,A,A,A
2893,VAMSI KRISHNA REDDY MALLIDI,CSE,CSE1,C1,SI12,C225,2300031063,P,P,P,P,P,P,P,P
2894,BUDDAREDDY CHINA SUBBA REDDY,CSE,CSE2,C1,SI12,C225,2300031082,P,P,P,P,P,P,P,P
2895,KEDARISETTI KRISHNA CHAITANYA,CSE,CSE1,C1,SI12,C225,2300031093,P,P,P,P,P,P,P,P
2896,KONDA HORDHIK MANIKANT REDDY,CSE,HTI,C1,SI12,C225,2300031095,P,P,P,P,P,P,P,P
2897,PILLARISETTY VENKATA ROCHISHNA,CSE,CSE1,C1,SI12,C225,2300031121,P,P,P,P,P,P,P,P
2898,ANAGANI TEJUS VENKATA SIVA SAI,CSE,CSE2,C1,SI12,C225,2300031129,P,P,P,P,P,P,P,P
2899,SRI LIKITHA KANAMARLAPUDI,CSE,HTI,C1,SI12,C225,2300031241,P,P,P,P,P,P,P,P
2900,K RAVI SHANKAR PATRO,CSE,HTR,C1,SI12,C225,2300031387,A,A,A,A,A,A,A,A
2901,MURALA SAI GANESH,CSE,HTE,C1,SI12,C225,2300031569,P,P,P,P,P,P,P,P
2902,KODLI KAILASH,CSE,CSE4,C1,SI12,C225,2300031593,P,P,P,P,P,P,P,P
2903,GNANESWARA RAO IPPILI,CSE,CSE1,C1,SI12,C225,2300031615,A,A,A,A,A,A,A,A
2904,TADISETTI RAHUL NAIDU,CSE,CSE1,C1,SI12,C225,2300031671,P,P,P,P,P,P,P,P
2905,IMRAN KADAPAH,CSE,HTE,C1,SI12,C225,2300031672,A,A,P,P,P,P,P,P
2906,PEDAPATI PREM SWAROOP,CSE,HTE,C1,SI12,C225,2300031719,P,P,P,P,P,P,P,P
2907,TUMMALAPALLI VEERA VENKATA VENUGOPAL,CSE,CSE1,C1,SI12,C225,2300031809,A,A,A,A,A,A,A,A
2908,SUYASH SAHU,CSE,CSE1,C1,SI12,C225,2300031857,P,P,P,P,P,P,P,P
2909,RAYI TEJASWI,CSE,CSE1,C1,SI12,C225,2300031872,P,P,P,P,P,P,P,P
2910,RISHINDRA VARMA MANTHENA,CSE,HTE,C1,SI12,C225,2300031875,A,A,A,A,A,A,A,A
2911,KANCHARLA PUJITHA SRI,CSE,CSE1,C1,SI12,C225,2300031940,P,P,P,P,P,P,P,P
2912,BHUPATHI LAXMI VINITHA,CSE,CSE2,C1,SI12,C225,2300031955,P,P,P,P,P,P,P,P
2913,VANDANAPU APURVA,CSE,CSE1,C1,SI12,C225,2300031993,P,P,P,P,P,P,P,P
2914,PASUPULETI NAGA MALLESWARA RAO,CSE,CSE2,C1,SI12,C225,2300032110,P,P,P,P,P,P,P,P
2915,SINGAMSHETTY BHASKAR,CSE,CSE4,C1,SI12,C225,2300032302,P,P,P,P,P,P,P,P
2916,S SANJAY,CSE,HTE,C1,SI12,C225,2300032350,P,P,P,P,P,P,P,P
2917,SRIKANTH CHANDRAKAVI,CSE,HTE,C1,SI12,C225,2300032366,P,P,P,P,P,P,P,P
2918,MIDHUN,CSE,HTE,C1,SI12,C225,2300032435,A,A,A,A,A,A,A,A
2919,POLURU VIGNESH,CSE,CSE1,C1,SI12,C225,2300032475,A,A,A,A,A,A,A,A
2920,MEENAKSHI DASARI,CSE,CSE2,C1,SI12,C225,2300032504,P,P,P,P,P,P,P,P
2921,KUSMITHA SALVERU,CSE,CSE2,C1,SI12,C225,2300032520,A,A,A,A,A,A,A,A
2922,MONIKA TAMMINENI,CSE,HTE,C1,SI12,C225,2300032536,A,A,A,A,A,A,A,A
2923,TUMMALA KUMAR NANDAN,CSE,CSE2,C1,SI12,C225,2300032551,P,P,P,P,P,P,P,P
2924,DHANISETTI DHANA SRI SATYA VIVEK,CSE,CSE2,C1,SI12,C225,2300032571,P,P,P,P,P,P,A,A
2925,INKOLLU THARUN,CSE,CSE1,C1,SI12,C225,2300032574,P,P,P,P,P,P,A,A
2926,SHRUTHIKA PADMA,CSE,HTE,C1,SI12,C225,2300032637,A,A,A,A,A,A,A,A
2927,DEVI ANSHU GANGURI,CSE,CSE1,C1,SI12,C225,2300032746,P,P,P,P,P,P,P,P
2928,PAPPU MOHANA KRISHNA,CSE,CSE2,C1,SI12,C225,2300032862,P,P,P,P,P,P,A,A
2929,MIDHUN PALANISAMY,CSE,CSE1,C1,SI12,C225,2300032997,P,P,P,P,P,P,P,P
2930,YASHODHAN REDDY BHIMAVARAPU,CSE,HTE,C1,SI12,C225,2300033084,P,P,P,P,P,P,P,P
2931,BHUSARAPU VARUN RAM TEJ,CSE,HTE,C1,SI12,C225,2300033120,P,P,P,P,P,P,P,P
2932,BELLAMKONDA VEDA SRI,CSE,CSE2,C1,SI12,C225,2300033268,P,P,P,P,P,P,P,P
2933,CHETHAN REDDY C,CSE,HTE,C1,SI12,C225,2300033299,A,A,A,A,A,A,A,A
2934,NADUKURU SAI REKHA,CSE,CSE1,C1,SI12,C225,2300033327,P,P,P,P,P,P,P,P
2935,YASH VERMA,CSE,CSE1,C1,SI12,C225,2300033567,A,A,A,A,A,A,A,A
2936,M. SUDHA RAMYA,CSE,HTE,C1,SI12,C225,2300033609,A,A,A,A,A,A,A,A
2937,HENA KANTHURY,CSE,HTE,C1,SI12,C225,2300033612,A,A,A,A,A,A,A,A
2938,LEBAKU CHARANEESWARA REDDY,CSE,CSE1,C1,SI12,C225,2300033618,A,A,A,A,A,A,A,A
2939,SAI KARTHIK VEMPATI,CSE,CSE1,C1,SI12,C225,2300033750,P,P,P,P,P,P,P,P
2940,BALABHADRUNI MANIDEEP,CSE,CSE3,C1,SI12,C225,2300033759,P,P,P,P,P,P,A,A
2941,KARLAPUDI HARSHA NAGA VIGNESH,CSE,HTE,C1,SI12,C225,2300033882,P,P,P,P,P,P,P,P
2942,KURAPATI RAJA SAI NAMMALWAR,CSE,HTE,C1,SI12,C225,2300033899,P,P,P,P,P,P,A,A
2943,TARRA HIMABINDU,CSE,CSE3,C1,SI12,C225,2300039070,P,P,P,P,P,P,P,P
2944,SANGITHA SINDHU BABU,CSE,CSE3,C1,SI12,C225,2300039114,A,A,A,A,A,A,A,A
2945,SUGGALA TAKSHAK MALLESH,CSE,CSE3,C1,SI12,C225,2300039158,P,P,P,P,P,P,P,P
2946,MAVILLA HARSHITHA.,ECE,HTR,C1,SI12,C225,2300040018,P,P,P,P,P,P,P,P
2947,MOHAMMED KARISHMA,ECE,ECE,C1,SI12,C225,2300040100,P,P,P,P,P,P,P,P
2948,CHIDIRALA VARUN SAI,ECE,ECE,C1,SI12,C225,2300040109,A,A,A,A,A,A,A,A
2949,KEDARAPU DHANUSH,ECE,ECE,C1,SI12,C225,2300040143,P,P,P,P,P,P,P,P
2950,P HAARIKA,ECE,ECE,C1,SI12,C225,2300040157,A,A,A,A,A,A,A,A
2951,CHINTHAKRINDA BALA YASWANTH,ECE,ECE,C1,SI12,C225,2300040210,A,A,A,A,A,A,A,A
2952,KANCHARLA BHARATH CHANDRA,ECE,ECE,C1,SI12,C225,2300040231,P,P,P,P,P,P,P,P
2953,SUKESHWARAN SATHEES KUMAR,ECE,ECE,C1,SI12,C225,2300040266,P,P,P,P,P,P,P,P
2954,MEKALA SATYA SAI HANUMA,ECE,ECE,C1,SI12,C225,2300040272,A,A,A,A,A,A,A,A
2955,CHANDAVOLU SUJWAALA,ECE,ECE,C1,SI12,C225,2300040286,P,P,P,P,P,P,P,P
2956,DNSSAIKIRAN,ECE,HTE,C1,SI12,C225,2300040332,A,A,A,A,A,A,A,A
2957,KANAGALA DHANA SRI,ECE,ECE,C1,SI12,C225,2300040363,A,A,A,A,A,A,A,A
2958,POLISETTY LAAHYA,ECE,ECE,C1,SI12,C225,2300040399,P,P,P,P,P,P,P,P
2959,DIVYASREE.N.K,ECE,ECE,C1,SI12,C225,2300040457,A,A,A,A,A,A,A,A
2960,MIRIYALA KEERTHANA,ECE,ECE,C1,SI12,C225,2300049009,P,P,P,P,P,P,P,P
2961,TANKALA VINOD KUMAR,ECE,ECE,C1,SI12,C225,2300049079,A,A,A,A,A,A,A,A
2962,GONUGUNTA VENKATA HANUMANTH GOPI CHAND,ECE,ECE,C1,SI12,C225,2300049120,A,A,P,P,P,P,P,P
2963,RELANGI SANJAY RAHUL DHANUSH,ECE,ECE,C1,SI12,C225,2300049183,P,P,P,P,P,P,P,P
2964,PURNA MANI SAI INDU HARSHITHA PATTEM,AIDS,HTE,C1,SI12,C225,2300060003,A,A,A,A,A,A,A,A
2965,JAINI VIGNA,AIDS,HTE,C1,SI12,C225,2300080018,P,P,P,P,P,P,P,P
2966,SANGEM RAKESH,AIDS,AIDS,C1,SI12,C225,2300080037,A,A,A,A,A,A,A,A
2967,HEMA SRI SATHI,AIDS,HTE,C1,SI12,C225,2300080047,P,P,P,P,P,P,P,P
2968,KUCHIBHATLA HAMSINI,AIDS,AIDS,C1,SI12,C225,2300080052,P,P,P,P,P,P,P,P
2969,BOLISETTI HANEESHA,AIDS,AIDS,C1,SI12,C225,2300080132,P,P,P,P,P,P,P,P
2970,KANNAPAREDDY LOKESH REDDY,AIDS,AIDS,C1,SI12,C225,2300080177,P,P,P,P,P,P,P,P
2971,MARRI VENKATA SAI,AIDS,AIDS,C1,SI12,C225,2300080192,P,P,P,P,P,P,P,P
2972,P. SRI HARSHA,AIDS,AIDS,C1,SI12,C225,2300080199,P,P,P,P,P,P,P,P
2973,JAI TEJ RAM TATUKURI,AIDS,AIDS,C1,SI12,C225,2300080202,P,P,P,P,P,P,P,P
2974,KANKATALA SIVA PRANEETH,AIDS,AIDS,C1,SI12,C225,2300080235,P,P,P,P,P,P,P,P
2975,BALA NAGA SRI THOTA,AIDS,HTE,C1,SI12,C225,2300080253,A,A,A,A,A,A,A,A
2976,KOTA DEVISRI,AIDS,AIDS,C1,SI12,C225,2300080333,P,P,P,P,P,P,P,P
2977,CHENNAM ASRITH,AIDS,AIDS,C1,SI12,C225,2300080366,P,P,P,P,P,P,P,P
2978,MURTHY SAI KRISHNA,AIDS,AIDS,C1,SI12,C225,2300089001,P,P,P,P,P,P,P,P
2979,SK SUMAIYA SAMREEN,CSIT,CSIT,C1,SI12,C225,2300090111,P,P,P,P,P,P,P,P
2980,SHAGAMREDDY INDRASENAREDDY,CSIT,CSIT,C1,SI12,C225,2300090178,A,A,P,P,P,P,P,P
2981,M REVANTH KUMAR,CSIT,CSIT,C1,SI12,C225,2300090341,P,P,P,P,P,P,P,P
2982,HARSHA KANAKADANDILA,IOT,IOT,C1,SI12,C225,2300100001,P,P,P,P,P,P,P,P
2983,KOTHA DURGA NAVYA,CSE,CSE1,C1,SI12,C225,2300030821,P,P,P,P,P,P,P,P
2984,CH NIHARIKA,BT,BT,C1,IS108,C308,2300010003,A,A,A,A,A,A,A,A
2985,BODAPATI BLESSY,BT,BT,C1,IS108,C308,2300010032,P,P,P,P,P,P,A,A
2986,BODAPATI JESSY,BT,BT,C1,IS108,C308,2300010033,P,P,P,P,P,P,A,A
2987,S V SALINI PRIYA,BT,BT,C1,IS108,C308,2300010084,A,A,A,A,A,A,A,A
2988,SANGANI HANISHA,BT,BT,C1,IS108,C308,2300010107,A,A,A,A,A,A,A,A
2989,SHAIK AFREEN,BT,BT,C1,IS108,C308,2300010121,A,A,A,A,A,A,A,A
2990,N VANI VENKATA JYOTHSNA,BT,BT,C1,IS108,C308,2300019003,A,A,A,A,A,A,A,A
2991,CHINNAM SURYA PRAKASH,CSE,CSE2,C1,IS108,C308,2300030137,P,P,P,P,P,P,P,P
2992,KOTA SRI VIDYA,CSE,CSE2,C1,IS108,C308,2300030353,P,P,P,P,P,P,P,P
2993,MOHANA DHATHRI,CSE,CSE2,C1,IS108,C308,2300030546,A,A,A,A,A,A,A,A
2994,SAI SINDHUJA CHINNAM,CSE,CSE2,C1,IS108,C308,2300030594,P,P,P,P,P,P,P,P
2995,LAKSHMI CHETHANA,CSE,CSE2,C1,IS108,C308,2300030960,P,P,P,P,P,P,P,P
2996,PARSILLA DHANUSHREE VIDYA,CSE,CSE2,C1,IS108,C308,2300030964,A,A,A,A,A,A,A,A
2997,CHANDRASEKHAR REDDY MEKAPOTHU,CSE,CSE2,C1,IS108,C308,2300031140,A,A,A,A,A,A,A,A
2998,THISHITHA NAGASARAPU,CSE,CSE2,C1,IS108,C308,2300031174,P,P,P,P,P,P,P,P
2999,SOWMIKA VEMULAPALLI,CSE,CSE2,C1,IS108,C308,2300031249,A,A,A,A,A,A,A,A
3000,YADA NAGARAJU,CSE,CSE2,C1,IS108,C308,2300031281,P,P,P,P,P,P,P,P
3001,YAGANTI RUSHI SAI,CSE,CSE2,C1,IS108,C308,2300031335,P,P,P,P,P,P,P,P
3002,SETTI PAVANKUMAR,CSE,CSE2,C1,IS108,C308,2300031491,A,A,A,A,A,A,A,A
3003,ARADHYULA KESAV VENKATA DATTATREYA YADAV,CSE,CSE2,C1,IS108,C308,2300031537,P,P,P,P,P,P,P,P
3004,KARLAPUDI PRASHANTHI,CSE,CSE2,C1,IS108,C308,2300031601,P,P,P,P,P,P,P,P
3005,GAMIDI JYOTHIKA,CSE,CSE2,C1,IS108,C308,2300031612,P,P,P,P,P,P,P,P
3006,JEETHU KUMAR GANCHI,CSE,CSE2,C1,IS108,C308,2300031651,P,P,P,P,P,P,P,P
3007,CHARUGUNDLA ROHAN,CSE,CSE2,C1,IS108,C308,2300031677,P,P,P,P,P,P,P,P
3008,KALLAM CHARISHMA REDDY,CSE,CSE2,C1,IS108,C308,2300031697,P,P,P,P,P,P,P,P
3009,GALLA NAGA YASHWANTH,CSE,CSE2,C1,IS108,C308,2300031794,P,P,P,P,P,P,P,P
3010,RAKSHITHA PRIYA CHEEMALA,CSE,CSE2,C1,IS108,C308,2300031821,A,A,A,A,A,A,A,A
3011,JAVED AHMED BAIG MOGAL,CSE,CSE2,C1,IS108,C308,2300032027,P,P,P,P,P,P,P,P
3012,SAJJALA VENKATESWRARAO,CSE,CSE2,C1,IS108,C308,2300032062,A,A,A,A,A,A,A,A
3013,MADHU MUNASALA,CSE,CSE4,C1,IS108,C308,2300032376,A,A,A,A,A,A,A,A
3014,RUDRA TEJA CHANDU,CSE,CSE2,C1,IS108,C308,2300032423,P,P,P,P,P,P,P,P
3015,PALLEDA JASWANTH,CSE,CSE2,C1,IS108,C308,2300032516,P,P,P,P,P,P,P,P
3016,KHUSHI SINGH,CSE,CSE2,C1,IS108,C308,2300032521,A,A,A,A,A,A,A,A
3017,ALAGONDA AJAY KUMAR,CSE,CSE2,C1,IS108,C308,2300032588,A,A,A,A,P,P,P,P
3018,SHAIK YASMEEN,CSE,CSE2,C1,IS108,C308,2300032602,P,P,P,P,P,P,P,P
3019,MADINENI SAI NIKHITHA,CSE,CSE2,C1,IS108,C308,2300032842,P,P,P,P,P,P,P,P
3020,LYUTHIKA SHALIK PODE,CSE,CSE2,C1,IS108,C308,2300032871,A,A,A,A,A,A,A,A
3021,PASUPULETI THARUN,CSE,CSE2,C1,IS108,C308,2300032916,P,P,P,P,P,P,P,P
3022,SRIRAM GURU VENKATA SAI SUSHWANTH,CSE,CSE2,C1,IS108,C308,2300033013,P,P,P,P,P,P,A,A
3023,CHALLA SRI VENKATA KARTHIK REDDY,CSE,CSE2,C1,IS108,C308,2300033019,P,P,P,P,P,P,P,P
3024,SRIRAMANENI VENKATATEJA,CSE,CSE4,C1,IS108,C308,2300033162,A,A,A,A,A,A,A,A
3025,V DEVENDRA REDDY,CSE,CSE2,C1,IS108,C308,2300033166,P,P,P,P,P,P,P,P
3026,CH AKHIL PANVI,CSE,CSE2,C1,IS108,C308,2300033181,A,A,A,A,A,A,A,A
3027,DHANIYALA NIKITHA,CSE,CSE4,C1,IS108,C308,2300033222,P,P,P,P,P,P,P,P
3028,GOPI SIVAALASETTY,CSE,CSE2,C1,IS108,C308,2300033411,P,P,P,P,P,P,P,P
3029,GNAPIKA KANDULA,CSE,CSE2,C1,IS108,C308,2300033428,A,A,A,A,A,A,A,A
3030,TARUN MADHAV GUDIPATI,CSE,CSE2,C1,IS108,C308,2300033581,P,P,P,P,P,P,P,P
3031,PALGUDI PUNITH SAI,CSE,CSE4,C1,IS108,C308,2300033732,P,P,P,P,P,P,P,P
3032,B TEJO KIRAN,CSE,CSE2,C1,IS108,C308,2300033786,P,P,P,P,P,P,P,P
3033,VIGNESH S,CSE,CSE2,C1,IS108,C308,2300033852,A,A,A,A,A,A,A,A
3034,GOLETI NAVATHEJ,CSE,CSE2,C1,IS108,C308,2300033904,A,A,A,A,A,A,A,A
3035,BOBBURI SAI SWARUPA,ECE,ECE,C1,IS108,C308,2300040038,P,P,P,P,P,P,P,P
3036,NIKHILA VASIPALLI,ECE,ECE,C1,IS108,C308,2300040135,A,A,P,P,P,P,P,P
3037,KAKANI HARI VARDHAN,ECE,ECE,C1,IS108,C308,2300040136,P,P,P,P,P,P,P,P
3038,PURAMSETTI SOWJANYA,ECE,ECE,C1,IS108,C308,2300040358,P,P,P,P,P,P,P,P
3039,TOKALA KALPANA,ECE,ECE,C1,IS108,C308,2300040444,P,P,P,P,P,P,P,P
3040,MADDALA VARA BHASKAR,ECE,ECE,C1,IS108,C308,2300040463,A,A,A,A,A,A,A,A
3041,MALLAVALLI HEMANTH,ECE,ECE,C1,IS108,C308,2300049011,P,P,P,P,P,P,P,P
3042,VURA JASWANTH,ECE,ECE,C1,IS108,C308,2300049054,P,P,P,P,P,P,P,P
3043,G.SAI PHANI TEJA,ECE,ECE,C1,IS108,C308,2300049080,A,A,A,A,A,A,A,A
3044,INUKONDA BABJI,ECE,ECE,C1,IS108,C308,2300049091,A,A,A,A,A,A,A,A
3045,GOPAVARAM SRI NIKHITHA,ECE,ECE,C1,IS108,C308,2300049123,A,A,A,A,A,A,A,A
3046,JAHNAVI KOMMINENI,IOT,IOT,C1,IS108,C308,2300100009,P,P,P,P,P,P,P,P
3047,MEDATATI KAMALA,IOT,IOT,C1,IS108,C308,2300100014,A,A,A,A,A,A,A,A
3048,EPURI.MOUNIKA,IOT,IOT,C1,IS108,C308,2300100028,A,A,A,A,A,A,A,A
3049,VINAY BHASKAR,IOT,IOT,C1,IS108,C308,2300100037,A,A,A,A,A,A,A,A
3050,SAMUDRALA MANIKANTA SAI,IOT,IOT,C1,IS108,C308,2300100054,A,A,A,A,A,A,A,A
3051,SAMUDRALA SAI KRISHNA,IOT,IOT,C1,IS108,C308,2300100057,A,A,A,A,A,A,A,A
3052,SAHASRA.KAGITHA,IOT,IOT,C1,IS108,C308,2300100065,A,A,A,A,A,A,A,A
3053,NIKHITHA,IOT,IOT,C1,IS108,C308,2300100066,A,A,A,A,A,A,A,A
3054,M.BHANU NAGA SAI,IOT,IOT,C1,IS108,C308,2300100075,P,P,P,P,P,P,P,P
3055,KRISHNAVENINALLAPARAJU,IOT,IOT,C1,IS108,C308,2300100078,A,A,A,A,A,A,A,A
3056,GOLIBHAVANISAI,IOT,IOT,C1,IS108,C308,2300100081,P,P,P,P,P,P,P,P
3057,RITHIKASREE M,CSE,CSE2,C1,IS108,C308,2320030504,A,A,A,A,A,A,A,A
3058,PRAGNA PRANEETH,ECE,ECE,C1,CGN12,C309,2300040014,A,A,A,A,A,A,A,A
3059,KOTAPATI VARSHA SAI,ECE,ECE,C1,CGN12,C309,2300040015,A,A,A,A,A,A,A,A
3060,PALLI DEVI,ECE,ECE,C1,CGN12,C309,2300040019,A,A,A,A,P,P,P,P
3061,SUNKARA SNEHA LATHA,ECE,ECE,C1,CGN12,C309,2300040028,A,A,A,A,P,P,P,P
3062,VANGA SIVA REDDY,ECE,ECE,C1,CGN12,C309,2300040030,P,P,P,P,P,P,P,P
3063,BURRI YASWANTHI,ECE,ECE,C1,CGN12,C309,2300040037,P,P,P,P,P,P,P,P
3064,NULU VAMSI SURYA NAGA BHADRA,ECE,ECE,C1,CGN12,C309,2300040049,A,A,A,A,A,A,A,A
3065,PARISA BALAJI,ECE,ECE,C1,CGN12,C309,2300040073,P,P,P,P,P,P,P,P
3066,POTHKAM RAJESHWARI,ECE,ECE,C1,CGN12,C309,2300040083,P,P,P,P,P,P,P,P
3067,NEMALAPURI PAVAN KALYAN,ECE,ECE,C1,CGN12,C309,2300040115,A,A,P,P,P,P,P,P
3068,NAMBARI SANDHYA RANI,ECE,ECE,C1,CGN12,C309,2300040116,A,A,A,A,A,A,A,A
3069,BOLLA KEERTHI,ECE,ECE,C1,CGN12,C309,2300040124,A,A,A,A,A,A,A,A
3070,AMPOLU PRITHVI,ECE,ECE,C1,CGN12,C309,2300040126,A,A,A,A,A,A,A,A
3071,KOTHAPALLI VYSHNAVI,ECE,ECE,C1,CGN12,C309,2300040139,P,P,P,P,P,P,P,P
3072,JASMITHA .K,ECE,ECE,C1,CGN12,C309,2300040151,P,P,P,P,P,P,P,P
3073,TIRUMALA MOUNIKA,ECE,ECE,C1,CGN12,C309,2300040156,A,A,A,A,A,A,A,A
3074,JILLELLA ANU PRIYA,ECE,ECE,C1,CGN12,C309,2300040165,P,P,P,P,P,P,P,P
3075,GOLI PRABHUSHAN,ECE,ECE,C1,CGN12,C309,2300040166,P,P,P,P,P,P,P,P
3076,SAI BABU KALLA,ECE,ECE,C1,CGN12,C309,2300040169,A,A,A,A,A,A,A,A
3077,JONNALAGADDA GAYATHRI WAGDEVI,ECE,ECE,C1,CGN12,C309,2300040179,A,A,A,A,A,A,A,A
3078,JAJULA MEGHANA,ECE,ECE,C1,CGN12,C309,2300040201,A,A,A,A,A,A,A,A
3079,APPIKATLA ADITYA,ECE,ECE,C1,CGN12,C309,2300040205,P,P,P,P,P,P,P,P
3080,ROHITHA_MADDALI,ECE,ECE,C1,CGN12,C309,2300040224,P,P,P,P,P,P,P,P
3081,JINKA NAGA VENKATA JANEETH,ECE,ECE,C1,CGN12,C309,2300040225,P,P,P,P,P,P,P,P
3082,ATMURI KARUNYA,ECE,ECE,C1,CGN12,C309,2300040232,P,P,P,P,P,P,A,A
3083,REPALLE JOSHITHA,ECE,ECE,C1,CGN12,C309,2300040241,P,P,P,P,P,P,P,P
3084,PUSARLA SAI VENKAT RAMANA,ECE,ECE,C1,CGN12,C309,2300040248,P,P,P,P,P,P,P,P
3085,DHEERAJ POKURI,ECE,ECE,C1,CGN12,C309,2300040249,P,P,P,P,P,P,P,P
3086,SAI DIVYASUDHA VAKKALAGADDA,ECE,ECE,C1,CGN12,C309,2300040260,P,P,P,P,P,P,P,P
3087,YARKAREDDY GEETHA SRAVANTHI,ECE,ECE,C1,CGN12,C309,2300040261,P,P,P,P,P,P,P,P
3088,RAVULAPALLI SRAVAN KUMAR,ECE,ECE,C1,CGN12,C309,2300040264,A,A,A,A,A,A,A,A
3089,PAIDISETTY SRI SIVANI,ECE,ECE,C1,CGN12,C309,2300040279,A,A,A,A,A,A,A,A
3090,KOTA POOJITHA SIRI,ECE,ECE,C1,CGN12,C309,2300040291,P,P,P,P,P,P,P,P
3091,RAGAM KAVYANJALI,ECE,ECE,C1,CGN12,C309,2300040295,A,A,A,A,A,A,A,A
3092,SUBHASINI,ECE,ECE,C1,CGN12,C309,2300040304,P,P,A,A,A,A,A,A
3093,PULI YOGYATHA,ECE,ECE,C1,CGN12,C309,2300040310,P,P,A,A,A,A,A,A
3094,DESABOYANA VENKATA LAKSHMI MADHAVI,ECE,ECE,C1,CGN12,C309,2300040317,P,P,P,P,P,P,P,P
3095,DAMACHARLA DOLA VENKATA AKHIL,ECE,ECE,C1,CGN12,C309,2300040333,P,P,P,P,P,P,P,P
3096,VEDA VALLIKA,ECE,ECE,C1,CGN12,C309,2300040352,A,A,A,A,A,A,A,A
3097,A.HEMA SRIDHAR,ECE,ECE,C1,CGN12,C309,2300040354,P,P,P,P,P,P,P,P
3098,UMMIDISETTY JAHNAVI,ECE,ECE,C1,CGN12,C309,2300040357,P,P,P,P,P,P,P,P
3099,DILIP KUNAPAREDDY,ECE,ECE,C1,CGN12,C309,2300040366,A,A,A,A,A,A,A,A
3100,ROHIT PONDURU,ECE,ECE,C1,CGN12,C309,2300040379,A,A,A,A,A,A,A,A
3101,SHAIK MOHAMMAD IRSHAD,ECE,ECE,C1,CGN12,C309,2300040392,A,A,A,A,A,A,A,A
3102,GUPTHA ARUN KUMAR,ECE,ECE,C1,CGN12,C309,2300040393,P,P,P,P,P,P,P,P
3103,CHINTADA SAGAR RAM,ECE,ECE,C1,CGN12,C309,2300040417,A,A,P,P,P,P,P,P
3104,AMBALA SRINIVASA RAO,ECE,ECE,C1,CGN12,C309,2300040418,A,A,A,A,A,A,A,A
3105,VIJAY KUMAR KAVYA RAMAN,ECE,ECE,C1,CGN12,C309,2300040420,A,A,A,A,A,A,A,A
3106,SAMREEN,ECE,ECE,C1,CGN12,C309,2300040422,A,A,A,A,A,A,A,A
3107,GADDAM NAGA SAI CHANDU,ECE,ECE,C1,CGN12,C309,2300040440,P,P,P,P,P,P,P,P
3108,JAYAKANAKASAISRIPRIYA MANDALAPU,ECE,ECE,C1,CGN12,C309,2300040450,P,P,P,P,P,P,P,P
3109,PANCHALI KUMAR NAIDU,ECE,ECE,C1,CGN12,C309,2300040461,P,P,A,A,A,A,A,A
3110,BETINA JOSHNA,ECE,ECE,C1,CGN12,C309,2300049006,A,A,A,A,A,A,A,A
3111,KELLA CHANDRIKA,ECE,ECE,C1,CGN12,C309,2300049010,P,P,P,P,P,P,P,P
3112,RAVURI MOUNIKA,ECE,ECE,C1,CGN12,C309,2300049020,A,A,A,A,A,A,A,A
3113,NALI NAGA SAI KIRAN,ECE,ECE,C1,CGN12,C309,2300049024,P,P,P,P,P,P,P,P
3114,DAGGUPATI GNANA SREE NAVYA,ECE,ECE,C1,CGN12,C309,2300049037,P,P,P,P,P,P,P,P
3115,GODULA VAAGDEVI,ECE,ECE,C1,CGN12,C309,2300049043,A,A,A,A,A,A,A,A
3116,PETETI SATYA HARSHINI,ECE,ECE,C1,CGN12,C309,2300049044,A,A,A,A,A,A,A,A
3117,TATIKONDA SESHA SAI VYSHNAVI,ECE,ECE,C1,CGN12,C309,2300049058,P,P,P,P,P,P,P,P
3118,GAJJALA CHAITANYA KUMAR REDDY,ECE,ECE,C1,CGN12,C309,2300049095,A,A,A,A,A,A,A,A
3119,DULAM MANIKANTA VENKATA DURGA SATYA NARAYANA,ECE,ECE,C1,CGN12,C309,2300049100,A,A,A,A,A,A,A,A
3120,AKULA NAGENDRA,ECE,ECE,C1,CGN12,C309,2300049101,A,A,A,A,A,A,A,A
3121,V NAGA SHARATH,ECE,ECE,C1,CGN12,C309,2300049105,A,A,A,A,A,A,A,A
3122,GANDIKOTA VAMSI,ECE,ECE,C1,CGN12,C309,2300049110,A,A,A,A,A,A,A,A
3123,SIDDA BABY SIRIVALLI,ECE,ECE,C1,CGN12,C309,2300049130,P,P,P,P,P,P,P,P
3124,MADDILA SIVA SATWIK,ECE,ECE,C1,CGN12,C309,2300049136,P,P,P,P,P,P,P,P
3125,JALA_SURAJ,ECE,ECE,C1,CGN12,C309,2300049140,P,P,P,P,P,P,P,P
3126,THUNGA LIKITHA,ECE,ECE,C1,CGN12,C309,2300049146,A,A,A,A,A,A,A,A
3127,KUNTLAPALLI CHAITANYA REDDY,ECE,ECE,C1,CGN12,C309,2300049150,A,A,A,A,A,A,A,A
3128,POTHURAJU SHIVADURGA,ECE,ECE,C1,CGN12,C309,2300049160,A,A,A,A,P,P,P,P
3129,SRIRAM NAGA BHARATH,ECE,ECE,C1,CGN12,C309,2300049162,A,A,A,A,A,A,A,A
3130,ALLAM MEGHANA,ECE,ECE,C1,CGN12,C309,2300049164,A,A,A,A,A,A,A,A
3131,KONDRATHI GNANA VENKATA SAI MANIKANTA,ECE,ECE,C1,CGN12,C309,2300049182,P,P,P,P,P,P,P,P
3132,GANGANAGUNTA PRASANTH KUMAR,ECE,ECE,C1,CGN12,C309,2300049186,A,A,A,A,A,A,A,A
3133,SETTIPALLI JASHVANTH SAI,ECE,ECE,C1,CGN12,C309,2300049198,A,A,A,A,A,A,A,A
3134,MODAGALA PALLAVI,ECE,ECE,C1,CGN12,C309,2300049200,A,A,A,A,A,A,A,A
3135,ENDALAMANJUNATHREDDY,ECE,ECE,C1,CGN12,C309,2300049202,A,A,A,A,A,A,A,A
3136,SHAIK SOHAIL,ECE,ECE,C1,CGN12,C309,2300049204,A,A,A,A,A,A,A,A
3137,PALLAPU KOSHITHA,ECE,ECE,C1,CGN12,C309,2300040230,P,P,P,P,P,P,P,P
3138,PADAMATA BHAVYA SRI,ECE,ECE,C1,CGN12,C309,2300040289,P,P,P,P,P,P,P,P
3139,BHARGAVI GOLLAPALLI,CSE,CSE2,C2,CGN22,C325,2300030082,P,P,P,P,P,P,P,P
3140,CH.OUCHITYA,CSE,CSE2,C2,CGN22,C325,2300030116,P,P,P,P,P,P,P,P
3141,GALI RATNA BHUSHANAM,CSE,CSE2,C2,CGN22,C325,2300030195,P,P,P,P,P,P,P,P
3142,DEVI PRIYA,CSE,CSE2,C2,CGN22,C325,2300030232,A,A,A,A,A,A,A,A
3143,KAMBOJI BHAVITHA,CSE,CSE2,C2,CGN22,C325,2300030293,P,P,P,P,P,P,P,P
3144,NALLURI KUNDAN,CSE,CSE2,C2,CGN22,C325,2300030472,P,P,P,P,P,P,P,P
3145,POTHURAJU CHAITANYA SAI,CSE,CSE2,C2,CGN22,C325,2300030552,P,P,P,P,P,P,P,P
3146,SIVARAM RAVIPATI,CSE,CSE2,C2,CGN22,C325,2300030582,A,A,A,A,A,A,A,A
3147,REDDI VISHNU VARDHAN,CSE,CSE2,C2,CGN22,C325,2300030584,A,A,A,A,A,A,A,A
3148,SHAIK RIZWANA,CSE,CSE2,C2,CGN22,C325,2300030625,P,P,P,P,P,P,P,P
3149,SIVAKOTI NIKHIL,CSE,CSE2,C2,CGN22,C325,2300030644,P,P,P,P,P,P,A,A
3150,THOTA LAVANYA,CSE,CSE2,C2,CGN22,C325,2300030678,P,P,P,P,P,P,P,P
3151,VELIVELA VAISHNAVI,CSE,CSE2,C2,CGN22,C325,2300030720,P,P,P,P,P,P,P,P
3152,SYED SADIQ,CSE,CSE2,C2,CGN22,C325,2300030767,P,P,P,P,A,A,A,A
3153,ADDEPALLI MANOGHNA,CSE,CSE2,C2,CGN22,C325,2300030856,P,P,P,P,P,P,P,P
3154,BETHANABOYANA AKSHAYA,CSE,CSE2,C2,CGN22,C325,2300030902,A,A,A,A,A,A,A,A
3155,MURAPAKA SAI SRI SUSHMA,CSE,CSE2,C2,CGN22,C325,2300030932,P,P,P,P,P,P,P,P
3156,KANDULA KARTHIK DATHA SAI,CSE,CSE2,C2,CGN22,C325,2300030954,P,P,P,P,P,P,P,P
3157,TANMAY SRI VARDHAN,CSE,CSE2,C2,CGN22,C325,2300030971,P,P,P,P,P,P,P,P
3158,DUNDI SAI SRINIVAS PENDEM,CSE,CSE2,C2,CGN22,C325,2300031030,A,A,A,A,A,A,A,A
3159,NARSINENI.SRI JEEVANA SAGAR,CSE,CSE2,C2,CGN22,C325,2300031048,P,P,P,P,P,P,P,P
3160,GANJIKUNTA VEERA SRI SHOBITHA,CSE,CSE2,C2,CGN22,C325,2300031115,P,P,P,P,P,P,P,P
3161,TADI GOWTHAM VASANTH KUMAR REDDY,CSE,CSE2,C2,CGN22,C325,2300031181,A,A,A,A,A,A,A,A
3162,RAMIREDDY RAJESWARI LAKSHMI SAROJA,CSE,CSE2,C2,CGN22,C325,2300031192,P,P,P,P,P,P,P,P
3163,KUMMARI THIRUMALA RAJU,CSE,CSE2,C2,CGN22,C325,2300031248,A,A,A,A,P,P,P,P
3164,PULIGADDA CHARISHMA,CSE,CSE2,C2,CGN22,C325,2300031316,A,A,A,A,P,P,P,P
3165,JASMIN SHAIK,CSE,CSE2,C2,CGN22,C325,2300031320,P,P,P,P,P,P,P,P
3166,DUGGINA NARMADA,CSE,CSE2,C2,CGN22,C325,2300031402,A,A,A,A,P,P,P,P
3167,NAGALAKSHMI SATYAVARAPU,CSE,CSE2,C2,CGN22,C325,2300031516,A,A,A,A,A,A,A,A
3168,GADE MOUNIKA SRI SAI VARSHITHA,CSE,CSE2,C2,CGN22,C325,2300031519,A,A,A,A,A,A,A,A
3169,PARAMKUSAM SAKETHA SREEVATSA,CSE,CSE2,C2,CGN22,C325,2300031522,A,A,P,P,A,A,A,A
3170,GORIJALA LAKSHMI KEERTHI PRIYA,CSE,CSE2,C2,CGN22,C325,2300031538,P,P,P,P,P,P,P,P
3171,POTTURI VAMSI,CSE,CSE2,C2,CGN22,C325,2300031567,A,A,A,A,A,A,A,A
3172,KUCHIPUDI BHASKAR,CSE,CSE2,C2,CGN22,C325,2300031602,A,A,A,A,A,A,A,A
3173,DEVAGIRI LALITHYA,CSE,CSE2,C2,CGN22,C325,2300031751,P,P,P,P,P,P,P,P
3174,BOPPANADEEKSHITH,CSE,CSE2,C2,CGN22,C325,2300031766,P,P,P,P,P,P,A,A
3175,PEDDINTI PRANAV,CSE,CSE2,C2,CGN22,C325,2300031787,A,A,A,A,A,A,A,A
3176,GADAMSETTY ROHIT MALYADRI,CSE,CSE2,C2,CGN22,C325,2300031803,P,P,P,P,P,P,P,P
3177,SREE GUNJI,CSE,CSE2,C2,CGN22,C325,2300031916,P,P,P,P,A,A,A,A
3178,SEELAM SWAPNA,CSE,CSE2,C2,CGN22,C325,2300031981,P,P,P,P,P,P,P,P
3179,SANJANA GUDIPUDI,CSE,CSE2,C2,CGN22,C325,2300031997,P,P,P,P,P,P,P,P
3180,BODDU VIGHNA SAI VARDHAN,CSE,CSE2,C2,CGN22,C325,2300032011,P,P,P,P,P,P,P,P
3181,SABBELLA RAMA KRISHNA REDDY,CSE,CSE2,C2,CGN22,C325,2300032099,A,A,A,A,A,A,A,A
3182,NIMMAGADDA VAMSI KRISHNA,CSE,CSE2,C2,CGN22,C325,2300032157,A,A,A,A,A,A,A,A
3183,SYAM DAGGUMALLI,CSE,CSE2,C2,CGN22,C325,2300032199,P,P,P,P,P,P,P,P
3184,NALLAGONDA SAI DATHA,CSE,CSE2,C2,CGN22,C325,2300032203,P,P,P,P,P,P,P,P
3185,GONTLA VENKATA ANVITHA,CSE,CSE2,C2,CGN22,C325,2300032207,P,P,P,P,P,P,P,P
3186,SHAIESTHA SYED,CSE,CSE2,C2,CGN22,C325,2300032247,A,A,A,A,A,A,A,A
3187,VANDANA MANIKANTA,CSE,CSE2,C2,CGN22,C325,2300032308,A,A,A,A,A,A,A,A
3188,KOYA VAMSI KRISHNA,CSE,CSE2,C2,CGN22,C325,2300032358,A,A,A,A,A,A,A,A
3189,VENKATA SAI LADI,CSE,CSE2,C2,CGN22,C325,2300032390,A,A,A,A,A,A,A,A
3190,CHANDOLU PRATYUSH,CSE,CSE2,C2,CGN22,C325,2300032415,P,P,P,P,P,P,P,P
3191,POOTHI LIKHITESWARI,CSE,CSE2,C2,CGN22,C325,2300032457,P,P,P,P,P,P,P,P
3192,SAMMETA SRILEKHA,CSE,CSE2,C2,CGN22,C325,2300032527,A,A,A,A,A,A,A,A
3193,RAJESH CHILLAPALLI,CSE,CSE2,C2,CGN22,C325,2300032531,P,P,P,P,P,P,P,P
3194,M HANUMANTHURAO,CSE,CSE2,C2,CGN22,C325,2300032559,A,A,A,A,A,A,A,A
3195,BHANU SRI SRUTHI ANNAM,CSE,CSE2,C2,CGN22,C325,2300032748,P,P,P,P,P,P,P,P
3196,PATIBANDLA SUSHMASRI,CSE,CSE2,C2,CGN22,C325,2300032754,P,P,P,P,P,P,P,P
3197,CHINTAPALLI THORAN SAI SANTOSH REDDY,CSE,CSE2,C2,CGN22,C325,2300032767,P,P,P,P,P,P,P,P
3198,PARVATHAREDDY RAGHAVENDRA KUMAR,CSE,CSE2,C2,CGN22,C325,2300032771,A,A,A,A,A,A,A,A
3199,KANNURI REETHU SAI SHIVANI,CSE,CSE2,C2,CGN22,C325,2300032802,P,P,P,P,P,P,P,P
3200,PAVANSAILAHAR,CSE,CSE2,C2,CGN22,C325,2300032822,A,A,P,P,P,P,P,P
3201,MUDI REDDY BHARATH KUMAR REDDY,CSE,CSE2,C2,CGN22,C325,2300033049,P,P,P,P,P,P,P,P
3202,SIGILIPALLI VAMSI KRISHNA,CSE,CSE2,C2,CGN22,C325,2300033097,A,A,A,A,A,A,A,A
3203,JAMPANI PAVAN VENKAT,CSE,CSE2,C2,CGN22,C325,2300033224,P,P,P,P,P,P,P,P
3204,MANNAN SHAREEF SHAIK,CSE,CSE2,C2,CGN22,C325,2300033273,A,A,A,A,A,A,A,A
3205,HARSHITHA CHENNUPATI,CSE,CSE2,C2,CGN22,C325,2300033305,P,P,P,P,P,P,P,P
3206,MONIKA MANDAVILLI,CSE,CSE2,C2,CGN22,C325,2300033379,P,P,P,P,P,P,P,P
3207,TRIYA ANDHAVARAPU,CSE,CSE2,C2,CGN22,C325,2300033412,P,P,P,P,P,P,P,P
3208,KOLLURU MADHURIMA,CSE,CSE2,C2,CGN22,C325,2300033422,A,A,A,A,A,A,A,A
3209,M HANEESH,CSE,CSE2,C2,CGN22,C325,2300033506,P,P,P,P,P,P,P,P
3210,JYOTHI BARIGE,CSE,CSE2,C2,CGN22,C325,2300033514,A,A,A,A,A,A,A,A
3211,ASHIKA GADDAM,CSE,CSE2,C2,CGN22,C325,2300033539,P,P,P,P,P,P,P,P
3212,MALLA SANJAY,CSE,CSE2,C2,CGN22,C325,2300033553,A,A,A,A,A,A,A,A
3213,YANAMADALA MEGHANA CHOWDARY,CSE,CSE2,C2,CGN22,C325,2300033616,P,P,P,P,P,P,P,P
3214,SEERLA JASWANTH,CSE,CSE2,C2,CGN22,C325,2300033659,A,A,A,A,A,A,A,A
3215,SHREE NANDAN REDDY P,CSE,CSE2,C2,CGN22,C325,2300033667,A,A,A,A,P,P,P,P
3216,SOMISETTY RANI,CSE,CSE2,C2,CGN22,C325,2300033746,P,P,P,P,P,P,P,P
3217,VALETI SRUTHI,CSE,CSE2,C2,CGN22,C325,2300033760,A,A,A,A,A,A,A,A
3218,GEDELA PAVAN SURYA VENKATA SAI,CSE,CSE2,C2,CGN22,C325,2300033797,A,A,A,A,A,A,A,A
3219,ABHINAY KUMAR KALISETTY,AIDS,AIDS,C2,CGN22,C325,2300080001,P,P,P,P,P,P,P,P
3220,ANOOHYA EATHAKOTA,AIDS,AIDS,C2,CGN22,C325,2300080013,A,A,A,A,A,A,A,A
3221,GANJI MURALI SANDEEP,AIDS,AIDS,C2,CGN22,C325,2300080015,A,A,A,A,A,A,A,A
3222,SHASHANK VEMULAPALLI,AIDS,AIDS,C2,CGN22,C325,2300080042,A,A,A,A,A,A,A,A
3223,HARSHITHA LAKSHMI YALAMARTHI,AIDS,AIDS,C2,CGN22,C325,2300080057,A,A,A,A,A,A,A,A
3224,RAVI SHANKAR REDDY,AIDS,AIDS,C2,CGN22,C325,2300080079,A,A,A,A,A,A,A,A
3225,MACHAVARAPU ABHIRAM,AIDS,AIDS,C2,CGN22,C325,2300080099,P,P,P,P,P,P,P,P
3226,ROHITH,AIDS,AIDS,C2,CGN22,C325,2300080116,P,P,P,P,P,P,P,P
3227,K.VENKATA HARSHA VARDHAN REDDY,AIDS,AIDS,C2,CGN22,C325,2300080117,P,P,P,P,P,P,P,P
3228,VINAY GUNDA,AIDS,AIDS,C2,CGN22,C325,2300080126,A,A,A,A,A,A,A,A
3229,KOTA VIJAYA SINDHUJA,AIDS,AIDS,C2,CGN22,C325,2300080143,P,P,P,P,P,P,P,P
3230,DANDA RAMAKANTH REDDY,AIDS,AIDS,C2,CGN22,C325,2300080162,P,P,P,P,P,P,P,P
3231,NEELAPU LALITHANANDA REDDY,AIDS,AIDS,C2,CGN22,C325,2300080163,P,P,P,P,P,P,P,P
3232,CHEBROLU GOWRY LAKSHMI GREESHMA,AIDS,AIDS,C2,CGN22,C325,2300080171,A,A,A,A,A,A,A,A
3233,CHALAMSETTI SAI BHANU PRAKASH,AIDS,AIDS,C2,CGN22,C325,2300080185,A,A,A,A,A,A,A,A
3234,MUVVALA NAGA SAI ROHIT,AIDS,AIDS,C2,CGN22,C325,2300080196,P,P,P,P,P,P,P,P
3235,YENUGA MANDI CHENNA REDDY,AIDS,AIDS,C2,CGN22,C325,2300080247,P,P,P,P,P,P,P,P
3236,ANIRUDH CHENNA,AIDS,AIDS,C2,CGN22,C325,2300080328,P,P,P,P,P,P,P,P
3237,VEERA DURGA K,AIDS,AIDS,C2,CGN22,C325,2300080392,P,P,P,P,P,P,P,P
3238,NAGA VENKATA MAHESH POTURI,AIDS,AIDS,C2,CGN22,C325,2300080408,A,A,A,A,P,P,P,P
3239,ADAPALA DISCO SIVA SURENDRA,AIDS,AIDS,C2,CGN22,C325,2300089013,P,P,P,P,P,P,P,P
3240,KOPPOLU GNANESWARA RAMU,AIDS,AIDS,C2,CGN22,C325,2300089019,P,P,P,P,P,P,P,P
3241,MOTEVAR VAISHNAVI,AIDS,AIDS,C2,CGN22,C325,2300089031,P,P,P,P,A,A,A,A
3242,PARVATHANENI PUNEETH,AIDS,AIDS,C2,CGN22,C325,2300089041,P,P,P,P,P,P,P,P
3243,PENTAKOTI NANDINI,AIDS,AIDS,C2,CGN22,C325,2300089052,A,A,A,A,A,A,A,A
3244,G CHARVI MAHATHI,CSE,CSE2,C2,CGN22,C325,2300032933,P,P,P,P,P,P,P,P
3245,BEERAM SIVANI,CSE,CSE3,C1,IS106,C409,2300030078,A,A,A,A,A,A,A,A
3246,DAMA SRIJA,CSE,CSE3,C1,IS106,C409,2300030151,P,P,P,P,P,P,P,P
3247,GOLLA GANESH,CSE,CSE3,C1,IS106,C409,2300030214,A,A,A,A,A,A,A,A
3248,KOLLI ROHITH REDDY,CSE,CSE3,C1,IS106,C409,2300030333,P,P,P,P,P,P,P,P
3249,RITHVIK DHOOLIPALLA,CSE,CSE3,C1,IS106,C409,2300030587,P,P,P,P,P,P,P,P
3250,VENKATA SAI PODILI,CSE,CSE3,C1,IS106,C409,2300030725,A,A,A,A,A,A,A,A
3251,VENNAPUSA DHANUSH REDDY,CSE,CSE3,C1,IS106,C409,2300030728,P,P,P,P,P,P,P,P
3252,PUSHPAREDDY,CSE,CSE3,C1,IS106,C409,2300030755,A,A,A,A,A,A,A,A
3253,SOMANATH IMADABATTINA,CSE,CSE3,C1,IS106,C409,2300030906,A,A,A,A,A,A,A,A
3254,DIRISHALA GOPI KRISHNA,CSE,CSE3,C1,IS106,C409,2300030916,P,P,P,P,P,P,P,P
3255,CHANDRA LEKHA,CSE,CSE3,C1,IS106,C409,2300031017,P,P,P,P,P,P,P,P
3256,VADURI BALARAMA SESHA SRIKAR,CSE,CSE3,C1,IS106,C409,2300031073,A,A,A,A,A,A,A,A
3257,DAMULURI.PURNA VENKAT KRISHNA ARJUN,CSE,CSE3,C1,IS106,C409,2300031217,A,A,A,A,A,A,A,A
3258,NIMMAGADDA ABHIRAM,CSE,CSE3,C1,IS106,C409,2300031364,A,A,A,A,A,A,A,A
3259,MUNTALA HIMAJA,CSE,CSE3,C1,IS106,C409,2300031488,P,P,P,P,P,P,P,P
3260,GARIKAPATI GOPI CHARAN,CSE,CSE3,C1,IS106,C409,2300031500,P,P,P,P,P,P,P,P
3261,SURE GANESH VAMSI KRISHNA,CSE,CSE3,C1,IS106,C409,2300031508,P,P,P,P,P,P,P,P
3262,GANNA SRIKAR,CSE,CSE3,C1,IS106,C409,2300031750,A,A,A,A,A,A,A,A
3263,NAVYA THIRIVEEDHI,CSE,CSE3,C1,IS106,C409,2300031775,A,A,A,A,P,P,P,P
3264,MATURI GOWTHAMSAI,CSE,CSE3,C1,IS106,C409,2300031914,A,A,A,A,A,A,A,A
3265,BADISA GEETHA CHARAN,CSE,CSE3,C1,IS106,C409,2300031980,P,P,P,P,P,P,P,P
3266,MOJESH MANCHEM,CSE,CSE3,C1,IS106,C409,2300032066,A,A,A,A,A,A,A,A
3267,MAHESWARA LAXMAN,CSE,CSE3,C1,IS106,C409,2300032130,A,A,A,A,A,A,A,A
3268,BODDALA LAKSHMI PRASANNA SAI KUMAR,CSE,CSE3,C1,IS106,C409,2300032205,A,A,A,A,A,A,A,A
3269,CHAITANYA LACCHI,CSE,CSE3,C1,IS106,C409,2300032239,P,P,P,P,P,P,P,P
3270,AYILURI SAI SUBRAHMANYA AMULYANATH,CSE,CSE3,C1,IS106,C409,2300032359,P,P,P,P,P,P,P,P
3271,OBILINA DEVENDRA VENKATA SAI CHOWDARY,CSE,CSE3,C1,IS106,C409,2300032380,A,A,A,A,A,A,A,A
3272,KALIKIVAYI SILPA,CSE,CSE3,C1,IS106,C409,2300032381,A,A,A,A,A,A,A,A
3273,KOLLURI SHAKTHI HARI CHARAN,CSE,CSE3,C1,IS106,C409,2300032417,A,A,A,A,A,A,A,A
3274,PALLA SRI HARSHITH SAI RAM,CSE,CSE3,C1,IS106,C409,2300032591,A,A,A,A,A,A,A,A
3275,MANJUHASINI,CSE,CSE3,C1,IS106,C409,2300032593,P,P,P,P,P,P,P,P
3276,SHANMUKHA VARDHAN MANIVELTHI,CSE,CSE3,C1,IS106,C409,2300032676,A,A,A,A,A,A,A,A
3277,DINESH KUMAR YADAV,CSE,CSE3,C1,IS106,C409,2300032744,A,A,A,A,A,A,A,A
3278,GARLAPATI JAYARAM VENKATA NAGA SAI SARATH,CSE,CSE3,C1,IS106,C409,2300032762,A,A,A,A,A,A,A,A
3279,PASALA HARSHA SATYA SAI PHANI,CSE,CSE3,C1,IS106,C409,2300033050,P,P,P,P,P,P,P,P
3280,ACHUTA LAKSHMI PRASANNA,CSE,CSE3,C1,IS106,C409,2300033130,A,A,A,A,A,A,A,A
3281,K HARICHARAN,CSE,CSE3,C1,IS106,C409,2300033226,P,P,P,P,P,P,P,P
3282,JOHN WESLEY DONE,CSE,CSE3,C1,IS106,C409,2300033457,P,P,P,P,P,P,P,P
3283,POKURI SARVANI,CSE,CSE3,C1,IS106,C409,2300033495,P,P,P,P,P,P,P,P
3284,KODI DINESH,CSE,CSE3,C1,IS106,C409,2300033551,A,A,A,A,A,A,A,A
3285,VAMSI MERLA,CSE,CSE3,C1,IS106,C409,2300033570,P,P,P,P,P,P,P,P
3286,BHIMISETTY SAI YESWANTH,CSE,CSE3,C1,IS106,C409,2300033611,A,A,A,A,A,A,A,A
3287,PARIMI SRI VIJAYA VIKAS CHOWDARY,CSE,CSE3,C1,IS106,C409,2300033793,A,A,A,A,A,A,A,A
3288,CHASWANTH SAI,CSE,CSE3,C1,IS106,C409,2300033795,A,A,A,A,A,A,A,A
3289,CHALLA MAHESWAR REDDY,CSE,CSE3,C1,IS106,C409,2300033844,P,P,P,P,P,P,P,P
3290,GAURAV KUMAR,CSE,CSE3,C1,IS106,C409,2300033867,P,P,P,P,P,P,P,P
3291,POTHUGANTI LAKSHMI CHAKRADHAR,CSE,CSE3,C1,IS106,C409,2300039016,A,A,A,A,A,A,A,A
3292,SATTAR KHAN,CSE,CSE3,C1,IS106,C409,2300039082,P,P,P,P,P,P,P,P
3293,SUPRADEEP VELADANDI,CSE,CSE3,C1,IS106,C409,2300039091,P,P,P,P,P,P,P,P
3294,DASARI PAVAN,CSE,CSE3,C1,IS106,C409,2300039092,P,P,P,P,P,P,P,P
3295,A.RAJA SANTOSH GANESH,CSE,CSE3,C1,IS106,C409,2300039107,A,A,A,A,A,A,A,A
3296,YAKKATEELA YASWANTH KUMAR,CSE,CSE3,C1,IS106,C409,2300039111,A,A,A,A,A,A,A,A
3297,EDAPALAPATI NAGA VENKATA BANGARU SAI ESWAR,CSE,CSE3,C1,IS106,C409,2300039123,A,A,A,A,A,A,A,A
3298,SYED ZUBEAR AHAMMAD,CSE,CSE3,C1,IS106,C409,2300039125,A,A,A,A,A,A,A,A
3299,POTTURI SHANMUKHA,CSE,CSE3,C1,IS106,C409,2300039137,A,A,A,A,A,A,A,A
3300,KATHI . SHANMUKHA SIRI CHANDANA,CSE,CSE3,C1,IS106,C409,2300031158,P,P,P,P,P,P,P,P
3301,MULAGAPATI SESHACHALA PADMANABHA RAJU,CSE,CSE3,C1,IS106,C409,2300031229,P,P,P,P,P,P,P,P
3302,RAJKUMAR BEJAWADA,CSE,CSE2,C1,SI11,C425,2300030079,A,A,A,A,P,P,A,A
3303,DABBAKUTI AHALYA,CSE,CSE1,C1,SI11,C425,2300030149,P,P,P,P,P,P,P,P
3304,GUNDU BHANU PRAKASH,CSE,CSE1,C1,SI11,C425,2300030237,P,P,P,P,P,P,P,P
3305,GURIVI REDDY YASASWINI,CSE,HTE,C1,SI11,C425,2300030244,P,P,P,P,P,P,P,P
3306,KEERTHI SRI AMBICA DEVI PUJARI,CSE,CSE4,C1,SI11,C425,2300030320,P,P,P,P,P,P,P,P
3307,KOMMAREDDY KARTHIK REDDY,CSE,CSE2,C1,SI11,C425,2300030338,P,P,P,P,P,P,P,P
3308,KOTA DEVI SRUHITHA SRI,CSE,CSE1,C1,SI11,C425,2300030351,P,P,P,P,P,P,P,P
3309,MADA SURESH,CSE,HTE,C1,SI11,C425,2300030390,P,P,P,P,P,P,P,P
3310,MADDINENI PRAVALLIKA,CSE,CSE1,C1,SI11,C425,2300030394,P,P,P,P,P,P,P,P
3311,MATURU SRAVAN KUMAR,CSE,HTI,C1,SI11,C425,2300030417,P,P,P,P,P,P,P,P
3312,MOPURI GURU SHAILESH,CSE,HTR,C1,SI11,C425,2300030442,P,P,P,P,P,P,P,P
3313,GOWTHAM KUMAR PENDEM,CSE,CSE2,C1,SI11,C425,2300030523,P,P,P,P,P,P,P,P
3314,PENTI SONIKA,CSE,CSE2,C1,SI11,C425,2300030527,P,P,P,P,P,P,P,P
3315,RACHAPUDI SAI SREE,CSE,HTE,C1,SI11,C425,2300030570,P,P,P,P,P,P,P,P
3316,RAUNAK KUMAR SINGH,CSE,CSE2,C1,SI11,C425,2300030578,P,P,P,P,P,P,P,P
3317,RAVI HARSHITH REDDY,CSE,HTR,C1,SI11,C425,2300030579,P,P,P,P,A,A,A,A
3318,SOMISETTY MANOCHARAN,CSE,CSE1,C1,SI11,C425,2300030647,P,P,P,P,P,P,P,P
3319,ASHOK CHANDRA GORLA,CSE,HTR,C1,SI11,C425,2300030846,A,A,A,A,A,A,A,A
3320,VELIVELA SREEHITHA,CSE,HTE,C1,SI11,C425,2300030876,P,P,P,P,P,P,P,P
3321,MODEKURTY SRI HARSHA,CSE,CSE2,C1,SI11,C425,2300030886,P,P,P,P,P,P,P,P
3322,GOLI SANDILYA ARJUN KUMAR,CSE,CSE1,C1,SI11,C425,2300030948,P,P,P,P,P,P,P,P
3323,POLISETTI LEENA SRI LAHARI,CSE,CSE1,C1,SI11,C425,2300031012,P,P,P,P,P,P,P,P
3324,RAVURI RUPA SAI KALYAN KUMAR,CSE,CSE1,C1,SI11,C425,2300031069,A,A,A,A,A,A,A,A
3325,SAKALABATTULA KAMESH PRASAD,CSE,CSE2,C1,SI11,C425,2300031070,P,P,P,P,P,P,P,P
3326,ACHUTHA V S MOHAN SRI PUNEETH,CSE,CSE1,C1,SI11,C425,2300031079,P,P,P,P,P,P,P,P
3327,BHIMIREDDY MEGHANA SIVA PRIYA,CSE,HTE,C1,SI11,C425,2300031106,P,P,P,P,P,P,P,P
3328,SAI PULLESWARA JAYANTH CHAKKA,CSE,CSE1,C1,SI11,C425,2300031110,P,P,P,P,P,P,P,P
3329,RATHNAKARAM VENKATA CHANDRA SEKHARA RAJU,CSE,HTI,C1,SI11,C425,2300031237,A,A,A,A,A,A,A,A
3330,ANGADALA VENKATA PRASANNA JAYA KRISHNA SAI,CSE,CSE2,C1,SI11,C425,2300031240,P,P,P,P,P,P,P,P
3331,BHIMAVARAPU BOGENDRA SAI KUMAR REDDY,CSE,CSE1,C1,SI11,C425,2300031290,P,P,P,P,P,P,P,P
3332,THOTA GOWTHAM,CSE,HTE,C1,SI11,C425,2300031331,P,P,P,P,P,P,P,P
3333,KEERTHI BONISHIRA AKSHAYA,CSE,CSE1,C1,SI11,C425,2300031341,A,A,A,A,A,A,P,P
3334,SRI SAI SATYA MANIDEEP GANNAVARAM,CSE,CSE1,C1,SI11,C425,2300031433,P,P,P,P,P,P,P,P
3335,KAKUMANI VENKATA NAGA SAI RUSHITHA,CSE,CSE1,C1,SI11,C425,2300031455,P,P,P,P,P,P,P,P
3336,KINNERA VENKATA NAGA BALAJI,CSE,HTE,C1,SI11,C425,2300031502,P,P,P,P,P,P,P,P
3337,B SURAJ PATRA,CSE,HTE,C1,SI11,C425,2300031514,A,A,A,A,A,A,A,A
3338,SINDHANUR JAGADEESH,CSE,HTR,C1,SI11,C425,2300031572,A,A,A,A,A,A,A,A
3339,AKETI SAI SUBRAHMANYA SWATHIK,CSE,CSE3,C1,SI11,C425,2300031604,P,P,P,P,P,P,P,P
3340,VAMSI KRISHNA GANTA,CSE,CSE2,C1,SI11,C425,2300031633,P,P,P,P,P,P,P,P
3341,VEDA SUHAS KULKARNI,CSE,HTE,C1,SI11,C425,2300031649,P,P,P,P,P,P,P,P
3342,SHAIK ABDUL KARIM AZAD,CSE,CSE2,C1,SI11,C425,2300031662,P,P,P,P,P,P,P,P
3343,INAVOLU VISHNU SATHWIK,CSE,CSE2,C1,SI11,C425,2300031684,P,P,P,P,P,P,P,P
3344,ADNAN ASHRAF,CSE,CSE1,C1,SI11,C425,2300031713,P,P,P,P,P,P,P,P
3345,GUNANA JASWANTH,CSE,CSE2,C1,SI11,C425,2300031720,P,P,P,P,P,P,P,P
3346,TIKKISETTY MOKSHITHA,CSE,CSE1,C1,SI11,C425,2300031721,P,P,P,P,P,P,P,P
3347,MADDALI VENKATA BHASKARA NAGA SREEGANESH,CSE,HTE,C1,SI11,C425,2300031823,P,P,P,P,P,P,P,P
3348,KOPPOLU SANDILYA,CSE,CSE1,C1,SI11,C425,2300031953,P,P,P,P,P,P,P,P
3349,SOMESH SWADHIN BISWAL,CSE,HTE,C1,SI11,C425,2300031960,P,P,P,P,P,P,P,P
3350,KARRI SRI KARTHIK REDDY,CSE,CSE1,C1,SI11,C425,2300031968,P,P,P,P,P,P,P,P
3351,CHINTALA SAI VARUN,CSE,CSE1,C1,SI11,C425,2300031984,P,P,P,P,P,P,P,P
3352,PEPAKAYALA YASASVI NIVAS TARUN,CSE,CSE1,C1,SI11,C425,2300032005,P,P,P,P,P,P,P,P
3353,GARAGA PAVAN KARTHIK,CSE,CSE1,C1,SI11,C425,2300032048,P,P,P,P,P,P,P,P
3354,ADABALA KAVYA,CSE,CSE1,C1,SI11,C425,2300032108,P,P,P,P,P,P,P,P
3355,BOPPANA HARSHINI CHOWDARY,CSE,CSE2,C1,SI11,C425,2300032117,P,P,P,P,P,P,P,P
3356,MODEPALLI SAI KALA,CSE,CSE1,C1,SI11,C425,2300032166,P,P,P,P,P,P,P,P
3357,KASI SAICHARAN,CSE,CSE2,C1,SI11,C425,2300032175,A,A,A,A,A,A,A,A
3358,NALABOLU VAISHNAVI DEVI,CSE,HTI,C1,SI11,C425,2300032177,P,P,P,P,P,P,P,P
3359,CHAKRA VAISHNAV REDDY GUNTAKA,CSE,CSE3,C1,SI11,C425,2300032179,P,P,P,P,P,P,P,P
3360,DASARI DATTA SAI UDAY,CSE,CSE2,C1,SI11,C425,2300032250,P,P,P,P,P,P,P,P
3361,JATIN PARIDAL,CSE,CSE4,C1,SI11,C425,2300032306,P,P,P,P,P,P,P,P
3362,PAVANI SAI DEVI LODAGALA,CSE,CSE2,C1,SI11,C425,2300032355,P,P,P,P,P,P,P,P
3363,ANGAJALA VEERA RAM KUMAR,CSE,CSE1,C1,SI11,C425,2300032431,P,P,P,P,P,P,P,P
3364,CHANDAKA SASIKUMAR,CSE,CSE1,C1,SI11,C425,2300032451,A,A,A,A,A,A,A,A
3365,KARAMSETTY PRANATHI,CSE,CSE2,C1,SI11,C425,2300032452,P,P,P,P,P,P,P,P
3366,THUMMAGANTI JAYANTH RAJ,CSE,HTE,C1,SI11,C425,2300032469,P,P,P,P,P,P,P,P
3367,BHEEMARASETTY JNASWANTH,CSE,CSE1,C1,SI11,C425,2300032498,P,P,P,P,P,P,P,P
3368,SYED ANAS,CSE,CSE2,C1,SI11,C425,2300032619,P,P,P,P,P,P,P,P
3369,CHALLAPALLI PRATHYUSHA,CSE,CSE1,C1,SI11,C425,2300032633,P,P,P,P,P,P,P,P
3370,THOTAKURA YASASWINI APARNA,CSE,HTR,C1,SI11,C425,2300032638,P,P,P,P,P,P,P,P
3371,AKKALADEVI MEENAKSHI,CSE,HTR,C1,SI11,C425,2300032649,P,P,P,P,P,P,P,P
3372,PASUPULETI VENKATA SAI KEERTHAN,CSE,CSE1,C1,SI11,C425,2300032743,P,P,P,P,P,P,P,P
3373,RAMISETTI PURNA CHANDRIKA,CSE,CSE2,C1,SI11,C425,2300032803,P,P,P,P,P,P,P,P
3374,PUVVALA HEMA SRI VARSHAN,CSE,CSE1,C1,SI11,C425,2300032811,P,P,P,P,P,P,P,P
3375,PARDHASARADHI KOTTURTHI,CSE,CSE2,C1,SI11,C425,2300032826,P,P,P,P,P,P,P,P
3376,HARSH RAJ,CSE,HTE,C1,SI11,C425,2300032995,A,A,A,A,A,A,A,A
3377,PASUMARTHI VENKATA SAI SPANDANA,CSE,CSE2,C1,SI11,C425,2300033033,P,P,P,P,P,P,P,P
3378,SHAIK CHINTAPALLI SULTHAN HASAN,CSE,HTE,C1,SI11,C425,2300033042,A,A,A,A,A,A,A,A
3379,VALLABHANENI HARSHINI,CSE,CSE2,C1,SI11,C425,2300033232,P,P,P,P,P,P,P,P
3380,VALUROUTHU JASHWANTH,CSE,HTE,C1,SI11,C425,2300033249,A,A,A,A,A,A,A,A
3381,KOMMI. RESHMA CHOWDARY,CSE,HTE,C1,SI11,C425,2300033252,P,P,P,P,P,P,P,P
3382,PALLAM HEMACHAND,CSE,HTE,C1,SI11,C425,2300033403,P,P,P,P,P,P,P,P
3383,HARSHAVARDHAN SAI PESALA,CSE,CSE1,C1,SI11,C425,2300033584,P,P,P,P,P,P,P,P
3384,GURRAM NISHANT RAJENDRARAO,CSE,HTE,C1,SI11,C425,2300033592,P,P,P,P,P,P,P,P
3385,NARAGAM JIVITESH,CSE,CSE3,C1,SI11,C425,2300033701,P,P,P,P,P,P,P,P
3386,DESINA BALA SAGAR,CSE,HTE,C1,SI11,C425,2300033854,A,A,A,A,A,A,A,A
3387,VASANTH KUMAR NIMMITI,CSE,CSE3,C1,SI11,C425,2300039056,P,P,P,P,P,P,P,P
3388,ILLURI YOGI GANESH NAGENDRA,CSE,CSE3,C1,SI11,C425,2300039065,P,P,P,P,P,P,P,P
3389,KAMBHAMPATI GOPI SAI,CSE,CSE3,C1,SI11,C425,2300039067,A,A,A,A,A,A,A,A
3390,MACHARLA SRI VEERA VENKATA SIVA SAINADH,CSE,CSE3,C1,SI11,C425,2300039110,P,P,P,P,P,P,P,P
3391,THOKALA PAVAN,CSE,CSE3,C1,SI11,C425,2300039135,P,P,P,P,A,A,A,A
3392,VARRI SRI SIVA SAI PRANAY,ECE,ECE,C1,SI11,C425,2300040046,A,A,A,A,A,A,A,A
3393,NADIPALLI RITHVIKA LAKSHMI,ECE,ECE,C1,SI11,C425,2300040105,P,P,P,P,P,P,P,P
3394,SHYAMSUNDAR BEZAWADA,CSE,HTE,C1,SI11,C425,2300040118,P,P,P,P,P,P,P,P
3395,SANDU PREETHISREE NAGA SAI,ECE,ECE,C1,SI11,C425,2300040199,P,P,P,P,P,P,P,P
3396,MARAM POOJITHA,ECE,ECE,C1,SI11,C425,2300040308,P,P,P,P,P,P,P,P
3397,NAINALA SIVA DURGA PRASAD,ECE,ECE,C1,SI11,C425,2300040321,A,A,A,A,A,A,A,A
3398,DESABOINA ABHILASH MANIKANTA,ECE,ECE,C1,SI11,C425,2300040322,P,P,P,P,P,P,P,P
3399,VENKATA SIVA SAI,ECE,ECE,C1,SI11,C425,2300040329,P,P,P,P,P,P,P,P
3400,KAMALNADH BEJJAM,ECE,ECE,C1,SI11,C425,2300040372,P,P,P,P,P,P,P,P
3401,SANAGAPALLI BABITHA LAKSHMI,ECE,ECE,C1,SI11,C425,2300040398,P,P,P,P,P,P,P,P
3402,SARATH CHANDRA DONEPUDI,ECE,ECE,C1,SI11,C425,2300040452,A,A,A,A,A,A,A,A
3403,ROKKAM HEMANTH KUMAR,ECE,ECE,C1,SI11,C425,2300049021,A,A,A,A,A,A,A,A
3404,BOYINA JASWANTH,ECE,ECE,C1,SI11,C425,2300049059,A,A,A,A,A,A,A,A
3405,PULIPATI GAYATHRI,ECE,ECE,C1,SI11,C425,2300049174,A,A,A,A,P,P,P,P
3406,SADDALA REDDY JOSHNA,ECE,ECE,C1,SI11,C425,2300049199,P,P,P,P,P,P,P,P
3407,SRINADH KANCHARLA,AIDS,HTR,C1,SI11,C425,2300080021,A,A,A,A,A,A,A,A
3408,M N S S GNANA PRASUNAMBA,AIDS,AIDS,C1,SI11,C425,2300080123,P,P,P,P,P,P,P,P
3409,BOMMAREDDY TANOJ RAHUL REDDY,AIDS,HTE,C1,SI11,C425,2300080131,A,A,A,A,A,A,A,A
3410,KEERTHI SRIVALLI GADIRAJU,AIDS,AIDS,C1,SI11,C425,2300080147,P,P,P,P,P,P,P,P
3411,PENDELA NAGA ABHINAY,AIDS,HTE,C1,SI11,C425,2300080175,P,P,P,P,P,P,P,P
3412,RAYA VIKHYATH,AIDS,HTR,C1,SI11,C425,2300080188,A,A,A,A,A,A,A,A
3413,CHINNI P LAKSHMI VENKATA SAI MANIKANTA,AIDS,HTE,C1,SI11,C425,2300080218,A,A,A,A,A,A,A,A
3414,HARIESHWAR VAJRALA,AIDS,AIDS,C1,SI11,C425,2300080343,P,P,P,P,P,P,P,P
3415,PHANEENDHAR KAKARAPARTHY,AIDS,AIDS,C1,SI11,C425,2300080346,A,A,A,A,A,A,A,A
3416,KARANAM ANJULA CHOWDARY,CSIT,CSIT,C1,SI11,C425,2300090024,P,P,P,P,P,P,P,P
3417,MADDULA REVANTH SRI,CSIT,HTE,C1,SI11,C425,2300090029,A,A,A,A,A,A,A,A
3418,VARADA DHEERAJ GUPTA,CSIT,HTE,C1,SI11,C425,2300090044,P,P,P,P,P,P,P,P
3419,KAMASANI SHYAM PRASAD REDDY,CSIT,CSIT,C1,SI11,C425,2300090058,P,P,P,P,P,P,P,P
3420,CHANUMOLU SESHA SAI KRISHNA,CSIT,HTE,C1,SI11,C425,2300090063,A,A,A,A,A,A,A,A
3421,SHAIK MOHAMMED ASHRAF,CSIT,CSIT,C1,SI11,C425,2300090129,P,P,P,P,P,P,P,P
3422,KULUKURI PRANEETH,CSIT,HTE,C1,SI11,C425,2300090274,P,P,P,P,P,P,A,P
3423,PRAVALLIKA JUPALLI,CSIT,CSIT,C1,SI11,C425,2300090275,P,P,P,P,P,P,P,P
3424,JYOTHI SRI PERUMALLA,CSIT,CSIT,C1,SI11,C425,2300090386,P,P,P,P,P,P,P,P
3425,BODDUPALLI NIKHIL,IOT,IOT,C1,SI11,C425,2300100077,P,P,P,P,P,P,P,P
3426,SHAIK HUSSAIN VALLI,CSE,CSE3,C1,SI11,C425,2300039032,P,P,P,P,P,P,P,P
3427,VALIVETI DARSHINI,BT,BT,C1,GK12,C521B1,2300010122,A,A,A,A,A,A,A,A
3428,CHALLA RISHIKUMAR REDDY,AIDS,AIDS,C1,GK12,C521B1,2300080009,P,P,P,P,A,A,A,A
3429,CHARITHA REDDY GALI,AIDS,AIDS,C1,GK12,C521B1,2300080014,A,A,A,A,A,A,A,A
3430,MADDULA KRISHNA VAMSI,AIDS,AIDS,C1,GK12,C521B1,2300080025,P,P,P,P,P,P,A,A
3431,ROOPA SRAVANI BATTULA,AIDS,AIDS,C1,GK12,C521B1,2300080035,A,A,A,A,A,A,A,A
3432,CHAITHEESH MANYAM,AIDS,AIDS,C1,GK12,C521B1,2300080045,A,A,A,A,A,A,A,A
3433,GONUMAKULAPALLI HARSHAVARDHAN,AIDS,AIDS,C1,GK12,C521B1,2300080064,A,A,A,A,P,P,P,P
3434,SRI SAILESH VIVEKANANDA PATCHA,AIDS,AIDS,C1,GK12,C521B1,2300080067,A,A,A,A,A,A,A,A
3435,PULAVARTHI SRI LAKSHMI GAYATRI,AIDS,AIDS,C1,GK12,C521B1,2300080068,P,P,P,P,P,P,P,P
3436,KANUGANTI VENKATA NAGA SUDARSHAN,AIDS,AIDS,C1,GK12,C521B1,2300080070,P,P,P,P,P,P,P,P
3437,LEELA RAJA VARDHAN REDDY MEDAPATI,AIDS,AIDS,C1,GK12,C521B1,2300080072,A,A,A,A,A,A,A,A
3438,KONDABATTULA YASWANTH AMBICA SAI,AIDS,AIDS,C1,GK12,C521B1,2300080086,A,A,A,A,A,A,A,A
3439,CHANDALURI MASTHAN REDDY,AIDS,AIDS,C1,GK12,C521B1,2300080092,P,P,P,P,P,P,P,P
3440,VARSHITH PONNAM,AIDS,AIDS,C1,GK12,C521B1,2300080098,A,A,A,A,A,A,A,A
3441,GURU TARUN REDDY,AIDS,AIDS,C1,GK12,C521B1,2300080108,P,P,P,P,P,P,P,P
3442,KUNKUNURU KONDALARAO,AIDS,AIDS,C1,GK12,C521B1,2300080120,P,P,P,P,P,P,P,P
3443,PENUMALA MOUNISH,AIDS,AIDS,C1,GK12,C521B1,2300080129,P,P,P,P,P,P,P,P
3444,YOGI SRI GANESH,AIDS,AIDS,C1,GK12,C521B1,2300080133,A,A,A,A,A,A,A,A
3445,HASINI JAKKANA,AIDS,AIDS,C1,GK12,C521B1,2300080136,A,A,A,A,A,A,A,A
3446,KONDAVEETI YUVA YOSHITHA LAKSHMI,AIDS,AIDS,C1,GK12,C521B1,2300080137,A,A,A,A,A,A,A,A
3447,SHAIK MEERA MOHIDDIN,AIDS,AIDS,C1,GK12,C521B1,2300080145,A,A,A,A,P,P,P,P
3448,PEDDI MAHA BHARADWAJA,AIDS,AIDS,C1,GK12,C521B1,2300080151,P,P,P,P,P,P,P,P
3449,PRANEETH CHOWDARY,AIDS,AIDS,C1,GK12,C521B1,2300080154,P,P,P,P,P,P,P,P
3450,PEDDI REDDY VENKATA SUDARSAN REDDY,AIDS,AIDS,C1,GK12,C521B1,2300080178,P,P,P,P,P,P,P,P
3451,HARI PRABHU NARAHARISETTY,AIDS,AIDS,C1,GK12,C521B1,2300080183,P,P,P,P,P,P,P,P
3452,VENKATA KARTHIKEYA GOLLAMUDI,AIDS,AIDS,C1,GK12,C521B1,2300080189,P,P,P,P,P,P,A,A
3453,PINNAMREDDY SAI VIGNAN REDDY,AIDS,AIDS,C1,GK12,C521B1,2300080200,A,A,A,A,A,A,A,A
3454,YELIPEDDI ABHIMAN REDDY,AIDS,AIDS,C1,GK12,C521B1,2300080201,P,P,P,P,P,P,P,P
3455,SUBBA REDDY DONDATI,AIDS,AIDS,C1,GK12,C521B1,2300080220,P,P,A,A,A,A,A,A
3456,POREDDY VENKATA VIJAY SIVA REDDY,AIDS,AIDS,C1,GK12,C521B1,2300080224,A,A,A,A,A,A,A,A
3457,BATHULA SRINU,AIDS,AIDS,C1,GK12,C521B1,2300080226,A,A,A,A,A,A,A,A
3458,BHERI RANJITH KUMAR,AIDS,AIDS,C1,GK12,C521B1,2300080232,P,P,P,P,P,P,P,P
3459,PEDDI BHARATH KUMAR,AIDS,AIDS,C1,GK12,C521B1,2300080238,P,P,P,P,P,P,P,P
3460,MOHAMMAD KHAJA MOHINUDDIN SHARIFF,AIDS,AIDS,C1,GK12,C521B1,2300080241,P,P,P,P,P,P,P,P
3461,NIMMAGADDA GOWRI KRISHNA NAGESWARI,AIDS,AIDS,C1,GK12,C521B1,2300080242,P,P,P,P,P,P,P,P
3462,LITHIKA_BOLLINA,AIDS,AIDS,C1,GK12,C521B1,2300080260,A,A,A,A,A,A,A,A
3463,AIMAN KHAN,AIDS,AIDS,C1,GK12,C521B1,2300080266,P,P,P,P,P,P,P,P
3464,LIKITH SAI RAM REDDY PULICHARLA,AIDS,AIDS,C1,GK12,C521B1,2300080271,P,P,P,P,P,P,P,P
3465,DINESH REDDY VENNAPUSA,AIDS,AIDS,C1,GK12,C521B1,2300080287,A,A,A,A,P,P,P,P
3466,BEZAVADA RAGA SUSMITHA,AIDS,AIDS,C1,GK12,C521B1,2300080288,A,A,A,A,P,P,P,P
3467,PATAN KHASEEM KHAN,AIDS,AIDS,C1,GK12,C521B1,2300080307,A,A,A,A,A,A,A,A
3468,LIKHITHA YAMMANURU,AIDS,AIDS,C1,GK12,C521B1,2300080309,A,A,A,A,A,A,A,A
3469,KACHANDRASEKHAR,AIDS,AIDS,C1,GK12,C521B1,2300080310,P,P,P,P,P,P,P,P
3470,VUYYURU KALYANI,AIDS,AIDS,C1,GK12,C521B1,2300080325,A,A,A,A,A,A,A,A
3471,GODI SASANK KUMAR REDDY,AIDS,AIDS,C1,GK12,C521B1,2300080331,A,A,A,A,A,A,A,A
3472,VOOTLA RESHMA CHETHANA,AIDS,AIDS,C1,GK12,C521B1,2300080334,P,P,A,A,P,P,P,P
3473,ALLAMPATI THIRUMALA TEJA,AIDS,AIDS,C1,GK12,C521B1,2300080355,P,P,P,P,P,P,P,P
3474,MAMIDIPAKA ESWARA RAO,AIDS,AIDS,C1,GK12,C521B1,2300080363,A,A,A,A,A,A,A,A
3475,MALEPATI GNANA SEKHAR,AIDS,AIDS,C1,GK12,C521B1,2300080384,A,A,A,A,A,A,A,A
3476,POTLURI HARSHITH PAVAN SAI,AIDS,AIDS,C1,GK12,C521B1,2300080394,P,P,P,P,A,A,A,A
3477,KOLLATI SRI GANESH,AIDS,AIDS,C1,GK12,C521B1,2300080404,A,A,A,A,A,A,P,P
3478,M.K PRUDHVINATH,AIDS,AIDS,C1,GK12,C521B1,2300080414,A,A,A,A,A,A,A,A
3479,GOGINENI AKASH,AIDS,AIDS,C1,GK12,C521B1,2300080420,P,P,P,P,P,P,P,P
3480,K MANISH KUMAR,AIDS,AIDS,C1,GK12,C521B1,2300089002,A,A,A,A,A,A,A,A
3481,KARNATI POWSHITHA,AIDS,AIDS,C1,GK12,C521B1,2300089007,P,P,P,P,P,P,P,P
3482,MUHAMMAD SHUAIB NAWAZ,AIDS,AIDS,C1,GK12,C521B1,2300089020,P,P,P,P,P,P,P,P
3483,PRUDHVI CHARAN,AIDS,AIDS,C1,GK12,C521B1,2300089024,A,A,A,A,A,A,A,A
3484,LOKESH_RAVILLA,AIDS,AIDS,C1,GK12,C521B1,2300089054,A,A,A,A,P,P,A,A
3485,TANAKANTI RENUKA,IOT,IOT,C1,GK12,C521B1,2300100002,A,A,P,P,P,P,P,P
3486,HARSHITHA SHARMA VARANASI,IOT,IOT,C1,GK12,C521B1,2300100004,A,A,A,A,A,A,A,A
3487,GRANDHI SIVA NAGA SAI JAYANTH,IOT,IOT,C1,GK12,C521B1,2300100005,A,A,A,A,A,A,A,A
3488,RAVULA AKHIL REDDY,IOT,IOT,C1,GK12,C521B1,2300100013,A,A,A,A,A,A,A,A
3489,NAKKA.JYOTHI,IOT,IOT,C1,GK12,C521B1,2300100024,A,A,A,A,A,A,A,A
3490,N.VISWESWARA BABU,IOT,IOT,C1,GK12,C521B1,2300100047,P,P,P,P,P,P,P,P
3491,PALAM DHARMA TEJA REDDY,IOT,IOT,C1,GK12,C521B1,2300100053,A,A,A,A,A,A,A,A
3492,PUSHYAHARINI,IOT,IOT,C1,GK12,C521B1,2300100058,A,A,A,A,A,A,A,A
3493,GUNDA VENKATA SUSHANTH,AIDS,AIDS,C1,GK12,C521B1,2300089040,A,A,A,A,A,A,A,A
3494,BUSIREDDY RAMA LAKSHMI,CSE,CSE3,C2,IS209,C521B2,2300030107,A,A,A,A,A,A,A,A
3495,EP NIVETHA,CSE,CSE3,C2,IS209,C521B2,2300030178,P,P,P,P,P,P,P,P
3496,KANDI JYOTHSNA SRI SAI,CSE,CSE3,C2,IS209,C521B2,2300030300,A,A,A,A,A,A,A,A
3497,VINOSHA KUKKA,CSE,CSE3,C2,IS209,C521B2,2300030366,A,A,A,A,A,A,A,A
3498,VIDHYAMACHARLA,CSE,CSE3,C2,IS209,C521B2,2300030388,A,A,A,A,A,A,A,A
3499,HASINI MACHARLA,CSE,CSE3,C2,IS209,C521B2,2300030389,A,A,A,A,A,A,A,A
3500,MINGI KUNDANA SAI GOUD,CSE,CSE3,C2,IS209,C521B2,2300030426,A,A,A,A,A,A,A,A
3501,N SATISH,CSE,CSE3,C2,IS209,C521B2,2300030457,A,A,A,A,A,A,A,A
3502,NAGA CHETAN KARUMANCHI,CSE,CSE3,C2,IS209,C521B2,2300030460,A,A,A,A,A,A,A,A
3503,NARADASU TIRUMALESH,CSE,CSE3,C2,IS209,C521B2,2300030476,P,P,P,P,P,P,P,P
3504,NAVYA SRI THUPAKULA,CSE,CSE3,C2,IS209,C521B2,2300030661,A,A,A,A,A,A,A,A
3505,TALLADA VARSHITHA,CSE,CSE3,C2,IS209,C521B2,2300030663,P,P,P,P,P,P,P,P
3506,POTNURU GOUTAM,CSE,CSE3,C2,IS209,C521B2,2300030802,A,A,A,A,A,A,A,A
3507,BINEETHA MUNAGALA,CSE,CSE3,C2,IS209,C521B2,2300030843,A,A,A,A,A,A,A,A
3508,NALLAGACHU AKSHAYA,CSE,CSE3,C2,IS209,C521B2,2300030868,A,A,A,A,A,A,A,A
3509,ABHIRAM VEERLAPATI,CSE,CSE3,C2,IS209,C521B2,2300030875,A,A,A,A,A,A,A,A
3510,PAVANI PRASANNA MADU,CSE,CSE3,C2,IS209,C521B2,2300030896,A,A,A,A,A,A,A,A
3511,K.SRI LAKSHMI SITA CHANDRIKA,CSE,CSE3,C2,IS209,C521B2,2300031092,A,A,A,A,A,A,A,A
3512,N UMA LAKSHMI NARAYANA,CSE,CSE3,C2,IS209,C521B2,2300031175,A,A,A,A,A,A,A,A
3513,N.MOHAN NAGENDRA,CSE,CSE3,C2,IS209,C521B2,2300031243,A,A,A,A,A,A,A,A
3514,KOLA ANEESHNANDAN,CSE,CSE3,C2,IS209,C521B2,2300031392,P,P,P,P,A,A,A,A
3515,MANAM GANESH SUBBU SINGH,CSE,CSE3,C2,IS209,C521B2,2300031404,A,A,A,A,A,A,A,A
3516,METTA SOWMYA,CSE,CSE3,C2,IS209,C521B2,2300031458,A,A,A,A,A,A,A,A
3517,LIKHITH CHOWDARY,CSE,CSE3,C2,IS209,C521B2,2300031539,P,P,P,P,P,P,P,P
3518,THOTA KAVERI,CSE,CSE3,C2,IS209,C521B2,2300031554,A,A,A,A,A,A,A,A
3519,BANDI. PRASANTHA LAKSHMI,CSE,CSE3,C2,IS209,C521B2,2300031680,P,P,P,P,P,P,P,P
3520,SHANMUKHI SINGUMAHANTHI,CSE,CSE3,C2,IS209,C521B2,2300031849,A,A,A,A,A,A,A,A
3521,BATCHUBHAVYASAIMEGHANA,CSE,CSE3,C2,IS209,C521B2,2300031880,A,A,A,A,A,A,A,A
3522,MUTHINA RAM CHARAN SATYA TEJA,CSE,CSE3,C2,IS209,C521B2,2300031895,P,P,P,P,P,P,P,P
3523,KILAPARTHI KARTHIKEYA,CSE,CSE3,C2,IS209,C521B2,2300031946,A,A,A,A,A,A,A,A
3524,JESHTA SAI MADAVA CHOWDARY,CSE,CSE3,C2,IS209,C521B2,2300032008,A,A,A,A,A,A,A,A
3525,SADHANA BELLAMKONDA,CSE,CSE3,C2,IS209,C521B2,2300032032,A,A,A,A,A,A,A,A
3526,TANISHQ,CSE,CSE3,C2,IS209,C521B2,2300032063,P,P,P,P,P,P,P,P
3527,VOORA BHAGYA SRI,CSE,CSE3,C2,IS209,C521B2,2300032144,P,P,P,P,P,P,P,P
3528,ALLANENI NIHITH KUMAR,CSE,CSE3,C2,IS209,C521B2,2300032187,A,A,A,A,A,A,A,A
3529,EDUKULLA MONALIKA,CSE,CSE3,C2,IS209,C521B2,2300032231,A,A,A,A,A,A,A,A
3530,JYOTHIRADITYA VANGALAPUDI,CSE,CSE3,C2,IS209,C521B2,2300032252,A,A,A,A,A,A,A,A
3531,KORADA.RASHMI MEGHANA,CSE,CSE3,C2,IS209,C521B2,2300032368,A,A,A,A,A,A,A,A
3532,VALLURI LEONA GRACE,CSE,CSE3,C2,IS209,C521B2,2300032460,A,A,A,A,A,A,A,A
3533,IJJADA KUSHALA SREE,CSE,CSE3,C2,IS209,C521B2,2300032547,A,A,A,A,A,A,A,A
3534,MALLAPUREDDI LAHARI,CSE,CSE3,C2,IS209,C521B2,2300032611,P,P,P,P,P,P,P,P
3535,RUDRA NAGA LAKSHMI PREETHI,CSE,CSE3,C2,IS209,C521B2,2300032631,P,P,P,P,P,P,P,P
3536,M.LISHYA REDDY,CSE,CSE3,C2,IS209,C521B2,2300032761,A,A,A,A,A,A,A,A
3537,POOJITHA GUNDU,CSE,CSE3,C2,IS209,C521B2,2300032947,A,A,A,A,A,A,A,A
3538,MEKA JAHNAVI,CSE,CSE3,C2,IS209,C521B2,2300032980,P,P,P,P,P,P,P,P
3539,VARSHITHA,CSE,CSE3,C2,IS209,C521B2,2300033021,A,A,A,A,A,A,A,A
3540,N.GREESHMA MANJU CHOWDARY,CSE,CSE3,C2,IS209,C521B2,2300033032,A,A,A,A,A,A,A,A
3541,NADELLA CHETHAN ADITYA,CSE,CSE3,C2,IS209,C521B2,2300033154,A,A,A,A,A,A,A,A
3542,BHUMIREDDYOBULAREDDY,CSE,CSE3,C2,IS209,C521B2,2300033186,A,A,A,A,A,A,A,A
3543,KAGITHA VINAYAK TEJA,CSE,CSE3,C2,IS209,C521B2,2300033225,P,P,P,P,P,P,P,P
3544,KOMMOJU SRINIVAS RAO,CSE,CSE3,C2,IS209,C521B2,2300033241,A,A,A,A,A,A,A,A
3545,K.SRINIVAS REDDY,CSE,CSE3,C2,IS209,C521B2,2300033242,A,A,A,A,A,A,A,A
3546,GURRAM SARADA DEVI,CSE,CSE3,C2,IS209,C521B2,2300033339,A,A,A,A,A,A,A,A
3547,KHAMBAMPATI KOMALCHOWDARY,CSE,CSE3,C2,IS209,C521B2,2300033393,P,P,P,P,P,P,P,P
3548,BATCHU SRIJA,CSE,CSE3,C2,IS209,C521B2,2300033538,A,A,A,A,A,A,A,A
3549,BATULLA BALAJI,CSE,CSE3,C2,IS209,C521B2,2300033646,P,P,P,P,P,P,P,P
3550,MARUTISAIDATTA,CSE,CSE3,C2,IS209,C521B2,2300033662,A,A,A,A,A,A,A,A
3551,RAVI LOHITH,CSE,CSE3,C2,IS209,C521B2,2300033674,A,A,A,A,A,A,A,A
3552,YAGGADI VENKATA NARESH,CSE,CSE3,C2,IS209,C521B2,2300033679,A,A,A,A,P,P,P,P
3553,THARUNSAI,CSE,CSE3,C2,IS209,C521B2,2300033773,P,P,P,P,P,P,A,A
3554,NAGESWARI D,CSE,CSE3,C2,IS209,C521B2,2300033800,A,A,A,A,A,A,A,A
3555,MALIREDDY ADITYA,CSE,CSE3,C2,IS209,C521B2,2300033819,P,P,P,P,P,P,P,P
3556,BHARGAVI SRI.M,CSE,CSE3,C2,IS209,C521B2,2300033833,A,A,A,A,A,A,A,A
3557,YHARSHACHOWDARY,CSE,CSE3,C2,IS209,C521B2,2300033837,P,P,P,P,P,P,P,P
3558,SRI HARSHA KUMAR,CSE,CSE3,C2,IS209,C521B2,2300033891,A,A,A,A,A,A,A,A
3559,PALLEBOINA SAHITHI YADAV,CSE,CSE3,C2,IS209,C521B2,2300039010,A,A,A,A,A,A,A,A
3560,SYED SHOAIB ASLAM,CSE,CSE3,C2,IS209,C521B2,2300039011,A,A,A,A,A,A,A,A
3561,NISHITHA VEERAMSETTI,CSE,CSE3,C2,IS209,C521B2,2300039054,A,A,A,A,A,A,A,A
3562,PALUGULLA VENKATA SHARATH KUMAR REDDY,CSE,CSE3,C2,IS209,C521B2,2300039071,A,A,A,A,A,A,A,A
3563,KONDAKARI SHIVA,CSE,CSE3,C2,IS209,C521B2,2300039088,A,A,P,P,P,P,P,P
3564,MUTHAVARAPU MANDEEP CHAKRAVARTHY,CSE,CSE3,C2,IS209,C521B2,2300039108,A,A,A,A,A,A,A,A
3565,KURUBA HARINARAYANA,CSE,CSE3,C2,IS209,C521B2,2300039152,A,A,P,P,P,P,P,P
3566,ADITYA KUMAR,CSE,CSE3,C2,IS209,C521B2,2300039157,P,P,P,P,P,P,P,P
3567,CHAKKA PREM SAI KOTESWAR,CSIT,CSIT,C2,IS209,C521B2,2300090156,P,P,P,P,P,P,P,P
3568,DUDDUKUNTA BHARGAV REDDY,CSIT,CSIT,C2,IS209,C521B2,2300090316,A,A,A,A,A,A,A,A
3569,MITTIREDDY PURUSHOTTAM NAIDU,CSIT,CSIT,C2,IS209,C521B2,2300090339,A,A,A,A,A,A,A,A
3570,MANNURU LUCKY BALAJI,CSE,CSE3,C2,IS209,C521B2,2300030405,P,P,P,P,P,P,A,A
3571,KAPA ANJALI,CSE,CSE3,C2,IS209,C521B2,2300033741,P,P,P,P,P,P,P,P
3572,ABHIGNA NANNAPANENI,CSE,CSE1,C2,SI23,C525,2300030007,A,A,A,A,A,A,A,A
3573,ARAGA NUTHNAVI,CSE,CSE1,C2,SI23,C525,2300030043,P,P,P,P,P,P,P,P
3574,PUJYA SRI LASYA BALUSU,CSE,HTE,C2,SI23,C525,2300030060,P,P,P,P,P,P,P,P
3575,BANDARU SAI CHARAN,CSE,CSE3,C2,SI23,C525,2300030067,P,P,P,P,P,P,P,P
3576,BHAVIRISETTY YASASWI,CSE,CSE2,C2,SI23,C525,2300030083,A,A,A,A,A,A,A,A
3577,GUNUPURAM NAVDEEP,CSE,CSE2,C2,SI23,C525,2300030243,P,P,P,P,P,P,P,P
3578,KANCHERLA SIRISHA,CSE,CSE1,C2,SI23,C525,2300030298,P,P,P,P,P,P,P,P
3579,KAVALI VENKATA PANEENDRA,CSE,CSE1,C2,SI23,C525,2300030317,P,P,P,P,P,P,P,P
3580,KETHINENI CHARISHMA,CSE,CSE3,C2,SI23,C525,2300030321,A,A,A,A,A,A,A,A
3581,KUMMARI SREEKALYAN,CSE,CSE3,C2,SI23,C525,2300030368,A,A,A,A,A,A,A,A
3582,LANKA LASYA,CSE,CSE1,C2,SI23,C525,2300030380,P,P,P,P,P,P,P,P
3583,MADHU SHALINI MINNA,CSE,HTE,C2,SI23,C525,2300030427,A,A,A,A,A,A,A,A
3584,MOGGA_RAVITEJA,CSE,CSE3,C2,SI23,C525,2300030429,A,A,A,A,A,A,A,A
3585,MOHAMMAD LATHIF AHAMMAD,CSE,CSE2,C2,SI23,C525,2300030433,P,P,P,P,P,P,P,P
3586,NADHAM SAI PALLAVI,CSE,CSE1,C2,SI23,C525,2300030459,A,A,A,A,A,A,A,A
3587,BHANUTEJA NALLAMOTHU,CSE,CSE3,C2,SI23,C525,2300030471,A,A,A,A,A,A,A,A
3588,PASAM VENKAT AJAY REDDY,CSE,CSE2,C2,SI23,C525,2300030514,A,A,A,A,A,A,A,A
3589,SYED MASTAN VALI,CSE,HTE,C2,SI23,C525,2300030659,P,P,P,P,P,P,P,P
3590,VEERAMACHANENI JAYATHI,CSE,HTE,C2,SI23,C525,2300030713,P,P,P,P,P,P,P,P
3591,YAMUNA VEERNALA,CSE,CSE1,C2,SI23,C525,2300030743,P,P,P,P,A,A,A,A
3592,MALLEBOINA SOWMYA,CSE,CSE2,C2,SI23,C525,2300030851,A,A,A,A,A,A,A,A
3593,SURYA PRAKASH INUKURTHI,CSE,CSE1,C2,SI23,C525,2300030929,P,P,P,P,P,P,P,P
3594,KATTAMURI RAHUL KARTHIKEYA,CSE,CSE2,C2,SI23,C525,2300031038,P,P,P,P,P,P,P,P
3595,GUMMREDDY SRI ABHIRAM REDDY,CSE,CSE3,C2,SI23,C525,2300031061,A,A,A,A,A,A,A,A
3596,THOTTEMPUDI LAKSHMI TEJASWI,CSE,CSE2,C2,SI23,C525,2300031072,P,P,P,P,P,P,P,P
3597,YERRAMSETTY JAHNAVI LAKSHMI,CSE,HTE,C2,SI23,C525,2300031078,P,P,P,P,P,P,P,P
3598,REDDY GARI DINESH KUMAR REDDY,CSE,HTE,C2,SI23,C525,2300031102,P,P,P,P,P,P,P,P
3599,TIRUMALASETTY MURALI KRISHNA,CSE,CSE2,C2,SI23,C525,2300031104,P,P,P,P,P,P,P,P
3600,BURRAMUKKU MADHU CHARAN REDDY,CSE,CSE1,C2,SI23,C525,2300031108,P,P,P,P,P,P,P,P
3601,UTUKURI NAGA SRI HARI CHANDANA,CSE,CSE2,C2,SI23,C525,2300031149,P,P,P,P,P,P,P,P
3602,SAMIKSHA CHANDRASHEKHAR TIRUMALA,CSE,CSE4,C2,SI23,C525,2300031177,P,P,P,P,P,P,P,P
3603,VANAPALLI S K RAMA KESHAVA SATYA SAI,CSE,CSE1,C2,SI23,C525,2300031222,P,P,P,P,P,P,P,P
3604,D N V S CHANDRA SEKHAR PENUGONDA,CSE,HTE,C2,SI23,C525,2300031246,A,A,A,A,A,A,A,A
3605,VISWANADHAPALLI HEMANTH KUMAR,CSE,CSE3,C2,SI23,C525,2300031287,A,A,A,A,A,A,A,A
3606,PEDDINA SUCHITRA,CSE,CSE1,C2,SI23,C525,2300031304,A,A,A,A,A,A,A,A
3607,SHAIK KASIMBEE,CSE,CSE1,C2,SI23,C525,2300031332,P,P,P,P,P,P,P,P
3608,MADHURI ABBURI,CSE,CSE2,C2,SI23,C525,2300031409,A,A,A,A,A,A,A,A
3609,VEMPATI AKHIL KUMAR,CSE,CSE1,C2,SI23,C525,2300031421,A,A,P,P,P,P,P,P
3610,PARIMI PUJITHA,CSE,CSE1,C2,SI23,C525,2300031465,P,P,P,P,P,P,P,P
3611,EDARA ANITHA,CSE,CSE1,C2,SI23,C525,2300031494,P,P,P,P,P,P,P,P
3612,SINGULURI MEGHA NADHA DURGA PRASAD,CSE,CSE2,C2,SI23,C525,2300031561,P,P,P,P,P,P,P,P
3613,DURGASREE AVVARU,CSE,CSE2,C2,SI23,C525,2300031591,A,A,A,A,A,A,A,A
3614,LEKHANA GEMBALI,CSE,CSE3,C2,SI23,C525,2300031636,P,P,P,P,P,P,P,P
3615,KONDAVETI TEJASWANTH,CSE,HTE,C2,SI23,C525,2300031638,A,A,A,A,A,A,A,A
3616,CH.LALITH KUMAR,CSE,HTE,C2,SI23,C525,2300031678,A,A,A,A,A,A,A,A
3617,GANDRALA VIVEK CHOWDARY,CSE,CSE3,C2,SI23,C525,2300031771,A,A,A,A,A,A,A,A
3618,PEDDINTI PRANEETH,CSE,CSE2,C2,SI23,C525,2300031788,A,A,A,A,A,A,A,A
3619,M RUSHYENDRA BABA,CSE,CSE3,C2,SI23,C525,2300031859,A,A,A,A,A,A,A,A
3620,TELAPROLU LASYA,CSE,CSE2,C2,SI23,C525,2300031910,P,P,P,P,P,P,P,P
3621,VAKANI V H S SRIKAR,CSE,CSE4,C2,SI23,C525,2300031925,P,P,P,P,P,P,P,P
3622,NANDIVELUGU TEJASWI SIVA SAI,CSE,CSE1,C2,SI23,C525,2300031927,P,P,P,P,P,P,P,P
3623,YANNAM ABHINAY REDDY,CSE,CSE2,C2,SI23,C525,2300031941,P,P,P,P,P,P,P,P
3624,JILLALA MAHENDHAR,CSE,HTE,C2,SI23,C525,2300032037,P,P,P,P,P,P,P,P
3625,MOPARTHI NAGA PRAVALIKA,CSE,CSE1,C2,SI23,C525,2300032045,P,P,P,P,P,P,P,P
3626,KARTHIKEYA LANKA,CSE,CSE3,C2,SI23,C525,2300032107,A,A,A,A,A,A,A,A
3627,GORRE TEJAREDDY,CSE,CSE1,C2,SI23,C525,2300032135,P,P,P,P,P,P,P,P
3628,DINTAKURTHI DHATRI,CSE,CSE1,C2,SI23,C525,2300032139,P,P,P,P,P,P,P,P
3629,CHINTHALA HEMA CHANDRA REDDY,CSE,CSE1,C2,SI23,C525,2300032150,P,P,P,P,P,P,P,P
3630,SIVA VENKATA VARUN,CSE,CSE1,C2,SI23,C525,2300032186,P,P,P,P,P,P,P,P
3631,KUNI LIKITHA,CSE,CSE4,C2,SI23,C525,2300032195,P,P,P,P,P,P,P,P
3632,MUTUKURU JABILI,CSE,CSE2,C2,SI23,C525,2300032301,P,P,P,P,P,P,P,P
3633,GANGAVARAM MOUNIKA,CSE,CSE1,C2,SI23,C525,2300032310,A,A,A,A,A,A,A,A
3634,BHIMAVARAPU PUJITHA,CSE,HTE,C2,SI23,C525,2300032329,A,A,A,A,A,A,A,A
3635,ALOK KUMAR,CSE,HTE,C2,SI23,C525,2300032382,A,A,A,A,A,A,A,A
3636,SHAIK GOKAR SAHEB,CSE,CSE2,C2,SI23,C525,2300032427,P,P,P,P,P,P,P,P
3637,ARAVA HEMASAI REDDY,CSE,CSE3,C2,SI23,C525,2300032453,A,A,A,A,A,A,A,A
3638,NAGA VARSHA GODUGULURI,CSE,CSE2,C2,SI23,C525,2300032548,P,P,P,P,P,P,P,P
3639,MULLA JAVEED,CSE,CSE1,C2,SI23,C525,2300032575,P,P,P,P,P,P,P,P
3640,BATTAGIRI GAYATRI,CSE,CSE2,C2,SI23,C525,2300032635,P,P,P,P,A,A,A,A
3641,PENUGONDA SRI HARSHITHA,CSE,CSE1,C2,SI23,C525,2300032723,P,P,P,P,P,P,P,P
3642,KORUKONDA SHYAMALA,CSE,CSE3,C2,SI23,C525,2300032728,P,P,P,P,P,P,P,P
3643,VEERAMACHANENI JEEVANI,CSE,HTE,C2,SI23,C525,2300032841,P,P,P,P,P,P,P,P
3644,LENKA TEJESWARARAO,CSE,CSE2,C2,SI23,C525,2300032876,A,A,A,A,A,A,A,A
3645,NULAKALA PRAVEEN,CSE,CSE2,C2,SI23,C525,2300032930,P,P,P,P,P,P,P,P
3646,VALMETI SRINIDHI,CSE,HTE,C2,SI23,C525,2300032936,A,A,A,A,A,A,A,A
3647,RAVADA HEMANTH,CSE,HTE,C2,SI23,C525,2300032944,A,A,A,A,A,A,A,A
3648,KOUSHIK MANDALA,CSE,CSE1,C2,SI23,C525,2300032950,A,A,A,A,A,A,A,A
3649,KOLLU VIJAY,CSE,CSE1,C2,SI23,C525,2300032991,P,P,P,P,P,P,P,P
3650,PULIMI SRI SAI LOKESH KUMAR REDDY,CSE,HTE,C2,SI23,C525,2300033017,P,P,P,P,P,P,P,P
3651,MOHANA VAMSI CH,CSE,CSE2,C2,SI23,C525,2300033095,P,P,P,P,P,P,P,P
3652,GARISHANURI DHAKSHAYANI,CSE,CSE2,C2,SI23,C525,2300033132,A,A,A,A,A,A,P,P
3653,PACHAVA MADHAVI SRILATHA,CSE,CSE2,C2,SI23,C525,2300033141,A,A,A,A,A,A,A,A
3654,MARAM LAKSHMI YASWITHA,CSE,CSE2,C2,SI23,C525,2300033169,P,P,P,P,P,P,P,P
3655,PUTTA ANANTHA LAKSHMI,CSE,HTE,C2,SI23,C525,2300033218,P,P,P,P,P,P,P,P
3656,ALLURI BHANU PRAKASH,CSE,CSE2,C2,SI23,C525,2300033220,P,P,P,P,P,P,P,P
3657,BATCHU LASYA SRIVALLI,CSE,CSE1,C2,SI23,C525,2300033262,P,P,P,P,P,P,P,P
3658,HARISH REDDY KANKARA,CSE,CSE2,C2,SI23,C525,2300033265,A,A,A,A,A,A,A,A
3659,KETARAJU TARUN SAI,CSE,HTE,C2,SI23,C525,2300033348,P,P,P,P,P,P,P,P
3660,MUNTHA VEERA VENKATA BRAHMAJI,CSE,CSE2,C2,SI23,C525,2300033586,A,A,A,A,A,A,A,A
3661,BANDARU HARI NANDHAN,CSE,CSE2,C2,SI23,C525,2300033725,A,A,A,A,A,A,A,A
3662,KANCHARLA VENKATA NITHESH,CSE,CSE4,C2,SI23,C525,2300033758,P,P,P,P,P,P,P,P
3663,K NITISH KUMAR,CSE,HTR,C2,SI23,C525,2300033790,A,A,A,A,A,A,A,A
3664,KASARANENI UPESH CHOWDARY,CSE,CSE4,C2,SI23,C525,2300033807,P,P,P,P,P,P,P,P
3665,VAMSEE KRISHNA VEMULAPALLI,CSE,CSE1,C2,SI23,C525,2300033830,P,P,P,P,P,P,P,P
3666,ATLA NANDINI,CSE,HTE,C2,SI23,C525,2300033835,A,A,A,A,A,A,A,A
3667,MANTHENA KARTHIKEYA,CSE,CSE2,C2,SI23,C525,2300033889,P,P,P,P,P,P,P,P
3668,NAMANA MANI CHANDAN SATYA VENKATA SAI,CSE,CSE3,C2,SI23,C525,2300039055,P,P,P,P,P,P,P,P
3669,PATHI SNEHA,CSE,CSE3,C2,SI23,C525,2300039079,A,A,A,A,A,A,A,A
3670,ANNNAMANENI ROHITH,CSE,CSE3,C2,SI23,C525,2300039140,A,A,A,A,A,A,A,A
3671,MEDISETTI VENKATA ATCHUTAMBA REVATHI,CSE,HTI,C2,SI23,C525,2300040063,P,P,P,P,P,P,P,P
3672,TIKKISETTY VENKATA MANIKANTA,ECE,HTI,C2,SI23,C525,2300040093,P,P,P,P,P,P,P,P
3673,R.TRINADH,ECE,HTE,C2,SI23,C525,2300040129,A,A,A,A,A,A,A,A
3674,BOKKISAM VARUN SAI KARTHEEK,ECE,ECE,C2,SI23,C525,2300040324,P,P,P,P,P,P,P,P
3675,KOLLIPARA SAI ISWARYA,AIDS,AIDS,C2,SI23,C525,2300080023,P,P,P,P,P,P,P,P
3676,VEGE AASRITHA,AIDS,HTE,C2,SI23,C525,2300080141,P,P,P,P,P,P,P,P
3677,KAMBHAMPATI DAVID PAUL,AIDS,AIDS,C2,SI23,C525,2300080291,A,A,A,A,A,A,A,A
3678,KAUSTAV HARINARAYANA RUDRA,AIDS,HTE,C2,SI23,C525,2300080336,P,P,P,P,P,P,P,P
3679,SHAIK ROHAN,AIDS,AIDS,C2,SI23,C525,2300089016,A,A,A,A,A,A,A,A
3680,MARTHALA GURU SIVANANDA REDDY,AIDS,AIDS,C2,SI23,C525,2300089034,P,P,P,P,P,P,P,P
3681,YEDLAPOLU SAI CHARAN,CSIT,HTI,C2,SI23,C525,2300090051,P,P,P,P,P,P,P,P
3682,SHAIK RABBANNIE,CSIT,HTE,C2,SI23,C525,2300090093,P,P,P,P,P,P,P,P
3683,LAKSHMI PRASANNA KUMAR,CSIT,CSIT,C2,SI23,C525,2300090172,A,A,A,A,A,A,A,A
3684,EPARI GOUTAM,CSIT,CSIT,C2,SI23,C525,2300090197,A,A,A,A,A,A,A,A
3685,SIVA NAGA KRISHNA CHANAKYA VAKKALAGADDA,CSIT,CSIT,C2,SI23,C525,2300090202,A,A,A,A,A,A,A,A
3686,DUSANAPUDI BHAVISHYANITHA,IOT,IOT,C2,SI23,C525,2300100052,P,P,P,P,P,P,P,P
3687,ELURI LAKSHMI SUJITHA,CSE,CSE2,C2,SI23,C525,2310030454,P,P,P,P,P,P,P,P
3688,THUMMA. AMARNADH,EEE,EEE,C2,SI23,C525,2300069009,P,P,P,P,P,P,P,P
3689,ABBINA LAHYA SRI,CSE,CSE2,C2,IS210,C624A,2300030004,P,P,P,P,P,P,P,P
3690,ADAPA D V M NAGA SAI,CSE,CSE2,C2,IS210,C624A,2300030011,A,A,A,A,A,A,A,A
3691,B.GANESH KUMAR,CSE,CSE2,C2,IS210,C624A,2300030092,P,P,P,P,P,P,P,P
3692,JAYASANKAR BURLA,CSE,CSE2,C2,IS210,C624A,2300030106,A,A,A,A,A,A,A,A
3693,CHERUKURI DINESH,CSE,CSE2,C2,IS210,C624A,2300030130,A,A,A,A,A,A,A,A
3694,CHITTURI PRANITH,CSE,CSE2,C2,IS210,C624A,2300030145,A,A,A,A,A,A,A,A
3695,GOLI LIKHITHESWARI,CSE,CSE2,C2,IS210,C624A,2300030213,A,A,A,A,A,A,A,A
3696,GUDE NAVYA LALITHA,CSE,CSE2,C2,IS210,C624A,2300030228,A,A,A,A,A,A,A,A
3697,SIRI SANJANA GUNTUPALLI,CSE,CSE2,C2,IS210,C624A,2300030241,P,P,P,P,P,P,P,P
3698,INDURU VARSHINI,CSE,CSE2,C2,IS210,C624A,2300030255,A,A,P,P,P,P,P,P
3699,KAKARLA LAKSHMI PRASAD,CSE,CSE2,C2,IS210,C624A,2300030286,A,A,A,A,A,A,A,A
3700,KATTA NAVYA SRI,CSE,CSE2,C2,IS210,C624A,2300030315,A,A,A,A,A,A,A,A
3701,KAZA MOHAN SAI VAMSI,CSE,CSE2,C2,IS210,C624A,2300030319,A,A,A,A,A,A,A,A
3702,KOMERA DHARANI,CSE,CSE2,C2,IS210,C624A,2300030337,P,P,P,P,P,P,P,P
3703,MARAMREDDY SASANK REDDY,CSE,CSE2,C2,IS210,C624A,2300030409,P,P,P,P,P,P,P,P
3704,MARNI VINAY,CSE,CSE2,C2,IS210,C624A,2300030413,A,A,A,A,A,A,A,A
3705,NAGALLA SRI SIVARAM,CSE,CSE2,C2,IS210,C624A,2300030462,A,A,A,A,A,A,A,A
3706,NUNNA GURU SAI THANMAI,CSE,CSE2,C2,IS210,C624A,2300030482,A,A,A,A,A,A,A,A
3707,P ANKITA,CSE,CSE2,C2,IS210,C624A,2300030487,A,A,A,A,A,A,A,A
3708,VARSHINI PADAMATA,CSE,CSE2,C2,IS210,C624A,2300030493,A,A,A,A,A,A,A,A
3709,PRATIK PRAKASH,CSE,CSE2,C2,IS210,C624A,2300030556,A,A,A,A,A,A,A,A
3710,POOJITHA ANAMDASU,CSE,CSE2,C2,IS210,C624A,2300030841,P,P,P,P,P,P,P,P
3711,CH JAANIK SAI,CSE,CSE2,C2,IS210,C624A,2300030860,P,P,P,P,P,P,P,P
3712,MEENAKSHI BUDAMPATI,CSE,CSE2,C2,IS210,C624A,2300030880,P,P,P,P,P,P,P,P
3713,TADISETTY DEVA GANESH,CSE,CSE2,C2,IS210,C624A,2300030912,P,P,P,P,P,P,P,P
3714,ALAVALAPATI NAGA THANMAI,CSE,CSE2,C2,IS210,C624A,2300030938,P,P,P,P,A,A,A,A
3715,YERRA VENKAT PRAVEEN MALLIK,CSE,CSE2,C2,IS210,C624A,2300031077,A,A,A,A,A,A,A,A
3716,KRISHNA CHAITANYA CHIRRAVURI,CSE,CSE2,C2,IS210,C624A,2300031086,P,P,P,P,P,P,P,P
3717,PARISI ADITYA SRI SAI RAVI KUMAR,CSE,CSE2,C2,IS210,C624A,2300031163,A,A,A,A,A,A,A,A
3718,K MADHU SUDHAN RAO,CSE,CSE2,C2,IS210,C624A,2300031210,A,A,A,A,A,A,A,A
3719,BOTLAPATI SIRI,CSE,CSE2,C2,IS210,C624A,2300031284,A,A,A,A,A,A,A,A
3720,SENAPATHI TARAKA NARASIMHA MURTHY,CSE,CSE2,C2,IS210,C624A,2300031543,A,A,A,A,A,A,A,A
3721,BOMMU KEERTHI REDDY,CSE,CSE2,C2,IS210,C624A,2300031685,P,P,P,P,P,P,P,P
3722,I LOKESH,CSE,CSE2,C2,IS210,C624A,2300031773,A,A,A,A,A,A,A,A
3723,BANGARU NAGA VENKATA YUVANANDAN,CSE,CSE2,C2,IS210,C624A,2300032070,P,P,P,P,P,P,P,P
3724,MADHURAYUDU,CSE,CSE2,C2,IS210,C624A,2300032089,P,P,P,P,P,P,P,P
3725,KANNEBOINA GEETHIKA,CSE,CSE2,C2,IS210,C624A,2300032253,P,P,P,P,A,A,A,A
3726,MALLAMPALLI OLIVIA,CSE,CSE2,C2,IS210,C624A,2300032449,P,P,P,P,A,A,A,A
3727,POOJITHA VALLEPU,CSE,CSE2,C2,IS210,C624A,2300032466,A,A,A,A,A,A,A,A
3728,SHEGIREDDY LAKSHMI NIHARIKA,CSE,CSE2,C2,IS210,C624A,2300032495,A,A,P,P,P,P,P,P
3729,INALA JAI GANESHA TEJA NAGA SAI SABAREESH,CSE,CSE2,C2,IS210,C624A,2300032543,P,P,P,P,P,P,P,P
3730,S.LOKESHWAR REDDY,CSE,CSE2,C2,IS210,C624A,2300032563,P,P,P,P,P,P,P,P
3731,BALINA SNEHA,CSE,CSE2,C2,IS210,C624A,2300032612,A,A,A,A,A,A,A,A
3732,RAJEEV KUMAR,CSE,CSE2,C2,IS210,C624A,2300032642,P,P,P,P,P,P,P,P
3733,MULLAPUDI SRI PRAVALLIKA,CSE,CSE2,C2,IS210,C624A,2300032680,P,P,P,P,P,P,P,P
3734,SAI AMRUTHA,CSE,CSE2,C2,IS210,C624A,2300032683,P,P,P,P,P,P,P,P
3735,ABHIRAJ KUMAR,CSE,CSE2,C2,IS210,C624A,2300032685,A,A,A,A,A,A,A,A
3736,SHAKILGHAR DANIYA TABASSUM,CSE,CSE2,C2,IS210,C624A,2300032790,P,P,P,P,P,P,P,P
3737,JAGANNADHA SWAMY,CSE,CSE2,C2,IS210,C624A,2300032796,A,A,A,A,A,A,A,A
3738,DOREPALLI NARASIMHANAIDU,CSE,CSE2,C2,IS210,C624A,2300032919,A,A,A,A,A,A,A,A
3739,ANANTHA KEERTHI,CSE,CSE2,C2,IS210,C624A,2300032940,P,P,P,P,P,P,P,P
3740,BUGATHA MADHURI,CSE,CSE2,C2,IS210,C624A,2300032942,A,A,A,A,A,A,A,A
3741,PATHURI SAI ABHIRAM,CSE,CSE2,C2,IS210,C624A,2300033372,A,A,A,A,A,A,A,A
3742,GARLAPATI ANJALI,CSE,CSE2,C2,IS210,C624A,2300033438,P,P,P,P,P,P,P,P
3743,PALADUGU SUPRIYA,CSE,CSE2,C2,IS210,C624A,2300033441,A,A,A,A,A,A,A,A
3744,LUCKY SHARMA,CSE,CSE2,C2,IS210,C624A,2300033524,P,P,P,P,A,A,A,A
3745,INDLA LATHA,CSE,CSE2,C2,IS210,C624A,2300033561,A,A,P,P,P,P,P,P
3746,JULURU BHAVYA SRI,CSE,CSE2,C2,IS210,C624A,2300033613,A,A,A,A,A,A,A,A
3747,RANGA PRAVALIKA,CSE,CSE2,C2,IS210,C624A,2300033735,P,P,P,P,P,P,P,P
3748,S.AKSHAYA REDDY,CSE,CSE2,C2,IS210,C624A,2300033754,A,A,A,A,A,A,A,A
3749,SAPPA JHANSI GANGA,CSE,CSE2,C2,IS210,C624A,2300033883,A,A,A,A,A,A,A,A
3750,BOMMISETTY BAVANA,CSIT,CSIT,C2,IS210,C624A,2300090006,A,A,A,A,A,A,A,A
3751,RAJAGIRI DHANUSH,CSIT,CSIT,C2,IS210,C624A,2300090036,A,A,A,A,A,A,A,A
3752,GAYATHRI JONNALA,CSIT,CSIT,C2,IS210,C624A,2300090049,P,P,P,P,A,A,A,A
3753,BUGATA AKASH REDDY,CSIT,CSIT,C2,IS210,C624A,2300090110,A,A,A,A,A,A,A,A
3754,RAJAVARAPU PURANA VENKATA SATISH,CSIT,CSIT,C2,IS210,C624A,2300090125,A,A,A,A,A,A,A,A
3755,GULLINKALA HARSHITA,CSIT,CSIT,C2,IS210,C624A,2300090126,A,A,A,A,A,A,A,A
3756,SHAIK TANJEEM,CSIT,CSIT,C2,IS210,C624A,2300090149,P,P,P,P,P,P,P,P
3757,SADA SIVA SUBRAHMANYA SUBHANKAR,CSIT,CSIT,C2,IS210,C624A,2300090211,A,A,A,A,A,A,A,A
3758,ACHANTA SURYA TEJASWINI,CSIT,CSIT,C2,IS210,C624A,2300090235,A,A,A,A,A,A,A,A
3759,POTU.JESUS BOSU,CSIT,CSIT,C2,IS210,C624A,2300090295,A,A,A,A,A,A,A,A
3760,DASARI JAYA GOVIND,CSIT,CSIT,C2,IS210,C624A,2300090351,A,A,A,A,A,A,A,A
3761,PUNNAVALLI PALLAVI,CSIT,CSIT,C2,IS210,C624A,2300090383,P,P,A,A,P,P,P,P
3762,ARETI DHRUVITHA,CSE,CSE2,C2,RS21,C625,2300030044,A,A,A,A,A,A,A,A
3763,AVIRESI VINUTHI,CSE,CSE2,C2,RS21,C625,2300030056,A,A,A,A,A,A,A,A
3764,BAGADI PAVAN KUMAR,CSE,CSE2,C2,RS21,C625,2300030062,A,A,A,A,P,P,P,P
3765,CHINTALA MOHAN SURESH,CSE,CSE2,C2,RS21,C625,2300030140,P,P,P,P,P,P,P,P
3766,CHODISETTI VENKATA JASWIKA,CSE,CSE1,C1,RS21,C625,2300030147,P,P,P,P,P,P,P,P
3767,DANDA ESWAR,CSE,CSE2,C2,RS21,C625,2300030152,A,A,A,A,A,A,A,A
3768,DOGIPARTHI SAI KRISHNA,CSE,CSE2,C2,RS21,C625,2300030168,P,P,P,P,P,P,P,P
3769,GOGINENI TRIVENI,CSE,CSE2,C2,RS21,C625,2300030211,P,P,P,P,P,P,P,P
3770,GUDLADHANA MOHYA,CSE,CSE2,C2,RS21,C625,2300030230,A,A,A,A,A,A,A,A
3771,KALAGARLA ROHANTHKUMAR,CSE,CSE2,C2,RS21,C625,2300030290,A,A,A,A,A,A,A,A
3772,VARSHITHA KORITALA,CSE,CSE2,C2,RS21,C625,2300030349,A,A,A,A,A,A,A,A
3773,KOYISATHWIKA,CSE,CSE2,C2,RS21,C625,2300030362,P,P,P,P,P,P,P,P
3774,LANKIREDDY VYSHNAVI,CSE,CSE2,C2,RS21,C625,2300030381,A,A,A,A,A,A,A,A
3775,MUSKAN MOHAMMAD,CSE,CSE2,C2,RS21,C625,2300030435,P,P,P,P,P,P,P,P
3776,MD.SANIYA AMRIN,CSE,CSE2,C2,RS21,C625,2300030438,P,P,P,P,P,P,P,P
3777,NAKKA SATWIKA,CSE,CSE1,C1,RS21,C625,2300030465,P,P,P,P,P,P,P,P
3778,PAGOLU PAVITHRA LAKSHMI,CSE,CSE2,C2,RS21,C625,2300030494,A,A,A,A,A,A,A,A
3779,SRI CHANDANA PAMULAPATI,CSE,CSE4,C2,RS21,C625,2300030506,P,P,P,P,P,P,P,P
3780,DIVYA MANJARI PULAMOLU,CSE,CSE4,C2,RS21,C625,2300030560,A,A,A,A,A,A,A,A
3781,RAJANALA RISHIK,CSE,CSE1,C1,RS21,C625,2300030574,P,P,P,P,P,P,P,P
3782,SHAIK MUSKAN,CSE,CSE2,C2,RS21,C625,2300030622,P,P,A,A,A,A,A,A
3783,PUJITHA SHAIK,CSE,CSE1,C1,RS21,C625,2300030623,P,P,P,P,P,P,P,P
3784,SHAIK SALAM AHAMAD,CSE,CSE2,C2,RS21,C625,2300030626,P,P,P,P,P,P,P,P
3785,SIDDHINENI VAMSI,CSE,CSE4,C2,RS21,C625,2300030637,P,P,A,A,A,A,A,A
3786,YENDURI HARSHITHA,CSE,CSE2,C2,RS21,C625,2300030759,P,P,A,A,A,A,A,A
3787,RAYALA LAAHIRI,CSE,CSE2,C2,RS21,C625,2300030803,P,P,A,A,A,A,A,A
3788,MAHESH SAI BHIMA,CSE,CSE4,C2,RS21,C625,2300030811,P,P,P,P,P,P,P,P
3789,NERELLA SURYATARUN,CSE,CSE4,C2,RS21,C625,2300030854,P,P,P,P,P,P,P,P
3790,NALLURI RAGHUNANDAN,CSE,CSE4,C2,RS21,C625,2300030887,P,P,P,P,P,P,P,P
3791,THOTA NAGA SAI GOPAL,CSE,CSE4,C2,RS21,C625,2300030889,P,P,P,P,P,P,P,P
3792,VESANGI NAGA VIGNAN,CSE,CSE4,C2,RS21,C625,2300030890,P,P,A,A,A,A,A,A
3793,HIMA VARSHA MADAVARAPU,CSE,CSE4,C2,RS21,C625,2300030919,P,P,P,P,P,P,P,P
3794,BANDI SRI CHARITHA REDDY,CSE,CSE2,C2,RS21,C625,2300030926,P,P,P,P,P,P,P,P
3795,SETTIPALLI YASHWANTH KUMAR,CSE,CSE2,C2,RS21,C625,2300030972,P,P,A,A,A,A,A,A
3796,YERUVA VELANGINI RISHITHA,CSE,CSE2,C2,RS21,C625,2300030980,P,P,A,A,A,A,A,A
3797,KANIGANTI AJAY RAMAKRISHNA,CSE,CSE2,C2,RS21,C625,2300030994,P,P,P,P,P,P,P,P
3798,NEKKANTI GEETHIKA DEDIPYA,CSE,CSE4,C2,RS21,C625,2300031004,P,P,A,A,A,A,A,A
3799,VALLURU ASHRITHA SUBHASRI,CSE,CSE1,C1,RS21,C625,2300031019,A,A,A,A,A,A,A,A
3800,CHALLAGUNDLA BHANU PRAKASH,CSE,CSE2,C2,RS21,C625,2300031027,P,P,P,P,P,P,P,P
3801,NALLAMILLI SIDDHARTHA REDDY,CSE,CSE2,C2,RS21,C625,2300031045,A,A,A,A,A,A,A,A
3802,ADINA CHAITANYA SRI KRISHNA,CSE,CSE2,C2,RS21,C625,2300031058,P,P,P,P,P,P,P,P
3803,IKKURTHI HARSHA VARDHAN NAIDU,CSE,CSE4,C2,RS21,C625,2300031090,A,A,A,A,A,A,A,A
3804,PENUGONDA SAI LAKSHMI SATHVIKA,CSE,CSE2,C2,RS21,C625,2300031145,A,A,A,A,A,A,A,A
3805,YARKAREDDY BHANU PRAKASH REDDY,CSE,CSE2,C2,RS21,C625,2300031150,P,P,P,P,P,P,P,P
3806,PEDASANAGANTI SETHU HARSHA VARDHAN,CSE,CSE2,C2,RS21,C625,2300031191,P,P,P,P,P,P,P,P
3807,VASIREDDY LEELA ESWAR SAI KUMAR,CSE,CSE4,C2,RS21,C625,2300031194,P,P,P,P,P,P,P,P
3808,PEDASANAGANTI SETHU SANTHOSH KUMAR,CSE,CSE2,C2,RS21,C625,2300031206,P,P,P,P,P,P,A,A
3809,TIRUMALASETTI VENKATA KARTHIK,CSE,CSE1,C1,RS21,C625,2300031261,P,P,P,P,P,P,P,P
3810,PAMULAPATI KARTHIK REDDY,CSE,CSE2,C2,RS21,C625,2300031286,P,P,P,P,P,P,P,P
3811,GAVINI MEKALA GANESH BABU,CSE,CSE2,C2,RS21,C625,2300031293,P,P,A,A,A,A,A,A
3812,GOGINENI TEJO BHARGAVI,CSE,CSE2,C2,RS21,C625,2300031314,P,P,P,P,P,P,P,P
3813,DHANEKULA HEMANTH KUMAR,CSE,CSE4,C2,RS21,C625,2300031330,P,P,P,P,P,P,P,P
3814,RAVADA SAI SAHASRA,CSE,CSE2,C2,RS21,C625,2300031469,A,A,A,A,A,A,A,A
3815,YEPURU SHANMUKHA SRI SAI SUMITHA,CSE,CSE4,C2,RS21,C625,2300031577,P,P,P,P,P,P,P,P
3816,SHEKAPURAM PRANAY BALAJI,CSE,CSE4,C2,RS21,C625,2300031594,A,A,A,A,A,A,A,A
3817,KASULA NAVEEN,CSE,CSE4,C2,RS21,C625,2300031658,A,A,A,A,A,A,A,A
3818,GRANDHI RITESH SAI,CSE,CSE4,C2,RS21,C625,2300031714,P,P,P,P,P,P,P,P
3819,KOTHAPALLI HITESH,CSE,CSE4,C2,RS21,C625,2300031716,P,P,P,P,P,P,P,P
3820,NIKHIL VEMULAPALLI,CSE,CSE4,C2,RS21,C625,2300031760,A,A,A,A,A,A,A,A
3821,ABBURU YASASRI,CSE,CSE2,C2,RS21,C625,2300031761,P,P,P,P,P,P,P,P
3822,PAMULA V G KALYAN BHARADWAJ,CSE,CSE4,C2,RS21,C625,2300031776,P,P,P,P,P,P,P,P
3823,BUSI SREEYA TEJASWI,CSE,CSE1,C1,RS21,C625,2300031911,A,A,A,A,A,A,A,A
3824,MADALA.LAKSHMI PRIYANKA,CSE,CSE2,C2,RS21,C625,2300031942,P,P,P,P,P,P,P,P
3825,POTTI AKASH MANIKANTA,CSE,CSE4,C2,RS21,C625,2300031944,P,P,P,P,P,P,P,P
3826,KATAKAM LAKSHMI MANIKANTA,CSE,CSE4,C2,RS21,C625,2300032036,A,A,A,A,A,A,A,A
3827,PASUPULETI ADITYA,CSE,CSE2,C2,RS21,C625,2300032104,A,A,A,A,A,A,A,A
3828,DEGALA MOHANA MANI VENKATESH,CSE,CSE2,C2,RS21,C625,2300032114,P,P,P,P,P,P,P,P
3829,BATTULA AKSHAY REDDY,CSE,CSE2,C2,RS21,C625,2300032121,A,A,A,A,A,A,A,A
3830,DOPPALAPUDI ROHITH,CSE,CSE2,C2,RS21,C625,2300032156,P,P,P,P,P,P,A,A
3831,NUTHALAPATI VENKATA DURGA KARTHIK,CSE,CSE4,C2,RS21,C625,2300032227,P,P,P,P,P,P,P,P
3832,KUDIPUDI PAVAN VENKATA KISHORE,CSE,CSE2,C2,RS21,C625,2300032245,P,P,P,P,P,P,P,P
3833,PANDU SHADHAI JOSEPH,CSE,CSE2,C2,RS21,C625,2300032260,P,P,P,P,P,P,P,P
3834,AKASAMU BHANU VENKATA SIVA PRASAD,CSE,CSE2,C2,RS21,C625,2300032266,P,P,P,P,P,P,P,P
3835,ALAPATI SRUTHI,CSE,CSE2,C2,RS21,C625,2300032270,P,P,P,P,P,P,P,P
3836,SHAIK JAFFER SADIQ,CSE,CSE2,C2,RS21,C625,2300032287,P,P,P,P,P,P,P,P
3837,ADDAGIRI NIKHIL,CSE,CSE2,C2,RS21,C625,2300032337,P,P,P,P,P,P,P,P
3838,YAMINI PARIMALA KOTHURI,CSE,CSE2,C2,RS21,C625,2300032343,P,P,P,P,P,P,P,P
3839,KOLLEPARA RAMYA JNANA NAGA PRASAD RUTVIK,CSE,CSE2,C2,RS21,C625,2300032360,P,P,P,P,P,P,A,A
3840,KOTTI JESSI KUSUMA RATNAM,CSE,CSE2,C2,RS21,C625,2300032379,A,A,A,A,A,A,A,A
3841,DEVI PRAVEEN KUMAR GRANDHI,CSE,CSE2,C2,RS21,C625,2300032391,A,A,A,A,A,A,A,A
3842,KONA DEVI SRUJANA,CSE,CSE2,C2,RS21,C625,2300032416,A,A,A,A,A,A,A,A
3843,SHAIK ARSHAD,CSE,CSE2,C2,RS21,C625,2300032443,A,A,A,A,A,A,A,A
3844,DONTIREDDY CHARAN KRISHNA REDDY,CSE,CSE2,C2,RS21,C625,2300032470,P,P,P,P,P,P,P,P
3845,VAARSHIKHPONNAM,CSE,CSE4,C2,RS21,C625,2300032502,P,P,P,P,P,P,P,P
3846,CH VENKATA HIMA SRI,CSE,CSE2,C2,RS21,C625,2300032519,P,P,P,P,P,P,P,P
3847,SIGATAPU MURALI MOHAN,CSE,CSE2,C2,RS21,C625,2300032528,A,A,A,A,A,A,A,A
3848,PASUPULETI CHANDANA RAJA SRI,CSE,CSE1,C1,RS21,C625,2300032540,P,P,P,P,P,P,P,P
3849,AKANKSHA LOSHETTY,CSE,CSE2,C2,RS21,C625,2300032592,P,P,A,A,A,A,A,A
3850,MATURI KOUSHIK,CSE,CSE2,C2,RS21,C625,2300032601,P,P,P,P,P,P,P,P
3851,MORAREDDY HIMASRI REDDY,CSE,CSE2,C2,RS21,C625,2300032738,P,P,P,P,P,P,P,P
3852,KANAPARTHI VENKATA SAI SIDDHARTHA,CSE,CSE2,C2,RS21,C625,2300032769,P,P,A,A,A,A,A,A
3853,POTTI MANI RATNA SAI VIGNESH,CSE,CSE4,C2,RS21,C625,2300032780,P,P,P,P,P,P,P,P
3854,ADDANKI VENKATESH BABU,CSE,CSE2,C2,RS21,C625,2300032827,A,A,A,A,A,A,A,A
3855,SAI AKASH PRAGALLAPATI,CSE,CSE2,C2,RS21,C625,2300032837,P,P,P,P,P,P,P,P
3856,LONIKA KAMALAPURAM,CSE,CSE2,C2,RS21,C625,2300032890,P,P,A,A,A,A,P,P
3857,GOWTHAMI KAVURU,CSE,CSE1,C1,RS21,C625,2300032925,P,P,P,P,P,P,P,P
3858,ALEKHYA MEDATATI,CSE,CSE2,C2,RS21,C625,2300032926,P,P,P,P,P,P,P,P
3859,HARISH BUGATHA,CSE,CSE4,C2,RS21,C625,2300032959,A,A,A,A,A,A,A,A
3860,MEKALA BALAJI,CSE,CSE4,C2,RS21,C625,2300032964,P,P,P,P,P,P,P,P
3861,GEETHIKA GUDE,CSE,CSE1,C1,RS21,C625,2300032971,A,A,A,A,A,A,A,A
3862,KATIKA FAYAZ,CSE,CSE1,C1,RS21,C625,2300032982,A,A,A,A,A,A,A,A
3863,ALA VENKATESWARA RAO YADAV,CSE,CSE2,C2,RS21,C625,2300033070,P,P,P,P,P,P,P,P
3864,CHEBROLU CHAITHANYA KUMAR,CSE,CSE2,C2,RS21,C625,2300033094,A,A,A,A,A,A,A,A
3865,PENMETSA VYSHNAVI DEVI,CSE,CSE2,C2,RS21,C625,2300033157,A,A,A,A,A,A,A,A
3866,KOVVURI NAGENDRAVATHI,CSE,CSE2,C2,RS21,C625,2300033215,A,A,A,A,A,A,A,A
3867,SOHAN SRI SAI NANDAM,CSE,CSE2,C2,RS21,C625,2300033258,P,P,P,P,P,P,P,P
3868,ANNEPU RANJITH KIRAN,CSE,CSE1,C1,RS21,C625,2300033276,A,A,A,A,A,A,A,A
3869,PRANAVI REDDY,CSE,CSE2,C2,RS21,C625,2300033294,A,A,A,A,A,A,A,A
3870,JAGADEESH KAMALAPURI,CSE,CSE4,C2,RS21,C625,2300033307,P,P,A,A,A,A,A,A
3871,VELPURU SAI NIKHIL,CSE,CSE2,C2,RS21,C625,2300033330,A,A,A,A,A,A,A,A
3872,TRINAYANI YAMMANURU,CSE,CSE1,C1,RS21,C625,2300033335,A,A,A,A,A,A,A,A
3873,SAHASRA KOLUKULURI,CSE,CSE2,C2,RS21,C625,2300033360,A,A,A,A,A,A,A,A
3874,PALADUGU HARIPRIYA,CSE,CSE4,C2,RS21,C625,2300033364,A,A,A,A,A,A,A,A
3875,DATLA SAI AKSHITA,CSE,CSE2,C2,RS21,C625,2300033378,P,P,A,A,A,A,A,A
3876,V.V.N.R THANUSREE,CSE,CSE4,C2,RS21,C625,2300033415,P,P,P,P,P,P,P,P
3877,KOVURI SAI TEJA,CSE,CSE2,C2,RS21,C625,2300033440,P,P,A,A,A,A,A,A
3878,PENDEM SARAYU,CSE,CSE4,C2,RS21,C625,2300033537,P,P,P,P,P,P,P,P
3879,KANDANALA VENUSRI NAGAVALLI,CSE,CSE2,C2,RS21,C625,2300033583,P,P,P,P,P,P,P,P
3880,PULIKHANDAM VARSHA,CSE,CSE2,C2,RS21,C625,2300033625,P,P,P,P,P,P,P,P
3881,G SARATH BABU,CSE,CSE2,C2,RS21,C625,2300033633,A,A,A,A,A,A,A,A
3882,PRAVEENA ASAPU,CSE,CSE2,C2,RS21,C625,2300033652,A,A,A,A,A,A,A,A
3883,BOGGAVARAPU NAGA SAI LAKSHMI NISHITHA,CSE,CSE2,C2,RS21,C625,2300033708,P,P,P,P,P,P,P,P
3884,SUSHMA SRI KALLEPALLI,CSE,CSE1,C1,RS21,C625,2300033836,P,P,P,P,P,P,P,P
3885,SIRUMALA HITESH REDDY,CSE,CSE4,C2,RS21,C625,2300030643,P,P,P,P,P,P,P,P